  0
SECTION
  2
HEADER
  9
$ACADVER
  1
AC1024
  9
$ACADMAINTVER
 70
6
  9
$DWGCODEPAGE
  3
ANSI_1252
  9
$LASTSAVEDBY
  1
ezdxf
  9
$INSBASE
 10
0.0
 20
0.0
 30
0.0
  9
$EXTMIN
 10
1e+20
 20
1e+20
 30
1e+20
  9
$EXTMAX
 10
-1e+20
 20
-1e+20
 30
-1e+20
  9
$LIMMIN
 10
0.0
 20
0.0
  9
$LIMMAX
 10
420.0
 20
297.0
  9
$ORTHOMODE
 70
0
  9
$REGENMODE
 70
1
  9
$FILLMODE
 70
1
  9
$QTEXTMODE
 70
0
  9
$MIRRTEXT
 70
1
  9
$LTSCALE
 40
1.0
  9
$ATTMODE
 70
1
  9
$TEXTSIZE
 40
2.5
  9
$TRACEWID
 40
1.0
  9
$TEXTSTYLE
  7
OpenSans
  9
$CLAYER
  8
0
  9
$CELTYPE
  6
ByLayer
  9
$CECOLOR
 62
256
  9
$CELTSCALE
 40
1.0
  9
$DISPSILH
 70
0
  9
$DIMSCALE
 40
1.0
  9
$DIMASZ
 40
0.175
  9
$DIMEXO
 40
0.125
  9
$DIMDLI
 40
3.75
  9
$DIMRND
 40
0.0
  9
$DIMDLE
 40
0.0
  9
$DIMEXE
 40
0.375
  9
$DIMTP
 40
0.0
  9
$DIMTM
 40
0.0
  9
$DIMTXT
 40
0.25
  9
$DIMCEN
 40
2.5
  9
$DIMTSZ
 40
0.0
  9
$DIMTOL
 70
0
  9
$DIMLIM
 70
0
  9
$DIMTIH
 70
0
  9
$DIMTOH
 70
0
  9
$DIMSE1
 70
0
  9
$DIMSE2
 70
0
  9
$DIMTAD
 70
1
  9
$DIMZIN
 70
12
  9
$DIMBLK
  1
ARCHTICK
  9
$DIMASO
 70
1
  9
$DIMSHO
 70
1
  9
$DIMPOST
  1

  9
$DIMAPOST
  1

  9
$DIMALT
 70
0
  9
$DIMALTD
 70
3
  9
$DIMALTF
 40
0.03937007874
  9
$DIMLFAC
 40
100.0
  9
$DIMTOFL
 70
1
  9
$DIMTVP
 40
0.0
  9
$DIMTIX
 70
0
  9
$DIMSOXD
 70
0
  9
$DIMSAH
 70
0
  9
$DIMBLK1
  1

  9
$DIMBLK2
  1

  9
$DIMSTYLE
  2
EZDXF
  9
$DIMCLRD
 70
0
  9
$DIMCLRE
 70
0
  9
$DIMCLRT
 70
0
  9
$DIMTFAC
 40
0.5
  9
$DIMGAP
 40
0.1
  9
$DIMJUST
 70
0
  9
$DIMSD1
 70
0
  9
$DIMSD2
 70
0
  9
$DIMTOLJ
 70
0
  9
$DIMTZIN
 70
8
  9
$DIMALTZ
 70
0
  9
$DIMALTTZ
 70
0
  9
$DIMUPT
 70
1
  9
$DIMDEC
 70
2
  9
$DIMTDEC
 70
2
  9
$DIMALTU
 70
2
  9
$DIMALTTD
 70
3
  9
$DIMTXSTY
  7
OpenSansCondensed-Light
  9
$DIMAUNIT
 70
0
  9
$DIMADEC
 70
2
  9
$DIMALTRND
 40
0.0
  9
$DIMAZIN
 70
3
  9
$DIMDSEP
 70
46
  9
$DIMATFIT
 70
3
  9
$DIMFRAC
 70
0
  9
$DIMLDRBLK
  1

  9
$DIMLUNIT
 70
2
  9
$DIMLWD
 70
-2
  9
$DIMLWE
 70
-2
  9
$DIMTMOVE
 70
2
  9
$DIMFXL
 40
1.0
  9
$DIMFXLON
 70
0
  9
$DIMJOGANG
 40
0.785398163397
  9
$DIMTFILL
 70
0
  9
$DIMTFILLCLR
 70
0
  9
$DIMARCSYM
 70
0
  9
$DIMLTYPE
  6

  9
$DIMLTEX1
  6

  9
$DIMLTEX2
  6

  9
$DIMTXTDIRECTION
 70
0
  9
$LUNITS
 70
2
  9
$LUPREC
 70
4
  9
$SKETCHINC
 40
1.0
  9
$FILLETRAD
 40
10.0
  9
$AUNITS
 70
0
  9
$AUPREC
 70
2
  9
$MENU
  1
.
  9
$ELEVATION
 40
0.0
  9
$PELEVATION
 40
0.0
  9
$THICKNESS
 40
0.0
  9
$LIMCHECK
 70
0
  9
$CHAMFERA
 40
0.0
  9
$CHAMFERB
 40
0.0
  9
$CHAMFERC
 40
0.0
  9
$CHAMFERD
 40
0.0
  9
$SKPOLY
 70
0
  9
$TDCREATE
 40
2461256.682974537
  9
$TDUCREATE
 40
2458532.153996898
  9
$TDUPDATE
 40
2461256.682974537
  9
$TDUUPDATE
 40
2458532.1544311
  9
$TDINDWG
 40
0.0
  9
$TDUSRTIMER
 40
0.0
  9
$USRTIMER
 70
1
  9
$ANGBASE
 50
0.0
  9
$ANGDIR
 70
0
  9
$PDMODE
 70
0
  9
$PDSIZE
 40
0.0
  9
$PLINEWID
 40
0.0
  9
$SPLFRAME
 70
0
  9
$SPLINETYPE
 70
6
  9
$SPLINESEGS
 70
8
  9
$HANDSEED
  5
639
  9
$SURFTAB1
 70
6
  9
$SURFTAB2
 70
6
  9
$SURFTYPE
 70
6
  9
$SURFU
 70
6
  9
$SURFV
 70
6
  9
$UCSBASE
  2

  9
$UCSNAME
  2

  9
$UCSORG
 10
0.0
 20
0.0
 30
0.0
  9
$UCSXDIR
 10
1.0
 20
0.0
 30
0.0
  9
$UCSYDIR
 10
0.0
 20
1.0
 30
0.0
  9
$UCSORTHOREF
  2

  9
$UCSORTHOVIEW
 70
0
  9
$UCSORGTOP
 10
0.0
 20
0.0
 30
0.0
  9
$UCSORGBOTTOM
 10
0.0
 20
0.0
 30
0.0
  9
$UCSORGLEFT
 10
0.0
 20
0.0
 30
0.0
  9
$UCSORGRIGHT
 10
0.0
 20
0.0
 30
0.0
  9
$UCSORGFRONT
 10
0.0
 20
0.0
 30
0.0
  9
$UCSORGBACK
 10
0.0
 20
0.0
 30
0.0
  9
$PUCSBASE
  2

  9
$PUCSNAME
  2

  9
$PUCSORG
 10
0.0
 20
0.0
 30
0.0
  9
$PUCSXDIR
 10
1.0
 20
0.0
 30
0.0
  9
$PUCSYDIR
 10
0.0
 20
1.0
 30
0.0
  9
$PUCSORTHOREF
  2

  9
$PUCSORTHOVIEW
 70
0
  9
$PUCSORGTOP
 10
0.0
 20
0.0
 30
0.0
  9
$PUCSORGBOTTOM
 10
0.0
 20
0.0
 30
0.0
  9
$PUCSORGLEFT
 10
0.0
 20
0.0
 30
0.0
  9
$PUCSORGRIGHT
 10
0.0
 20
0.0
 30
0.0
  9
$PUCSORGFRONT
 10
0.0
 20
0.0
 30
0.0
  9
$PUCSORGBACK
 10
0.0
 20
0.0
 30
0.0
  9
$USERI1
 70
0
  9
$USERI2
 70
0
  9
$USERI3
 70
0
  9
$USERI4
 70
0
  9
$USERI5
 70
0
  9
$USERR1
 40
0.0
  9
$USERR2
 40
0.0
  9
$USERR3
 40
0.0
  9
$USERR4
 40
0.0
  9
$USERR5
 40
0.0
  9
$WORLDVIEW
 70
1
  9
$SHADEDGE
 70
3
  9
$SHADEDIF
 70
70
  9
$TILEMODE
 70
1
  9
$MAXACTVP
 70
64
  9
$PINSBASE
 10
0.0
 20
0.0
 30
0.0
  9
$PLIMCHECK
 70
0
  9
$PEXTMIN
 10
1e+20
 20
1e+20
 30
1e+20
  9
$PEXTMAX
 10
-1e+20
 20
-1e+20
 30
-1e+20
  9
$PLIMMIN
 10
0.0
 20
0.0
  9
$PLIMMAX
 10
420.0
 20
297.0
  9
$UNITMODE
 70
0
  9
$VISRETAIN
 70
1
  9
$PLINEGEN
 70
0
  9
$PSLTSCALE
 70
1
  9
$TREEDEPTH
 70
3020
  9
$CMLSTYLE
  2
Standard
  9
$CMLJUST
 70
0
  9
$CMLSCALE
 40
20.0
  9
$PROXYGRAPHICS
 70
1
  9
$MEASUREMENT
 70
1
  9
$CELWEIGHT
370
-1
  9
$ENDCAPS
280
0
  9
$JOINSTYLE
280
0
  9
$LWDISPLAY
290
0
  9
$INSUNITS
 70
6
  9
$HYPERLINKBASE
  1

  9
$STYLESHEET
  1

  9
$XEDIT
290
1
  9
$CEPSNTYPE
380
0
  9
$PSTYLEMODE
290
1
  9
$FINGERPRINTGUID
  2
{E80C5921-0CBF-47CF-B5F5-CB7266E2348D}
  9
$VERSIONGUID
  2
{DC85307E-18B2-4050-8BD4-3C4CF8A61BD3}
  9
$EXTNAMES
290
1
  9
$PSVPSCALE
 40
0.0
  9
$OLESTARTUP
290
0
  9
$SORTENTS
280
127
  9
$INDEXCTL
280
0
  9
$HIDETEXT
280
1
  9
$XCLIPFRAME
280
1
  9
$HALOGAP
280
0
  9
$OBSCOLOR
 70
257
  9
$OBSLTYPE
280
0
  9
$INTERSECTIONDISPLAY
280
0
  9
$INTERSECTIONCOLOR
 70
257
  9
$DIMASSOC
280
2
  9
$PROJECTNAME
  1

  9
$CAMERADISPLAY
290
0
  9
$LENSLENGTH
 40
50.0
  9
$CAMERAHEIGHT
 40
0.0
  9
$STEPSPERSEC
 40
24.0
  9
$STEPSIZE
 40
100.0
  9
$3DDWFPREC
 40
2.0
  9
$PSOLWIDTH
 40
0.005
  9
$PSOLHEIGHT
 40
0.08
  9
$LOFTANG1
 40
1.570796326795
  9
$LOFTANG2
 40
1.570796326795
  9
$LOFTMAG1
 40
0.0
  9
$LOFTMAG2
 40
0.0
  9
$LOFTPARAM
 70
7
  9
$LOFTNORMALS
280
1
  9
$LATITUDE
 40
37.795
  9
$LONGITUDE
 40
-122.394
  9
$NORTHDIRECTION
 40
0.0
  9
$TIMEZONE
 70
-8000
  9
$LIGHTGLYPHDISPLAY
280
1
  9
$TILEMODELIGHTSYNCH
280
1
  9
$CMATERIAL
347
20
  9
$SOLIDHIST
280
0
  9
$SHOWHIST
280
1
  9
$DWFFRAME
280
2
  9
$DGNFRAME
280
2
  9
$REALWORLDSCALE
290
1
  9
$INTERFERECOLOR
 62
256
  9
$CSHADOW
280
0
  9
$SHADOWPLANELOCATION
 40
0.0
  0
ENDSEC
  0
SECTION
  2
CLASSES
  0
CLASS
  1
ACDBDICTIONARYWDFLT
  2
AcDbDictionaryWithDefault
  3
ObjectDBX Classes
 90
0
 91
0
280
0
281
0
  0
CLASS
  1
SUN
  2
AcDbSun
  3
SCENEOE
 90
1153
 91
0
280
0
281
0
  0
CLASS
  1
VISUALSTYLE
  2
AcDbVisualStyle
  3
ObjectDBX Classes
 90
4095
 91
0
280
0
281
0
  0
CLASS
  1
MATERIAL
  2
AcDbMaterial
  3
ObjectDBX Classes
 90
1153
 91
0
280
0
281
0
  0
CLASS
  1
SCALE
  2
AcDbScale
  3
ObjectDBX Classes
 90
1153
 91
0
280
0
281
0
  0
CLASS
  1
TABLESTYLE
  2
AcDbTableStyle
  3
ObjectDBX Classes
 90
4095
 91
0
280
0
281
0
  0
CLASS
  1
MLEADERSTYLE
  2
AcDbMLeaderStyle
  3
ACDB_MLEADERSTYLE_CLASS
 90
4095
 91
0
280
0
281
0
  0
CLASS
  1
DICTIONARYVAR
  2
AcDbDictionaryVar
  3
ObjectDBX Classes
 90
0
 91
0
280
0
281
0
  0
CLASS
  1
CELLSTYLEMAP
  2
AcDbCellStyleMap
  3
ObjectDBX Classes
 90
1152
 91
0
280
0
281
0
  0
CLASS
  1
MENTALRAYRENDERSETTINGS
  2
AcDbMentalRayRenderSettings
  3
SCENEOE
 90
1024
 91
0
280
0
281
0
  0
CLASS
  1
ACDBDETAILVIEWSTYLE
  2
AcDbDetailViewStyle
  3
ObjectDBX Classes
 90
1025
 91
0
280
0
281
0
  0
CLASS
  1
ACDBSECTIONVIEWSTYLE
  2
AcDbSectionViewStyle
  3
ObjectDBX Classes
 90
1025
 91
0
280
0
281
0
  0
CLASS
  1
RASTERVARIABLES
  2
AcDbRasterVariables
  3
ISM
 90
0
 91
0
280
0
281
0
  0
CLASS
  1
ACDBPLACEHOLDER
  2
AcDbPlaceHolder
  3
ObjectDBX Classes
 90
0
 91
0
280
0
281
0
  0
CLASS
  1
LAYOUT
  2
AcDbLayout
  3
ObjectDBX Classes
 90
0
 91
0
280
0
281
0
  0
ENDSEC
  0
SECTION
  2
TABLES
  0
TABLE
  2
VPORT
  5
8
330
0
100
AcDbSymbolTable
 70
1
  0
VPORT
  5
635
330
8
100
AcDbSymbolTableRecord
100
AcDbViewportTableRecord
  2
*Active
 70
0
 10
0.0
 20
0.0
 11
1.0
 21
1.0
 12
31.360000000000003
 22
44.31999999999999
 13
0.0
 23
0.0
 14
0.5
 24
0.5
 15
0.5
 25
0.5
 16
0.0
 26
0.0
 36
1.0
 17
0.0
 27
0.0
 37
0.0
 40
106.656
 41
1.34
 42
50.0
 43
0.0
 44
0.0
 50
0.0
 51
0.0
 71
0
 72
1000
 73
1
 74
3
 75
0
 76
0
 77
0
 78
0
281
0
 65
1
110
0.0
120
0.0
130
0.0
111
1.0
121
0.0
131
0.0
112
0.0
122
1.0
132
0.0
 79
0
146
0.0
  0
ENDTAB
  0
TABLE
  2
LTYPE
  5
2
330
0
100
AcDbSymbolTable
 70
21
  0
LTYPE
  5
24
330
2
100
AcDbSymbolTableRecord
100
AcDbLinetypeTableRecord
  2
ByBlock
 70
0
  3

 72
65
 73
0
 40
0.0
  0
LTYPE
  5
25
330
2
100
AcDbSymbolTableRecord
100
AcDbLinetypeTableRecord
  2
ByLayer
 70
0
  3

 72
65
 73
0
 40
0.0
  0
LTYPE
  5
26
330
2
100
AcDbSymbolTableRecord
100
AcDbLinetypeTableRecord
  2
Continuous
 70
0
  3

 72
65
 73
0
 40
0.0
  0
LTYPE
  5
2F
330
2
100
AcDbSymbolTableRecord
100
AcDbLinetypeTableRecord
  2
CENTER
 70
0
  3
Center ____ _ ____ _ ____ _ ____ _ ____ _ ____
 72
65
 73
4
 40
5.08
 49
3.175
 74
0
 49
-0.635
 74
0
 49
0.635
 74
0
 49
-0.635
 74
0
  0
LTYPE
  5
30
330
2
100
AcDbSymbolTableRecord
100
AcDbLinetypeTableRecord
  2
CENTERX2
 70
0
  3
Center (2x) ________  __  ________  __  ________
 72
65
 73
4
 40
8.89
 49
6.35
 74
0
 49
-0.635
 74
0
 49
1.27
 74
0
 49
-0.635
 74
0
  0
LTYPE
  5
31
330
2
100
AcDbSymbolTableRecord
100
AcDbLinetypeTableRecord
  2
CENTER2
 70
0
  3
Center (.5x) ____ _ ____ _ ____ _ ____ _ ____
 72
65
 73
4
 40
2.54
 49
1.587
 74
0
 49
-0.318
 74
0
 49
0.318
 74
0
 49
-0.318
 74
0
  0
LTYPE
  5
32
330
2
100
AcDbSymbolTableRecord
100
AcDbLinetypeTableRecord
  2
DASHED
 70
0
  3
Dashed __ __ __ __ __ __ __ __ __ __ __ __ __ _
 72
65
 73
2
 40
1.524
 49
1.27
 74
0
 49
-0.254
 74
0
  0
LTYPE
  5
33
330
2
100
AcDbSymbolTableRecord
100
AcDbLinetypeTableRecord
  2
DASHEDX2
 70
0
  3
Dashed (2x) ____  ____  ____  ____  ____  ____
 72
65
 73
2
 40
3.048
 49
2.54
 74
0
 49
-0.508
 74
0
  0
LTYPE
  5
34
330
2
100
AcDbSymbolTableRecord
100
AcDbLinetypeTableRecord
  2
DASHED2
 70
0
  3
Dashed (.5x) _ _ _ _ _ _ _ _ _ _ _ _ _ _
 72
65
 73
2
 40
0.762
 49
0.635
 74
0
 49
-0.127
 74
0
  0
LTYPE
  5
35
330
2
100
AcDbSymbolTableRecord
100
AcDbLinetypeTableRecord
  2
PHANTOM
 70
0
  3
Phantom ______  __  __  ______  __  __  ______
 72
65
 73
6
 40
6.35
 49
3.175
 74
0
 49
-0.635
 74
0
 49
0.635
 74
0
 49
-0.635
 74
0
 49
0.635
 74
0
 49
-0.635
 74
0
  0
LTYPE
  5
36
330
2
100
AcDbSymbolTableRecord
100
AcDbLinetypeTableRecord
  2
PHANTOMX2
 70
0
  3
Phantom (2x)____________    ____    ____    ____________
 72
65
 73
6
 40
10.795
 49
6.35
 74
0
 49
-0.635
 74
0
 49
1.27
 74
0
 49
-0.635
 74
0
 49
1.27
 74
0
 49
-0.635
 74
0
  0
LTYPE
  5
37
330
2
100
AcDbSymbolTableRecord
100
AcDbLinetypeTableRecord
  2
PHANTOM2
 70
0
  3
Phantom (.5x) ___ _ _ ___ _ _ ___ _ _ ___ _ _ ___
 72
65
 73
6
 40
3.175
 49
1.587
 74
0
 49
-0.318
 74
0
 49
0.318
 74
0
 49
-0.318
 74
0
 49
0.318
 74
0
 49
-0.318
 74
0
  0
LTYPE
  5
38
330
2
100
AcDbSymbolTableRecord
100
AcDbLinetypeTableRecord
  2
DASHDOT
 70
0
  3
Dash dot __ . __ . __ . __ . __ . __ . __ . __
 72
65
 73
4
 40
3.556
 49
2.54
 74
0
 49
-0.508
 74
0
 49
0.0
 74
0
 49
-0.508
 74
0
  0
LTYPE
  5
39
330
2
100
AcDbSymbolTableRecord
100
AcDbLinetypeTableRecord
  2
DASHDOTX2
 70
0
  3
Dash dot (2x) ____  .  ____  .  ____  .  ____
 72
65
 73
4
 40
6.096
 49
5.08
 74
0
 49
-0.508
 74
0
 49
0.0
 74
0
 49
-0.508
 74
0
  0
LTYPE
  5
3A
330
2
100
AcDbSymbolTableRecord
100
AcDbLinetypeTableRecord
  2
DASHDOT2
 70
0
  3
Dash dot (.5x) _ . _ . _ . _ . _ . _ . _ . _
 72
65
 73
4
 40
1.778
 49
1.27
 74
0
 49
-0.254
 74
0
 49
0.0
 74
0
 49
-0.254
 74
0
  0
LTYPE
  5
3B
330
2
100
AcDbSymbolTableRecord
100
AcDbLinetypeTableRecord
  2
DOT
 70
0
  3
Dot .  .  .  .  .  .  .  .  .  .  .  .  .  .  .  .
 72
65
 73
2
 40
0.508
 49
0.0
 74
0
 49
-0.508
 74
0
  0
LTYPE
  5
3C
330
2
100
AcDbSymbolTableRecord
100
AcDbLinetypeTableRecord
  2
DOTX2
 70
0
  3
Dot (2x) .    .    .    .    .    .    .    . 
 72
65
 73
2
 40
1.016
 49
0.0
 74
0
 49
-1.016
 74
0
  0
LTYPE
  5
3D
330
2
100
AcDbSymbolTableRecord
100
AcDbLinetypeTableRecord
  2
DOT2
 70
0
  3
Dot (.5) . . . . . . . . . . . . . . . . . . . 
 72
65
 73
2
 40
0.254
 49
0.0
 74
0
 49
-0.254
 74
0
  0
LTYPE
  5
3E
330
2
100
AcDbSymbolTableRecord
100
AcDbLinetypeTableRecord
  2
DIVIDE
 70
0
  3
Divide __ . . __ . . __ . . __ . . __ . . __
 72
65
 73
6
 40
4.064
 49
2.54
 74
0
 49
-0.508
 74
0
 49
0.0
 74
0
 49
-0.508
 74
0
 49
0.0
 74
0
 49
-0.508
 74
0
  0
LTYPE
  5
3F
330
2
100
AcDbSymbolTableRecord
100
AcDbLinetypeTableRecord
  2
DIVIDEX2
 70
0
  3
Divide (2x) ____  . .  ____  . .  ____  . .  ____
 72
65
 73
6
 40
6.604
 49
5.08
 74
0
 49
-0.508
 74
0
 49
0.0
 74
0
 49
-0.508
 74
0
 49
0.0
 74
0
 49
-0.508
 74
0
  0
LTYPE
  5
40
330
2
100
AcDbSymbolTableRecord
100
AcDbLinetypeTableRecord
  2
DIVIDE2
 70
0
  3
Divide(.5x) _ . _ . _ . _ . _ . _ . _ . _
 72
65
 73
6
 40
2.032
 49
1.27
 74
0
 49
-0.254
 74
0
 49
0.0
 74
0
 49
-0.254
 74
0
 49
0.0
 74
0
 49
-0.254
 74
0
  0
ENDTAB
  0
TABLE
  2
LAYER
  5
1
330
0
100
AcDbSymbolTable
 70
62
  0
LAYER
  5
27
330
1
100
AcDbSymbolTableRecord
100
AcDbLayerTableRecord
  2
0
 70
0
 62
7
  6
Continuous
370
-3
390
13
347
21
  0
LAYER
  5
28
330
1
100
AcDbSymbolTableRecord
100
AcDbLayerTableRecord
  2
Defpoints
 70
0
 62
7
  6
Continuous
290
0
370
-3
390
13
347
21
  0
LAYER
  5
8B
330
1
100
AcDbSymbolTableRecord
100
AcDbLayerTableRecord
  2
GL_FRAME
 70
0
 62
5
  6
Continuous
370
-3
390
13
347
21
  0
LAYER
  5
8C
330
1
100
AcDbSymbolTableRecord
100
AcDbLayerTableRecord
  2
GL_GRID
 70
0
 62
8
  6
Continuous
370
-3
390
13
347
21
  0
LAYER
  5
8D
330
1
100
AcDbSymbolTableRecord
100
AcDbLayerTableRecord
  2
GL_COL
 70
0
 62
1
  6
Continuous
370
-3
390
13
347
21
  0
LAYER
  5
8E
330
1
100
AcDbSymbolTableRecord
100
AcDbLayerTableRecord
  2
GL_BEAM
 70
0
 62
3
  6
Continuous
370
-3
390
13
347
21
  0
LAYER
  5
8F
330
1
100
AcDbSymbolTableRecord
100
AcDbLayerTableRecord
  2
GL_TEXT
 70
0
 62
7
  6
Continuous
370
-3
390
13
347
21
  0
LAYER
  5
90
330
1
100
AcDbSymbolTableRecord
100
AcDbLayerTableRecord
  2
GL_DIM
 70
0
 62
2
  6
Continuous
370
-3
390
13
347
21
  0
LAYER
  5
10A
330
1
100
AcDbSymbolTableRecord
100
AcDbLayerTableRecord
  2
1F_FRAME
 70
0
 62
5
  6
Continuous
370
-3
390
13
347
21
  0
LAYER
  5
10B
330
1
100
AcDbSymbolTableRecord
100
AcDbLayerTableRecord
  2
1F_GRID
 70
0
 62
8
  6
Continuous
370
-3
390
13
347
21
  0
LAYER
  5
10C
330
1
100
AcDbSymbolTableRecord
100
AcDbLayerTableRecord
  2
1F_COL
 70
0
 62
1
  6
Continuous
370
-3
390
13
347
21
  0
LAYER
  5
10D
330
1
100
AcDbSymbolTableRecord
100
AcDbLayerTableRecord
  2
1F_BEAM
 70
0
 62
3
  6
Continuous
370
-3
390
13
347
21
  0
LAYER
  5
10E
330
1
100
AcDbSymbolTableRecord
100
AcDbLayerTableRecord
  2
1F_TEXT
 70
0
 62
7
  6
Continuous
370
-3
390
13
347
21
  0
LAYER
  5
10F
330
1
100
AcDbSymbolTableRecord
100
AcDbLayerTableRecord
  2
1F_DIM
 70
0
 62
2
  6
Continuous
370
-3
390
13
347
21
  0
LAYER
  5
195
330
1
100
AcDbSymbolTableRecord
100
AcDbLayerTableRecord
  2
2F_FRAME
 70
0
 62
5
  6
Continuous
370
-3
390
13
347
21
  0
LAYER
  5
196
330
1
100
AcDbSymbolTableRecord
100
AcDbLayerTableRecord
  2
2F_GRID
 70
0
 62
8
  6
Continuous
370
-3
390
13
347
21
  0
LAYER
  5
197
330
1
100
AcDbSymbolTableRecord
100
AcDbLayerTableRecord
  2
2F_COL
 70
0
 62
1
  6
Continuous
370
-3
390
13
347
21
  0
LAYER
  5
198
330
1
100
AcDbSymbolTableRecord
100
AcDbLayerTableRecord
  2
2F_BEAM
 70
0
 62
3
  6
Continuous
370
-3
390
13
347
21
  0
LAYER
  5
199
330
1
100
AcDbSymbolTableRecord
100
AcDbLayerTableRecord
  2
2F_TEXT
 70
0
 62
7
  6
Continuous
370
-3
390
13
347
21
  0
LAYER
  5
19A
330
1
100
AcDbSymbolTableRecord
100
AcDbLayerTableRecord
  2
2F_DIM
 70
0
 62
2
  6
Continuous
370
-3
390
13
347
21
  0
LAYER
  5
220
330
1
100
AcDbSymbolTableRecord
100
AcDbLayerTableRecord
  2
3F_FRAME
 70
0
 62
5
  6
Continuous
370
-3
390
13
347
21
  0
LAYER
  5
221
330
1
100
AcDbSymbolTableRecord
100
AcDbLayerTableRecord
  2
3F_GRID
 70
0
 62
8
  6
Continuous
370
-3
390
13
347
21
  0
LAYER
  5
222
330
1
100
AcDbSymbolTableRecord
100
AcDbLayerTableRecord
  2
3F_COL
 70
0
 62
1
  6
Continuous
370
-3
390
13
347
21
  0
LAYER
  5
223
330
1
100
AcDbSymbolTableRecord
100
AcDbLayerTableRecord
  2
3F_BEAM
 70
0
 62
3
  6
Continuous
370
-3
390
13
347
21
  0
LAYER
  5
224
330
1
100
AcDbSymbolTableRecord
100
AcDbLayerTableRecord
  2
3F_TEXT
 70
0
 62
7
  6
Continuous
370
-3
390
13
347
21
  0
LAYER
  5
225
330
1
100
AcDbSymbolTableRecord
100
AcDbLayerTableRecord
  2
3F_DIM
 70
0
 62
2
  6
Continuous
370
-3
390
13
347
21
  0
LAYER
  5
2AB
330
1
100
AcDbSymbolTableRecord
100
AcDbLayerTableRecord
  2
ELEV_Y1_FRAME
 70
0
 62
5
  6
Continuous
370
-3
390
13
347
21
  0
LAYER
  5
2AC
330
1
100
AcDbSymbolTableRecord
100
AcDbLayerTableRecord
  2
ELEV_Y1_GRID
 70
0
 62
8
  6
Continuous
370
-3
390
13
347
21
  0
LAYER
  5
2AD
330
1
100
AcDbSymbolTableRecord
100
AcDbLayerTableRecord
  2
ELEV_Y1_COL
 70
0
 62
1
  6
Continuous
370
-3
390
13
347
21
  0
LAYER
  5
2AE
330
1
100
AcDbSymbolTableRecord
100
AcDbLayerTableRecord
  2
ELEV_Y1_BEAM
 70
0
 62
3
  6
Continuous
370
-3
390
13
347
21
  0
LAYER
  5
2AF
330
1
100
AcDbSymbolTableRecord
100
AcDbLayerTableRecord
  2
ELEV_Y1_TEXT
 70
0
 62
7
  6
Continuous
370
-3
390
13
347
21
  0
LAYER
  5
2B0
330
1
100
AcDbSymbolTableRecord
100
AcDbLayerTableRecord
  2
ELEV_Y1_DIM
 70
0
 62
2
  6
Continuous
370
-3
390
13
347
21
  0
LAYER
  5
342
330
1
100
AcDbSymbolTableRecord
100
AcDbLayerTableRecord
  2
ELEV_Y2_FRAME
 70
0
 62
5
  6
Continuous
370
-3
390
13
347
21
  0
LAYER
  5
343
330
1
100
AcDbSymbolTableRecord
100
AcDbLayerTableRecord
  2
ELEV_Y2_GRID
 70
0
 62
8
  6
Continuous
370
-3
390
13
347
21
  0
LAYER
  5
344
330
1
100
AcDbSymbolTableRecord
100
AcDbLayerTableRecord
  2
ELEV_Y2_COL
 70
0
 62
1
  6
Continuous
370
-3
390
13
347
21
  0
LAYER
  5
345
330
1
100
AcDbSymbolTableRecord
100
AcDbLayerTableRecord
  2
ELEV_Y2_BEAM
 70
0
 62
3
  6
Continuous
370
-3
390
13
347
21
  0
LAYER
  5
346
330
1
100
AcDbSymbolTableRecord
100
AcDbLayerTableRecord
  2
ELEV_Y2_TEXT
 70
0
 62
7
  6
Continuous
370
-3
390
13
347
21
  0
LAYER
  5
347
330
1
100
AcDbSymbolTableRecord
100
AcDbLayerTableRecord
  2
ELEV_Y2_DIM
 70
0
 62
2
  6
Continuous
370
-3
390
13
347
21
  0
LAYER
  5
3D9
330
1
100
AcDbSymbolTableRecord
100
AcDbLayerTableRecord
  2
ELEV_Y3_FRAME
 70
0
 62
5
  6
Continuous
370
-3
390
13
347
21
  0
LAYER
  5
3DA
330
1
100
AcDbSymbolTableRecord
100
AcDbLayerTableRecord
  2
ELEV_Y3_GRID
 70
0
 62
8
  6
Continuous
370
-3
390
13
347
21
  0
LAYER
  5
3DB
330
1
100
AcDbSymbolTableRecord
100
AcDbLayerTableRecord
  2
ELEV_Y3_COL
 70
0
 62
1
  6
Continuous
370
-3
390
13
347
21
  0
LAYER
  5
3DC
330
1
100
AcDbSymbolTableRecord
100
AcDbLayerTableRecord
  2
ELEV_Y3_BEAM
 70
0
 62
3
  6
Continuous
370
-3
390
13
347
21
  0
LAYER
  5
3DD
330
1
100
AcDbSymbolTableRecord
100
AcDbLayerTableRecord
  2
ELEV_Y3_TEXT
 70
0
 62
7
  6
Continuous
370
-3
390
13
347
21
  0
LAYER
  5
3DE
330
1
100
AcDbSymbolTableRecord
100
AcDbLayerTableRecord
  2
ELEV_Y3_DIM
 70
0
 62
2
  6
Continuous
370
-3
390
13
347
21
  0
LAYER
  5
470
330
1
100
AcDbSymbolTableRecord
100
AcDbLayerTableRecord
  2
ELEV_X1_FRAME
 70
0
 62
5
  6
Continuous
370
-3
390
13
347
21
  0
LAYER
  5
471
330
1
100
AcDbSymbolTableRecord
100
AcDbLayerTableRecord
  2
ELEV_X1_GRID
 70
0
 62
8
  6
Continuous
370
-3
390
13
347
21
  0
LAYER
  5
472
330
1
100
AcDbSymbolTableRecord
100
AcDbLayerTableRecord
  2
ELEV_X1_COL
 70
0
 62
1
  6
Continuous
370
-3
390
13
347
21
  0
LAYER
  5
473
330
1
100
AcDbSymbolTableRecord
100
AcDbLayerTableRecord
  2
ELEV_X1_BEAM
 70
0
 62
3
  6
Continuous
370
-3
390
13
347
21
  0
LAYER
  5
474
330
1
100
AcDbSymbolTableRecord
100
AcDbLayerTableRecord
  2
ELEV_X1_TEXT
 70
0
 62
7
  6
Continuous
370
-3
390
13
347
21
  0
LAYER
  5
475
330
1
100
AcDbSymbolTableRecord
100
AcDbLayerTableRecord
  2
ELEV_X1_DIM
 70
0
 62
2
  6
Continuous
370
-3
390
13
347
21
  0
LAYER
  5
507
330
1
100
AcDbSymbolTableRecord
100
AcDbLayerTableRecord
  2
ELEV_X2_FRAME
 70
0
 62
5
  6
Continuous
370
-3
390
13
347
21
  0
LAYER
  5
508
330
1
100
AcDbSymbolTableRecord
100
AcDbLayerTableRecord
  2
ELEV_X2_GRID
 70
0
 62
8
  6
Continuous
370
-3
390
13
347
21
  0
LAYER
  5
509
330
1
100
AcDbSymbolTableRecord
100
AcDbLayerTableRecord
  2
ELEV_X2_COL
 70
0
 62
1
  6
Continuous
370
-3
390
13
347
21
  0
LAYER
  5
50A
330
1
100
AcDbSymbolTableRecord
100
AcDbLayerTableRecord
  2
ELEV_X2_BEAM
 70
0
 62
3
  6
Continuous
370
-3
390
13
347
21
  0
LAYER
  5
50B
330
1
100
AcDbSymbolTableRecord
100
AcDbLayerTableRecord
  2
ELEV_X2_TEXT
 70
0
 62
7
  6
Continuous
370
-3
390
13
347
21
  0
LAYER
  5
50C
330
1
100
AcDbSymbolTableRecord
100
AcDbLayerTableRecord
  2
ELEV_X2_DIM
 70
0
 62
2
  6
Continuous
370
-3
390
13
347
21
  0
LAYER
  5
59E
330
1
100
AcDbSymbolTableRecord
100
AcDbLayerTableRecord
  2
ELEV_X3_FRAME
 70
0
 62
5
  6
Continuous
370
-3
390
13
347
21
  0
LAYER
  5
59F
330
1
100
AcDbSymbolTableRecord
100
AcDbLayerTableRecord
  2
ELEV_X3_GRID
 70
0
 62
8
  6
Continuous
370
-3
390
13
347
21
  0
LAYER
  5
5A0
330
1
100
AcDbSymbolTableRecord
100
AcDbLayerTableRecord
  2
ELEV_X3_COL
 70
0
 62
1
  6
Continuous
370
-3
390
13
347
21
  0
LAYER
  5
5A1
330
1
100
AcDbSymbolTableRecord
100
AcDbLayerTableRecord
  2
ELEV_X3_BEAM
 70
0
 62
3
  6
Continuous
370
-3
390
13
347
21
  0
LAYER
  5
5A2
330
1
100
AcDbSymbolTableRecord
100
AcDbLayerTableRecord
  2
ELEV_X3_TEXT
 70
0
 62
7
  6
Continuous
370
-3
390
13
347
21
  0
LAYER
  5
5A3
330
1
100
AcDbSymbolTableRecord
100
AcDbLayerTableRecord
  2
ELEV_X3_DIM
 70
0
 62
2
  6
Continuous
370
-3
390
13
347
21
  0
ENDTAB
  0
TABLE
  2
STYLE
  5
5
330
0
100
AcDbSymbolTable
 70
26
  0
STYLE
  5
29
330
5
100
AcDbSymbolTableRecord
100
AcDbTextStyleTableRecord
  2
Standard
 70
0
 40
0.0
 41
1.0
 50
0.0
 71
0
 42
2.5
  3
txt
  4

  0
STYLE
  5
41
330
5
100
AcDbSymbolTableRecord
100
AcDbTextStyleTableRecord
  2
OpenSans-Light
 70
0
 40
0.0
 41
1.0
 50
0.0
 71
0
 42
2.5
  3
OpenSans-Light.ttf
  4

  0
STYLE
  5
42
330
5
100
AcDbSymbolTableRecord
100
AcDbTextStyleTableRecord
  2
OpenSans-Light-Italic
 70
0
 40
0.0
 41
1.0
 50
0.0
 71
0
 42
2.5
  3
OpenSans-LightItalic.ttf
  4

  0
STYLE
  5
43
330
5
100
AcDbSymbolTableRecord
100
AcDbTextStyleTableRecord
  2
OpenSans
 70
0
 40
0.0
 41
1.0
 50
0.0
 71
0
 42
2.5
  3
OpenSans-Regular.ttf
  4

  0
STYLE
  5
44
330
5
100
AcDbSymbolTableRecord
100
AcDbTextStyleTableRecord
  2
OpenSans-Italic
 70
0
 40
0.0
 41
1.0
 50
0.0
 71
0
 42
2.5
  3
OpenSans-Italic.ttf
  4

  0
STYLE
  5
45
330
5
100
AcDbSymbolTableRecord
100
AcDbTextStyleTableRecord
  2
OpenSans-SemiBold
 70
0
 40
0.0
 41
1.0
 50
0.0
 71
0
 42
2.5
  3
OpenSans-SemiBold.ttf
  4

  0
STYLE
  5
46
330
5
100
AcDbSymbolTableRecord
100
AcDbTextStyleTableRecord
  2
OpenSans-SemiBoldItalic
 70
0
 40
0.0
 41
1.0
 50
0.0
 71
0
 42
2.5
  3
OpenSans-SemiBoldItalic.ttf
  4

  0
STYLE
  5
47
330
5
100
AcDbSymbolTableRecord
100
AcDbTextStyleTableRecord
  2
OpenSans-Bold
 70
0
 40
0.0
 41
1.0
 50
0.0
 71
0
 42
2.5
  3
OpenSans-Bold.ttf
  4

  0
STYLE
  5
48
330
5
100
AcDbSymbolTableRecord
100
AcDbTextStyleTableRecord
  2
OpenSans-BoldItalic
 70
0
 40
0.0
 41
1.0
 50
0.0
 71
0
 42
2.5
  3
OpenSans-BoldItalic.ttf
  4

  0
STYLE
  5
49
330
5
100
AcDbSymbolTableRecord
100
AcDbTextStyleTableRecord
  2
OpenSans-ExtraBold
 70
0
 40
0.0
 41
1.0
 50
0.0
 71
0
 42
2.5
  3
OpenSans-ExtraBold.ttf
  4

  0
STYLE
  5
4A
330
5
100
AcDbSymbolTableRecord
100
AcDbTextStyleTableRecord
  2
OpenSans-ExtraBoldItalic
 70
0
 40
0.0
 41
1.0
 50
0.0
 71
0
 42
2.5
  3
OpenSans-ExtraBoldItalic.ttf
  4

  0
STYLE
  5
4B
330
5
100
AcDbSymbolTableRecord
100
AcDbTextStyleTableRecord
  2
OpenSansCondensed-Bold
 70
0
 40
0.0
 41
1.0
 50
0.0
 71
0
 42
2.5
  3
OpenSansCondensed-Bold.ttf
  4

  0
STYLE
  5
4C
330
5
100
AcDbSymbolTableRecord
100
AcDbTextStyleTableRecord
  2
OpenSansCondensed-Light
 70
0
 40
0.0
 41
1.0
 50
0.0
 71
0
 42
2.5
  3
OpenSansCondensed-Light.ttf
  4

  0
STYLE
  5
4D
330
5
100
AcDbSymbolTableRecord
100
AcDbTextStyleTableRecord
  2
OpenSansCondensed-Italic
 70
0
 40
0.0
 41
1.0
 50
0.0
 71
0
 42
2.5
  3
OpenSansCondensed-LightItalic.ttf
  4

  0
STYLE
  5
4E
330
5
100
AcDbSymbolTableRecord
100
AcDbTextStyleTableRecord
  2
LiberationSans
 70
0
 40
0.0
 41
1.0
 50
0.0
 71
0
 42
2.5
  3
LiberationSans-Regular.ttf
  4

  0
STYLE
  5
4F
330
5
100
AcDbSymbolTableRecord
100
AcDbTextStyleTableRecord
  2
LiberationSans-Bold
 70
0
 40
0.0
 41
1.0
 50
0.0
 71
0
 42
2.5
  3
LiberationSans-Bold.ttf
  4

  0
STYLE
  5
50
330
5
100
AcDbSymbolTableRecord
100
AcDbTextStyleTableRecord
  2
LiberationSans-BoldItalic
 70
0
 40
0.0
 41
1.0
 50
0.0
 71
0
 42
2.5
  3
LiberationSans-BoldItalic.ttf
  4

  0
STYLE
  5
51
330
5
100
AcDbSymbolTableRecord
100
AcDbTextStyleTableRecord
  2
LiberationSans-Italic
 70
0
 40
0.0
 41
1.0
 50
0.0
 71
0
 42
2.5
  3
LiberationSans-Italic.ttf
  4

  0
STYLE
  5
52
330
5
100
AcDbSymbolTableRecord
100
AcDbTextStyleTableRecord
  2
LiberationSerif
 70
0
 40
0.0
 41
1.0
 50
0.0
 71
0
 42
2.5
  3
LiberationSerif-Regular.ttf
  4

  0
STYLE
  5
53
330
5
100
AcDbSymbolTableRecord
100
AcDbTextStyleTableRecord
  2
LiberationSerif-Bold
 70
0
 40
0.0
 41
1.0
 50
0.0
 71
0
 42
2.5
  3
LiberationSerif-Bold.ttf
  4

  0
STYLE
  5
54
330
5
100
AcDbSymbolTableRecord
100
AcDbTextStyleTableRecord
  2
LiberationSerif-BoldItalic
 70
0
 40
0.0
 41
1.0
 50
0.0
 71
0
 42
2.5
  3
LiberationSerif-BoldItalic.ttf
  4

  0
STYLE
  5
55
330
5
100
AcDbSymbolTableRecord
100
AcDbTextStyleTableRecord
  2
LiberationSerif-Italic
 70
0
 40
0.0
 41
1.0
 50
0.0
 71
0
 42
2.5
  3
LiberationSerif-Italic.ttf
  4

  0
STYLE
  5
56
330
5
100
AcDbSymbolTableRecord
100
AcDbTextStyleTableRecord
  2
LiberationMono
 70
0
 40
0.0
 41
1.0
 50
0.0
 71
0
 42
2.5
  3
LiberationMono-Regular.ttf
  4

  0
STYLE
  5
57
330
5
100
AcDbSymbolTableRecord
100
AcDbTextStyleTableRecord
  2
LiberationMono-Bold
 70
0
 40
0.0
 41
1.0
 50
0.0
 71
0
 42
2.5
  3
LiberationMono-Bold.ttf
  4

  0
STYLE
  5
58
330
5
100
AcDbSymbolTableRecord
100
AcDbTextStyleTableRecord
  2
LiberationMono-BoldItalic
 70
0
 40
0.0
 41
1.0
 50
0.0
 71
0
 42
2.5
  3
LiberationMono-BoldItalic.ttf
  4

  0
STYLE
  5
59
330
5
100
AcDbSymbolTableRecord
100
AcDbTextStyleTableRecord
  2
LiberationMono-Italic
 70
0
 40
0.0
 41
1.0
 50
0.0
 71
0
 42
2.5
  3
LiberationMono-Italic.ttf
  4

  0
ENDTAB
  0
TABLE
  2
VIEW
  5
7
330
0
100
AcDbSymbolTable
 70
0
  0
ENDTAB
  0
TABLE
  2
UCS
  5
6
330
0
100
AcDbSymbolTable
 70
0
  0
ENDTAB
  0
TABLE
  2
APPID
  5
3
330
0
100
AcDbSymbolTable
 70
3
  0
APPID
  5
2A
330
3
100
AcDbSymbolTableRecord
100
AcDbRegAppTableRecord
  2
ACAD
 70
0
  0
APPID
  5
636
330
3
100
AcDbSymbolTableRecord
100
AcDbRegAppTableRecord
  2
HATCHBACKGROUNDCOLOR
 70
0
  0
APPID
  5
637
330
3
100
AcDbSymbolTableRecord
100
AcDbRegAppTableRecord
  2
EZDXF
 70
0
  0
ENDTAB
  0
TABLE
  2
DIMSTYLE
  5
4
330
0
100
AcDbSymbolTable
 70
13
100
AcDbDimStyleTable
  0
DIMSTYLE
105
2B
330
4
100
AcDbSymbolTableRecord
100
AcDbDimStyleTableRecord
  2
Standard
 70
0
 40
1.0
 41
2.5
 42
0.625
 43
3.75
 44
1.25
 45
0.0
 46
0.0
 47
0.0
 48
0.0
 49
2.5
140
2.5
141
2.5
142
0.0
143
0.03937007874
144
1.0
145
0.0
146
1.0
147
0.625
148
0.0
 69
0
 70
0
 71
0
 72
0
 73
0
 74
0
 75
0
 76
0
 77
1
 78
8
 79
3
170
0
171
3
172
1
173
0
174
0
175
0
176
0
177
0
178
0
179
2
271
2
272
2
273
2
274
3
275
0
276
0
277
2
278
44
279
0
280
0
281
0
282
0
283
0
284
8
285
0
286
0
288
0
289
3
290
0
371
-2
372
-2
  0
DIMSTYLE
105
73
330
4
100
AcDbSymbolTableRecord
100
AcDbDimStyleTableRecord
  2
EZDXF
 70
0
 40
1.0
 41
0.175
 42
0.125
 43
3.75
 44
0.375
 45
0.0
 46
0.0
 47
0.0
 48
0.0
 49
2.5
140
0.25
141
2.5
142
0.0
143
0.03937007874
144
100.0
145
0.0
146
0.5
147
0.1
148
0.0
 69
0
 70
0
 71
0
 72
0
 73
0
 74
0
 75
0
 76
0
 77
1
 78
12
 79
3
170
0
171
3
172
1
173
0
174
0
175
0
176
0
177
0
178
0
179
2
271
2
272
2
273
2
274
3
275
0
276
0
277
2
278
46
279
2
280
0
281
0
282
0
283
0
284
8
285
0
286
0
288
1
289
3
290
0
340
4C
342
74
371
-2
372
-2
  0
DIMSTYLE
105
7C
330
4
100
AcDbSymbolTableRecord
100
AcDbDimStyleTableRecord
  2
EZ_M_100_H25_CM
 70
0
 40
1.0
 41
0.25
 42
0.125
 43
3.75
 44
0.375
 45
0.0
 46
0.0
 47
0.0
 48
0.0
 49
2.5
140
0.25
141
2.5
142
0.125
143
0.03937007874
144
100.0
145
0.0
146
0.5
147
0.1
148
0.0
 69
0
 70
0
 71
0
 72
0
 73
0
 74
0
 75
0
 76
0
 77
1
 78
12
 79
3
170
0
171
3
172
1
173
0
174
0
175
0
176
0
177
0
178
0
179
2
271
2
272
2
273
2
274
3
275
0
276
0
277
2
278
46
279
2
280
0
281
0
282
0
283
0
284
8
285
0
286
0
288
1
289
3
290
0
340
4C
371
-2
372
-2
  0
DIMSTYLE
105
7D
330
4
100
AcDbSymbolTableRecord
100
AcDbDimStyleTableRecord
  2
EZ_M_50_H25_CM
 70
0
 40
1.0
 41
0.125
 42
0.0625
 43
3.75
 44
0.1875
 45
0.0
 46
0.0
 47
0.0
 48
0.0
 49
2.5
140
0.125
141
2.5
142
0.0625
143
0.03937007874
144
100.0
145
0.0
146
0.5
147
0.05
148
0.0
 69
0
 70
0
 71
0
 72
0
 73
0
 74
0
 75
0
 76
0
 77
1
 78
12
 79
3
170
0
171
3
172
1
173
0
174
0
175
0
176
0
177
0
178
0
179
2
271
2
272
2
273
2
274
3
275
0
276
0
277
2
278
46
279
2
280
0
281
0
282
0
283
0
284
8
285
0
286
0
288
1
289
3
290
0
340
4C
371
-2
372
-2
  0
DIMSTYLE
105
7E
330
4
100
AcDbSymbolTableRecord
100
AcDbDimStyleTableRecord
  2
EZ_M_25_H25_CM
 70
0
 40
1.0
 41
0.0625
 42
0.03125
 43
3.75
 44
0.09375
 45
0.0
 46
0.0
 47
0.0
 48
0.0
 49
2.5
140
0.0625
141
2.5
142
0.03125
143
0.03937007874
144
100.0
145
0.0
146
0.5
147
0.025
148
0.0
 69
0
 70
0
 71
0
 72
0
 73
0
 74
0
 75
0
 76
0
 77
1
 78
12
 79
3
170
0
171
3
172
1
173
0
174
0
175
0
176
0
177
0
178
0
179
2
271
2
272
2
273
2
274
3
275
0
276
0
277
2
278
46
279
2
280
0
281
0
282
0
283
0
284
8
285
0
286
0
288
1
289
3
290
0
340
4C
371
-2
372
-2
  0
DIMSTYLE
105
7F
330
4
100
AcDbSymbolTableRecord
100
AcDbDimStyleTableRecord
  2
EZ_M_20_H25_CM
 70
0
 40
1.0
 41
0.05
 42
0.025
 43
3.75
 44
0.07500000000000001
 45
0.0
 46
0.0
 47
0.0
 48
0.0
 49
2.5
140
0.05
141
2.5
142
0.025
143
0.03937007874
144
100.0
145
0.0
146
0.5
147
0.020000000000000004
148
0.0
 69
0
 70
0
 71
0
 72
0
 73
0
 74
0
 75
0
 76
0
 77
1
 78
12
 79
3
170
0
171
3
172
1
173
0
174
0
175
0
176
0
177
0
178
0
179
2
271
2
272
2
273
2
274
3
275
0
276
0
277
2
278
46
279
2
280
0
281
0
282
0
283
0
284
8
285
0
286
0
288
1
289
3
290
0
340
4C
371
-2
372
-2
  0
DIMSTYLE
105
80
330
4
100
AcDbSymbolTableRecord
100
AcDbDimStyleTableRecord
  2
EZ_M_10_H25_CM
 70
0
 40
1.0
 41
0.025
 42
0.0125
 43
3.75
 44
0.037500000000000006
 45
0.0
 46
0.0
 47
0.0
 48
0.0
 49
2.5
140
0.025
141
2.5
142
0.0125
143
0.03937007874
144
100.0
145
0.0
146
0.5
147
0.010000000000000002
148
0.0
 69
0
 70
0
 71
0
 72
0
 73
0
 74
0
 75
0
 76
0
 77
1
 78
12
 79
3
170
0
171
3
172
1
173
0
174
0
175
0
176
0
177
0
178
0
179
2
271
2
272
2
273
2
274
3
275
0
276
0
277
2
278
46
279
2
280
0
281
0
282
0
283
0
284
8
285
0
286
0
288
1
289
3
290
0
340
4C
371
-2
372
-2
  0
DIMSTYLE
105
81
330
4
100
AcDbSymbolTableRecord
100
AcDbDimStyleTableRecord
  2
EZ_M_5_H25_CM
 70
0
 40
1.0
 41
0.0125
 42
0.00625
 43
3.75
 44
0.018750000000000003
 45
0.0
 46
0.0
 47
0.0
 48
0.0
 49
2.5
140
0.0125
141
2.5
142
0.00625
143
0.03937007874
144
100.0
145
0.0
146
0.5
147
0.005000000000000001
148
0.0
 69
0
 70
0
 71
0
 72
0
 73
0
 74
0
 75
0
 76
0
 77
1
 78
12
 79
3
170
0
171
3
172
1
173
0
174
0
175
0
176
0
177
0
178
0
179
2
271
2
272
2
273
2
274
3
275
0
276
0
277
2
278
46
279
2
280
0
281
0
282
0
283
0
284
8
285
0
286
0
288
1
289
3
290
0
340
4C
371
-2
372
-2
  0
DIMSTYLE
105
82
330
4
100
AcDbSymbolTableRecord
100
AcDbDimStyleTableRecord
  2
EZ_M_1_H25_CM
 70
0
 40
1.0
 41
0.0025
 42
0.00125
 43
3.75
 44
0.00375
 45
0.0
 46
0.0
 47
0.0
 48
0.0
 49
2.5
140
0.0025
141
2.5
142
0.00125
143
0.03937007874
144
100.0
145
0.0
146
0.5
147
0.001
148
0.0
 69
0
 70
0
 71
0
 72
0
 73
0
 74
0
 75
0
 76
0
 77
1
 78
12
 79
3
170
0
171
3
172
1
173
0
174
0
175
0
176
0
177
0
178
0
179
2
271
2
272
2
273
2
274
3
275
0
276
0
277
2
278
46
279
2
280
0
281
0
282
0
283
0
284
8
285
0
286
0
288
1
289
3
290
0
340
4C
371
-2
372
-2
  0
DIMSTYLE
105
83
330
4
100
AcDbSymbolTableRecord
100
AcDbDimStyleTableRecord
  2
EZ_RADIUS
 70
0
 40
1.0
 41
0.25
 42
0.125
 43
3.75
 44
0.375
 45
0.0
 46
0.0
 47
0.0
 48
0.0
 49
2.5
140
0.25
141
0.0
142
0.0
143
0.03937007874
144
100.0
145
0.0
146
0.5
147
0.1
148
0.0
 69
0
 70
0
 71
0
 72
0
 73
0
 74
0
 75
0
 76
0
 77
1
 78
12
 79
3
170
0
171
3
172
0
173
0
174
0
175
0
176
0
177
0
178
0
179
2
271
2
272
2
273
2
274
3
275
0
276
0
277
2
278
46
279
1
280
0
281
0
282
0
283
0
284
8
285
0
286
0
288
1
289
3
290
0
340
4C
342
84
371
-2
372
-2
  0
DIMSTYLE
105
88
330
4
100
AcDbSymbolTableRecord
100
AcDbDimStyleTableRecord
  2
EZ_RADIUS_INSIDE
 70
0
 40
1.0
 41
0.25
 42
0.125
 43
3.75
 44
0.375
 45
0.0
 46
0.0
 47
0.0
 48
0.0
 49
2.5
140
0.25
141
0.0
142
0.0
143
0.03937007874
144
100.0
145
0.0
146
0.5
147
0.1
148
0.0
 69
0
 70
0
 71
0
 72
0
 73
0
 74
0
 75
0
 76
0
 77
0
 78
12
 79
3
170
0
171
3
172
0
173
0
174
1
175
0
176
0
177
0
178
0
179
2
271
2
272
2
273
2
274
3
275
0
276
0
277
2
278
46
279
0
280
0
281
0
282
0
283
0
284
8
285
0
286
0
288
1
289
0
290
0
340
4C
342
84
371
-2
372
-2
  0
DIMSTYLE
105
89
330
4
100
AcDbSymbolTableRecord
100
AcDbDimStyleTableRecord
  2
EZ_CURVED
 70
0
 40
1.0
 41
0.25
 42
0.125
 43
3.75
 44
0.375
 45
0.0
 46
0.0
 47
0.0
 48
0.0
 49
2.5
140
0.25
141
2.5
142
0.0
143
0.03937007874
144
100.0
145
0.0
146
0.5
147
0.1
148
0.0
 69
0
 70
0
 71
0
 72
0
 73
0
 74
0
 75
0
 76
0
 77
1
 78
12
 79
2
 90
2
170
0
171
3
172
1
173
0
174
0
175
0
176
0
177
0
178
0
179
2
271
2
272
2
273
2
274
3
275
0
276
0
277
2
278
46
279
2
280
0
281
0
282
0
283
0
284
8
285
0
286
0
288
1
289
3
290
0
340
4C
371
-2
372
-2
  0
DIMSTYLE
105
8A
330
4
100
AcDbSymbolTableRecord
100
AcDbDimStyleTableRecord
  2
STRUCT_DIM
 70
0
 40
1.0
 41
0.32000000000000006
 42
0.12
 43
3.75
 44
0.16000000000000003
 45
0.0
 46
0.0
 47
0.0
 48
0.0
 49
2.5
140
0.4
141
2.5
142
0.0
143
0.03937007874
144
1.0
145
0.0
146
1.0
147
0.12
148
0.0
 69
0
 70
0
 71
0
 72
0
 73
0
 74
0
 75
0
 76
0
 77
1
 78
8
 79
3
170
0
171
3
172
1
173
0
174
0
175
0
176
0
177
0
178
2
179
2
271
2
272
2
273
2
274
3
275
0
276
0
277
2
278
46
279
0
280
0
281
0
282
0
283
0
284
8
285
0
286
0
288
0
289
3
290
0
371
-2
372
-2
  0
ENDTAB
  0
TABLE
  2
BLOCK_RECORD
  5
9
330
0
100
AcDbSymbolTable
 70
71
  0
BLOCK_RECORD
  5
17
330
9
100
AcDbSymbolTableRecord
100
AcDbBlockTableRecord
  2
*Model_Space
340
1A
 70
0
280
1
281
0
  0
BLOCK_RECORD
  5
1B
330
9
100
AcDbSymbolTableRecord
100
AcDbBlockTableRecord
  2
*Paper_Space
340
1E
 70
0
280
1
281
0
  0
BLOCK_RECORD
  5
74
330
9
100
AcDbSymbolTableRecord
100
AcDbBlockTableRecord
  2
_ARCHTICK
340
0
 70
0
280
1
281
0
  0
BLOCK_RECORD
  5
78
330
9
100
AcDbSymbolTableRecord
100
AcDbBlockTableRecord
  2
_CLOSEDFILLED
340
0
 70
0
280
1
281
0
  0
BLOCK_RECORD
  5
84
330
9
100
AcDbSymbolTableRecord
100
AcDbBlockTableRecord
  2
_CLOSEDBLANK
340
0
 70
0
280
1
281
0
  0
BLOCK_RECORD
  5
AB
330
9
100
AcDbSymbolTableRecord
100
AcDbBlockTableRecord
  2
*D1
340
0
 70
0
280
1
281
0
  0
BLOCK_RECORD
  5
BB
330
9
100
AcDbSymbolTableRecord
100
AcDbBlockTableRecord
  2
*D2
340
0
 70
0
280
1
281
0
  0
BLOCK_RECORD
  5
CB
330
9
100
AcDbSymbolTableRecord
100
AcDbBlockTableRecord
  2
*D3
340
0
 70
0
280
1
281
0
  0
BLOCK_RECORD
  5
DB
330
9
100
AcDbSymbolTableRecord
100
AcDbBlockTableRecord
  2
*D4
340
0
 70
0
280
1
281
0
  0
BLOCK_RECORD
  5
EB
330
9
100
AcDbSymbolTableRecord
100
AcDbBlockTableRecord
  2
*D5
340
0
 70
0
280
1
281
0
  0
BLOCK_RECORD
  5
FB
330
9
100
AcDbSymbolTableRecord
100
AcDbBlockTableRecord
  2
*D6
340
0
 70
0
280
1
281
0
  0
BLOCK_RECORD
  5
136
330
9
100
AcDbSymbolTableRecord
100
AcDbBlockTableRecord
  2
*D7
340
0
 70
0
280
1
281
0
  0
BLOCK_RECORD
  5
146
330
9
100
AcDbSymbolTableRecord
100
AcDbBlockTableRecord
  2
*D8
340
0
 70
0
280
1
281
0
  0
BLOCK_RECORD
  5
156
330
9
100
AcDbSymbolTableRecord
100
AcDbBlockTableRecord
  2
*D9
340
0
 70
0
280
1
281
0
  0
BLOCK_RECORD
  5
166
330
9
100
AcDbSymbolTableRecord
100
AcDbBlockTableRecord
  2
*D10
340
0
 70
0
280
1
281
0
  0
BLOCK_RECORD
  5
176
330
9
100
AcDbSymbolTableRecord
100
AcDbBlockTableRecord
  2
*D11
340
0
 70
0
280
1
281
0
  0
BLOCK_RECORD
  5
186
330
9
100
AcDbSymbolTableRecord
100
AcDbBlockTableRecord
  2
*D12
340
0
 70
0
280
1
281
0
  0
BLOCK_RECORD
  5
1C1
330
9
100
AcDbSymbolTableRecord
100
AcDbBlockTableRecord
  2
*D13
340
0
 70
0
280
1
281
0
  0
BLOCK_RECORD
  5
1D1
330
9
100
AcDbSymbolTableRecord
100
AcDbBlockTableRecord
  2
*D14
340
0
 70
0
280
1
281
0
  0
BLOCK_RECORD
  5
1E1
330
9
100
AcDbSymbolTableRecord
100
AcDbBlockTableRecord
  2
*D15
340
0
 70
0
280
1
281
0
  0
BLOCK_RECORD
  5
1F1
330
9
100
AcDbSymbolTableRecord
100
AcDbBlockTableRecord
  2
*D16
340
0
 70
0
280
1
281
0
  0
BLOCK_RECORD
  5
201
330
9
100
AcDbSymbolTableRecord
100
AcDbBlockTableRecord
  2
*D17
340
0
 70
0
280
1
281
0
  0
BLOCK_RECORD
  5
211
330
9
100
AcDbSymbolTableRecord
100
AcDbBlockTableRecord
  2
*D18
340
0
 70
0
280
1
281
0
  0
BLOCK_RECORD
  5
24C
330
9
100
AcDbSymbolTableRecord
100
AcDbBlockTableRecord
  2
*D19
340
0
 70
0
280
1
281
0
  0
BLOCK_RECORD
  5
25C
330
9
100
AcDbSymbolTableRecord
100
AcDbBlockTableRecord
  2
*D20
340
0
 70
0
280
1
281
0
  0
BLOCK_RECORD
  5
26C
330
9
100
AcDbSymbolTableRecord
100
AcDbBlockTableRecord
  2
*D21
340
0
 70
0
280
1
281
0
  0
BLOCK_RECORD
  5
27C
330
9
100
AcDbSymbolTableRecord
100
AcDbBlockTableRecord
  2
*D22
340
0
 70
0
280
1
281
0
  0
BLOCK_RECORD
  5
28C
330
9
100
AcDbSymbolTableRecord
100
AcDbBlockTableRecord
  2
*D23
340
0
 70
0
280
1
281
0
  0
BLOCK_RECORD
  5
29C
330
9
100
AcDbSymbolTableRecord
100
AcDbBlockTableRecord
  2
*D24
340
0
 70
0
280
1
281
0
  0
BLOCK_RECORD
  5
2D3
330
9
100
AcDbSymbolTableRecord
100
AcDbBlockTableRecord
  2
*D25
340
0
 70
0
280
1
281
0
  0
BLOCK_RECORD
  5
2E3
330
9
100
AcDbSymbolTableRecord
100
AcDbBlockTableRecord
  2
*D26
340
0
 70
0
280
1
281
0
  0
BLOCK_RECORD
  5
2F3
330
9
100
AcDbSymbolTableRecord
100
AcDbBlockTableRecord
  2
*D27
340
0
 70
0
280
1
281
0
  0
BLOCK_RECORD
  5
303
330
9
100
AcDbSymbolTableRecord
100
AcDbBlockTableRecord
  2
*D28
340
0
 70
0
280
1
281
0
  0
BLOCK_RECORD
  5
313
330
9
100
AcDbSymbolTableRecord
100
AcDbBlockTableRecord
  2
*D29
340
0
 70
0
280
1
281
0
  0
BLOCK_RECORD
  5
323
330
9
100
AcDbSymbolTableRecord
100
AcDbBlockTableRecord
  2
*D30
340
0
 70
0
280
1
281
0
  0
BLOCK_RECORD
  5
333
330
9
100
AcDbSymbolTableRecord
100
AcDbBlockTableRecord
  2
*D31
340
0
 70
0
280
1
281
0
  0
BLOCK_RECORD
  5
36A
330
9
100
AcDbSymbolTableRecord
100
AcDbBlockTableRecord
  2
*D32
340
0
 70
0
280
1
281
0
  0
BLOCK_RECORD
  5
37A
330
9
100
AcDbSymbolTableRecord
100
AcDbBlockTableRecord
  2
*D33
340
0
 70
0
280
1
281
0
  0
BLOCK_RECORD
  5
38A
330
9
100
AcDbSymbolTableRecord
100
AcDbBlockTableRecord
  2
*D34
340
0
 70
0
280
1
281
0
  0
BLOCK_RECORD
  5
39A
330
9
100
AcDbSymbolTableRecord
100
AcDbBlockTableRecord
  2
*D35
340
0
 70
0
280
1
281
0
  0
BLOCK_RECORD
  5
3AA
330
9
100
AcDbSymbolTableRecord
100
AcDbBlockTableRecord
  2
*D36
340
0
 70
0
280
1
281
0
  0
BLOCK_RECORD
  5
3BA
330
9
100
AcDbSymbolTableRecord
100
AcDbBlockTableRecord
  2
*D37
340
0
 70
0
280
1
281
0
  0
BLOCK_RECORD
  5
3CA
330
9
100
AcDbSymbolTableRecord
100
AcDbBlockTableRecord
  2
*D38
340
0
 70
0
280
1
281
0
  0
BLOCK_RECORD
  5
401
330
9
100
AcDbSymbolTableRecord
100
AcDbBlockTableRecord
  2
*D39
340
0
 70
0
280
1
281
0
  0
BLOCK_RECORD
  5
411
330
9
100
AcDbSymbolTableRecord
100
AcDbBlockTableRecord
  2
*D40
340
0
 70
0
280
1
281
0
  0
BLOCK_RECORD
  5
421
330
9
100
AcDbSymbolTableRecord
100
AcDbBlockTableRecord
  2
*D41
340
0
 70
0
280
1
281
0
  0
BLOCK_RECORD
  5
431
330
9
100
AcDbSymbolTableRecord
100
AcDbBlockTableRecord
  2
*D42
340
0
 70
0
280
1
281
0
  0
BLOCK_RECORD
  5
441
330
9
100
AcDbSymbolTableRecord
100
AcDbBlockTableRecord
  2
*D43
340
0
 70
0
280
1
281
0
  0
BLOCK_RECORD
  5
451
330
9
100
AcDbSymbolTableRecord
100
AcDbBlockTableRecord
  2
*D44
340
0
 70
0
280
1
281
0
  0
BLOCK_RECORD
  5
461
330
9
100
AcDbSymbolTableRecord
100
AcDbBlockTableRecord
  2
*D45
340
0
 70
0
280
1
281
0
  0
BLOCK_RECORD
  5
498
330
9
100
AcDbSymbolTableRecord
100
AcDbBlockTableRecord
  2
*D46
340
0
 70
0
280
1
281
0
  0
BLOCK_RECORD
  5
4A8
330
9
100
AcDbSymbolTableRecord
100
AcDbBlockTableRecord
  2
*D47
340
0
 70
0
280
1
281
0
  0
BLOCK_RECORD
  5
4B8
330
9
100
AcDbSymbolTableRecord
100
AcDbBlockTableRecord
  2
*D48
340
0
 70
0
280
1
281
0
  0
BLOCK_RECORD
  5
4C8
330
9
100
AcDbSymbolTableRecord
100
AcDbBlockTableRecord
  2
*D49
340
0
 70
0
280
1
281
0
  0
BLOCK_RECORD
  5
4D8
330
9
100
AcDbSymbolTableRecord
100
AcDbBlockTableRecord
  2
*D50
340
0
 70
0
280
1
281
0
  0
BLOCK_RECORD
  5
4E8
330
9
100
AcDbSymbolTableRecord
100
AcDbBlockTableRecord
  2
*D51
340
0
 70
0
280
1
281
0
  0
BLOCK_RECORD
  5
4F8
330
9
100
AcDbSymbolTableRecord
100
AcDbBlockTableRecord
  2
*D52
340
0
 70
0
280
1
281
0
  0
BLOCK_RECORD
  5
52F
330
9
100
AcDbSymbolTableRecord
100
AcDbBlockTableRecord
  2
*D53
340
0
 70
0
280
1
281
0
  0
BLOCK_RECORD
  5
53F
330
9
100
AcDbSymbolTableRecord
100
AcDbBlockTableRecord
  2
*D54
340
0
 70
0
280
1
281
0
  0
BLOCK_RECORD
  5
54F
330
9
100
AcDbSymbolTableRecord
100
AcDbBlockTableRecord
  2
*D55
340
0
 70
0
280
1
281
0
  0
BLOCK_RECORD
  5
55F
330
9
100
AcDbSymbolTableRecord
100
AcDbBlockTableRecord
  2
*D56
340
0
 70
0
280
1
281
0
  0
BLOCK_RECORD
  5
56F
330
9
100
AcDbSymbolTableRecord
100
AcDbBlockTableRecord
  2
*D57
340
0
 70
0
280
1
281
0
  0
BLOCK_RECORD
  5
57F
330
9
100
AcDbSymbolTableRecord
100
AcDbBlockTableRecord
  2
*D58
340
0
 70
0
280
1
281
0
  0
BLOCK_RECORD
  5
58F
330
9
100
AcDbSymbolTableRecord
100
AcDbBlockTableRecord
  2
*D59
340
0
 70
0
280
1
281
0
  0
BLOCK_RECORD
  5
5C6
330
9
100
AcDbSymbolTableRecord
100
AcDbBlockTableRecord
  2
*D60
340
0
 70
0
280
1
281
0
  0
BLOCK_RECORD
  5
5D6
330
9
100
AcDbSymbolTableRecord
100
AcDbBlockTableRecord
  2
*D61
340
0
 70
0
280
1
281
0
  0
BLOCK_RECORD
  5
5E6
330
9
100
AcDbSymbolTableRecord
100
AcDbBlockTableRecord
  2
*D62
340
0
 70
0
280
1
281
0
  0
BLOCK_RECORD
  5
5F6
330
9
100
AcDbSymbolTableRecord
100
AcDbBlockTableRecord
  2
*D63
340
0
 70
0
280
1
281
0
  0
BLOCK_RECORD
  5
606
330
9
100
AcDbSymbolTableRecord
100
AcDbBlockTableRecord
  2
*D64
340
0
 70
0
280
1
281
0
  0
BLOCK_RECORD
  5
616
330
9
100
AcDbSymbolTableRecord
100
AcDbBlockTableRecord
  2
*D65
340
0
 70
0
280
1
281
0
  0
BLOCK_RECORD
  5
626
330
9
100
AcDbSymbolTableRecord
100
AcDbBlockTableRecord
  2
*D66
340
0
 70
0
280
1
281
0
  0
ENDTAB
  0
ENDSEC
  0
SECTION
  2
BLOCKS
  0
BLOCK
  5
18
330
17
100
AcDbEntity
  8
0
100
AcDbBlockBegin
  2
*Model_Space
 70
0
 10
0.0
 20
0.0
 30
0.0
  3
*Model_Space
  1

  0
ENDBLK
  5
19
330
17
100
AcDbEntity
  8
0
100
AcDbBlockEnd
  0
BLOCK
  5
1C
330
1B
100
AcDbEntity
  8
0
100
AcDbBlockBegin
  2
*Paper_Space
 70
0
 10
0.0
 20
0.0
 30
0.0
  3
*Paper_Space
  1

  0
ENDBLK
  5
1D
330
1B
100
AcDbEntity
  8
0
100
AcDbBlockEnd
  0
BLOCK
  5
75
330
74
100
AcDbEntity
  8
0
100
AcDbBlockBegin
  2
_ARCHTICK
 70
0
 10
0.0
 20
0.0
 30
0.0
  3
_ARCHTICK
  1

  0
LWPOLYLINE
  5
77
330
74
100
AcDbEntity
  8
0
  6
BYBLOCK
 62
0
100
AcDbPolyline
 90
2
 70
0
 43
0.15
 10
-0.5
 20
-0.5
 10
0.5
 20
0.5
  0
ENDBLK
  5
76
330
74
100
AcDbEntity
  8
0
100
AcDbBlockEnd
  0
BLOCK
  5
79
330
78
100
AcDbEntity
  8
0
100
AcDbBlockBegin
  2
_CLOSEDFILLED
 70
0
 10
0.0
 20
0.0
 30
0.0
  3
_CLOSEDFILLED
  1

  0
SOLID
  5
7B
330
78
100
AcDbEntity
  8
0
  6
BYBLOCK
 62
0
100
AcDbTrace
 10
-1.0
 20
0.16439898372402537
 30
0.0
 11
0.0
 21
0.0
 31
0.0
 12
-1.0
 22
-0.16439898372402537
 32
0.0
 13
-1.0
 23
-0.16439898372402537
 33
0.0
  0
ENDBLK
  5
7A
330
78
100
AcDbEntity
  8
0
100
AcDbBlockEnd
  0
BLOCK
  5
85
330
84
100
AcDbEntity
  8
0
100
AcDbBlockBegin
  2
_CLOSEDBLANK
 70
0
 10
0.0
 20
0.0
 30
0.0
  3
_CLOSEDBLANK
  1

  0
LWPOLYLINE
  5
87
330
84
100
AcDbEntity
  8
0
  6
BYBLOCK
 62
0
100
AcDbPolyline
 90
3
 70
1
 10
-1.0
 20
0.16439898372402537
 10
0.0
 20
0.0
 10
-1.0
 20
-0.16439898372402537
  0
ENDBLK
  5
86
330
84
100
AcDbEntity
  8
0
100
AcDbBlockEnd
  0
BLOCK
  5
AC
330
AB
100
AcDbEntity
  8
0
100
AcDbBlockBegin
  2
*D1
 70
1
 10
0.0
 20
0.0
 30
0.0
  3
*D1
  1

  0
LINE
  5
AE
330
AB
100
AcDbEntity
  8
0
100
AcDbLine
 10
0.0
 20
-0.12
 30
0.0
 11
0.0
 21
-2.3600000000000003
 31
0.0
  0
LINE
  5
AF
330
AB
100
AcDbEntity
  8
0
100
AcDbLine
 10
8.0
 20
-0.12
 30
0.0
 11
8.0
 21
-2.3600000000000003
 31
0.0
  0
INSERT
  5
B0
330
AB
100
AcDbEntity
  8
GL_DIM
100
AcDbBlockReference
  2
_CLOSEDFILLED
 10
0.0
 20
-2.2
 30
0.0
 41
0.32000000000000006
 42
0.32000000000000006
 50
180.0
  0
INSERT
  5
B2
330
AB
100
AcDbEntity
  8
GL_DIM
100
AcDbBlockReference
  2
_CLOSEDFILLED
 10
8.0
 20
-2.2
 30
0.0
 41
0.32000000000000006
 42
0.32000000000000006
  0
LINE
  5
B4
330
AB
100
AcDbEntity
  8
0
100
AcDbLine
 10
0.32000000000000006
 20
-2.2
 30
0.0
 11
3.8
 21
-2.2
 31
0.0
  0
LINE
  5
B5
330
AB
100
AcDbEntity
  8
0
100
AcDbLine
 10
4.2
 20
-2.2
 30
0.0
 11
7.68
 21
-2.2
 31
0.0
  0
MTEXT
  5
B6
330
AB
100
AcDbEntity
  8
GL_DIM
 62
2
100
AcDbMText
 10
4.0
 20
-2.2
 30
0.0
 40
0.4
 71
5
  1
8
  7
OpenSansCondensed-Light
  0
POINT
  5
B7
330
AB
100
AcDbEntity
  8
Defpoints
100
AcDbPoint
 10
0.0
 20
-2.2
 30
0.0
  0
POINT
  5
B8
330
AB
100
AcDbEntity
  8
Defpoints
100
AcDbPoint
 10
0.0
 20
0.0
 30
0.0
  0
POINT
  5
B9
330
AB
100
AcDbEntity
  8
Defpoints
100
AcDbPoint
 10
8.0
 20
0.0
 30
0.0
  0
ENDBLK
  5
AD
330
AB
100
AcDbEntity
  8
0
100
AcDbBlockEnd
  0
BLOCK
  5
BC
330
BB
100
AcDbEntity
  8
0
100
AcDbBlockBegin
  2
*D2
 70
1
 10
0.0
 20
0.0
 30
0.0
  3
*D2
  1

  0
LINE
  5
BE
330
BB
100
AcDbEntity
  8
0
100
AcDbLine
 10
8.0
 20
-0.12
 30
0.0
 11
8.0
 21
-2.3600000000000003
 31
0.0
  0
LINE
  5
BF
330
BB
100
AcDbEntity
  8
0
100
AcDbLine
 10
16.0
 20
-0.12
 30
0.0
 11
16.0
 21
-2.3600000000000003
 31
0.0
  0
INSERT
  5
C0
330
BB
100
AcDbEntity
  8
GL_DIM
100
AcDbBlockReference
  2
_CLOSEDFILLED
 10
8.0
 20
-2.2
 30
0.0
 41
0.32000000000000006
 42
0.32000000000000006
 50
180.0
  0
INSERT
  5
C2
330
BB
100
AcDbEntity
  8
GL_DIM
100
AcDbBlockReference
  2
_CLOSEDFILLED
 10
16.0
 20
-2.2
 30
0.0
 41
0.32000000000000006
 42
0.32000000000000006
  0
LINE
  5
C4
330
BB
100
AcDbEntity
  8
0
100
AcDbLine
 10
8.32
 20
-2.2
 30
0.0
 11
11.8
 21
-2.2
 31
0.0
  0
LINE
  5
C5
330
BB
100
AcDbEntity
  8
0
100
AcDbLine
 10
12.2
 20
-2.2
 30
0.0
 11
15.68
 21
-2.2
 31
0.0
  0
MTEXT
  5
C6
330
BB
100
AcDbEntity
  8
GL_DIM
 62
2
100
AcDbMText
 10
12.0
 20
-2.2
 30
0.0
 40
0.4
 71
5
  1
8
  7
OpenSansCondensed-Light
  0
POINT
  5
C7
330
BB
100
AcDbEntity
  8
Defpoints
100
AcDbPoint
 10
8.0
 20
-2.2
 30
0.0
  0
POINT
  5
C8
330
BB
100
AcDbEntity
  8
Defpoints
100
AcDbPoint
 10
8.0
 20
0.0
 30
0.0
  0
POINT
  5
C9
330
BB
100
AcDbEntity
  8
Defpoints
100
AcDbPoint
 10
16.0
 20
0.0
 30
0.0
  0
ENDBLK
  5
BD
330
BB
100
AcDbEntity
  8
0
100
AcDbBlockEnd
  0
BLOCK
  5
CC
330
CB
100
AcDbEntity
  8
0
100
AcDbBlockBegin
  2
*D3
 70
1
 10
0.0
 20
0.0
 30
0.0
  3
*D3
  1

  0
LINE
  5
CE
330
CB
100
AcDbEntity
  8
0
100
AcDbLine
 10
0.0
 20
-0.12
 30
0.0
 11
0.0
 21
-3.3600000000000003
 31
0.0
  0
LINE
  5
CF
330
CB
100
AcDbEntity
  8
0
100
AcDbLine
 10
16.0
 20
-0.12
 30
0.0
 11
16.0
 21
-3.3600000000000003
 31
0.0
  0
INSERT
  5
D0
330
CB
100
AcDbEntity
  8
GL_DIM
100
AcDbBlockReference
  2
_CLOSEDFILLED
 10
0.0
 20
-3.2
 30
0.0
 41
0.32000000000000006
 42
0.32000000000000006
 50
180.0
  0
INSERT
  5
D2
330
CB
100
AcDbEntity
  8
GL_DIM
100
AcDbBlockReference
  2
_CLOSEDFILLED
 10
16.0
 20
-3.2
 30
0.0
 41
0.32000000000000006
 42
0.32000000000000006
  0
LINE
  5
D4
330
CB
100
AcDbEntity
  8
0
100
AcDbLine
 10
0.32000000000000006
 20
-3.2
 30
0.0
 11
7.6
 21
-3.2
 31
0.0
  0
LINE
  5
D5
330
CB
100
AcDbEntity
  8
0
100
AcDbLine
 10
8.4
 20
-3.2
 30
0.0
 11
15.68
 21
-3.2
 31
0.0
  0
MTEXT
  5
D6
330
CB
100
AcDbEntity
  8
GL_DIM
 62
2
100
AcDbMText
 10
8.0
 20
-3.2
 30
0.0
 40
0.4
 71
5
  1
16
  7
OpenSansCondensed-Light
  0
POINT
  5
D7
330
CB
100
AcDbEntity
  8
Defpoints
100
AcDbPoint
 10
0.0
 20
-3.2
 30
0.0
  0
POINT
  5
D8
330
CB
100
AcDbEntity
  8
Defpoints
100
AcDbPoint
 10
0.0
 20
0.0
 30
0.0
  0
POINT
  5
D9
330
CB
100
AcDbEntity
  8
Defpoints
100
AcDbPoint
 10
16.0
 20
0.0
 30
0.0
  0
ENDBLK
  5
CD
330
CB
100
AcDbEntity
  8
0
100
AcDbBlockEnd
  0
BLOCK
  5
DC
330
DB
100
AcDbEntity
  8
0
100
AcDbBlockBegin
  2
*D4
 70
1
 10
0.0
 20
0.0
 30
0.0
  3
*D4
  1

  0
LINE
  5
DE
330
DB
100
AcDbEntity
  8
0
100
AcDbLine
 10
-0.12
 20
0.0
 30
0.0
 11
-2.3600000000000003
 21
0.0
 31
0.0
  0
LINE
  5
DF
330
DB
100
AcDbEntity
  8
0
100
AcDbLine
 10
-0.12
 20
8.0
 30
0.0
 11
-2.3600000000000003
 21
8.0
 31
0.0
  0
INSERT
  5
E0
330
DB
100
AcDbEntity
  8
GL_DIM
100
AcDbBlockReference
  2
_CLOSEDFILLED
 10
-2.2
 20
0.0
 30
0.0
 41
0.32000000000000006
 42
0.32000000000000006
 50
270.0
  0
INSERT
  5
E2
330
DB
100
AcDbEntity
  8
GL_DIM
100
AcDbBlockReference
  2
_CLOSEDFILLED
 10
-2.2
 20
8.0
 30
0.0
 41
0.32000000000000006
 42
0.32000000000000006
 50
90.0
  0
LINE
  5
E4
330
DB
100
AcDbEntity
  8
0
100
AcDbLine
 10
-2.2
 20
0.32000000000000006
 30
0.0
 11
-2.2
 21
3.8
 31
0.0
  0
LINE
  5
E5
330
DB
100
AcDbEntity
  8
0
100
AcDbLine
 10
-2.2
 20
4.2
 30
0.0
 11
-2.2
 21
7.68
 31
0.0
  0
MTEXT
  5
E6
330
DB
100
AcDbEntity
  8
GL_DIM
 62
2
100
AcDbMText
 10
-2.2
 20
4.0
 30
0.0
 40
0.4
 71
5
  1
8
  7
OpenSansCondensed-Light
 50
90.0
  0
POINT
  5
E7
330
DB
100
AcDbEntity
  8
Defpoints
100
AcDbPoint
 10
-2.2
 20
0.0
 30
0.0
  0
POINT
  5
E8
330
DB
100
AcDbEntity
  8
Defpoints
100
AcDbPoint
 10
0.0
 20
0.0
 30
0.0
  0
POINT
  5
E9
330
DB
100
AcDbEntity
  8
Defpoints
100
AcDbPoint
 10
0.0
 20
8.0
 30
0.0
  0
ENDBLK
  5
DD
330
DB
100
AcDbEntity
  8
0
100
AcDbBlockEnd
  0
BLOCK
  5
EC
330
EB
100
AcDbEntity
  8
0
100
AcDbBlockBegin
  2
*D5
 70
1
 10
0.0
 20
0.0
 30
0.0
  3
*D5
  1

  0
LINE
  5
EE
330
EB
100
AcDbEntity
  8
0
100
AcDbLine
 10
-0.12
 20
8.0
 30
0.0
 11
-2.3600000000000003
 21
8.0
 31
0.0
  0
LINE
  5
EF
330
EB
100
AcDbEntity
  8
0
100
AcDbLine
 10
-0.12
 20
16.0
 30
0.0
 11
-2.3600000000000003
 21
16.0
 31
0.0
  0
INSERT
  5
F0
330
EB
100
AcDbEntity
  8
GL_DIM
100
AcDbBlockReference
  2
_CLOSEDFILLED
 10
-2.2
 20
8.0
 30
0.0
 41
0.32000000000000006
 42
0.32000000000000006
 50
270.0
  0
INSERT
  5
F2
330
EB
100
AcDbEntity
  8
GL_DIM
100
AcDbBlockReference
  2
_CLOSEDFILLED
 10
-2.2
 20
16.0
 30
0.0
 41
0.32000000000000006
 42
0.32000000000000006
 50
90.0
  0
LINE
  5
F4
330
EB
100
AcDbEntity
  8
0
100
AcDbLine
 10
-2.2
 20
8.32
 30
0.0
 11
-2.2
 21
11.8
 31
0.0
  0
LINE
  5
F5
330
EB
100
AcDbEntity
  8
0
100
AcDbLine
 10
-2.2
 20
12.2
 30
0.0
 11
-2.2
 21
15.68
 31
0.0
  0
MTEXT
  5
F6
330
EB
100
AcDbEntity
  8
GL_DIM
 62
2
100
AcDbMText
 10
-2.2
 20
12.0
 30
0.0
 40
0.4
 71
5
  1
8
  7
OpenSansCondensed-Light
 50
90.0
  0
POINT
  5
F7
330
EB
100
AcDbEntity
  8
Defpoints
100
AcDbPoint
 10
-2.2
 20
8.0
 30
0.0
  0
POINT
  5
F8
330
EB
100
AcDbEntity
  8
Defpoints
100
AcDbPoint
 10
0.0
 20
8.0
 30
0.0
  0
POINT
  5
F9
330
EB
100
AcDbEntity
  8
Defpoints
100
AcDbPoint
 10
0.0
 20
16.0
 30
0.0
  0
ENDBLK
  5
ED
330
EB
100
AcDbEntity
  8
0
100
AcDbBlockEnd
  0
BLOCK
  5
FC
330
FB
100
AcDbEntity
  8
0
100
AcDbBlockBegin
  2
*D6
 70
1
 10
0.0
 20
0.0
 30
0.0
  3
*D6
  1

  0
LINE
  5
FE
330
FB
100
AcDbEntity
  8
0
100
AcDbLine
 10
-0.12
 20
0.0
 30
0.0
 11
-3.3600000000000003
 21
0.0
 31
0.0
  0
LINE
  5
FF
330
FB
100
AcDbEntity
  8
0
100
AcDbLine
 10
-0.12
 20
16.0
 30
0.0
 11
-3.3600000000000003
 21
16.0
 31
0.0
  0
INSERT
  5
100
330
FB
100
AcDbEntity
  8
GL_DIM
100
AcDbBlockReference
  2
_CLOSEDFILLED
 10
-3.2
 20
0.0
 30
0.0
 41
0.32000000000000006
 42
0.32000000000000006
 50
270.0
  0
INSERT
  5
102
330
FB
100
AcDbEntity
  8
GL_DIM
100
AcDbBlockReference
  2
_CLOSEDFILLED
 10
-3.2
 20
16.0
 30
0.0
 41
0.32000000000000006
 42
0.32000000000000006
 50
90.0
  0
LINE
  5
104
330
FB
100
AcDbEntity
  8
0
100
AcDbLine
 10
-3.2
 20
0.32000000000000006
 30
0.0
 11
-3.2
 21
7.6
 31
0.0
  0
LINE
  5
105
330
FB
100
AcDbEntity
  8
0
100
AcDbLine
 10
-3.2
 20
8.4
 30
0.0
 11
-3.2
 21
15.68
 31
0.0
  0
MTEXT
  5
106
330
FB
100
AcDbEntity
  8
GL_DIM
 62
2
100
AcDbMText
 10
-3.2
 20
8.0
 30
0.0
 40
0.4
 71
5
  1
16
  7
OpenSansCondensed-Light
 50
90.0
  0
POINT
  5
107
330
FB
100
AcDbEntity
  8
Defpoints
100
AcDbPoint
 10
-3.2
 20
0.0
 30
0.0
  0
POINT
  5
108
330
FB
100
AcDbEntity
  8
Defpoints
100
AcDbPoint
 10
0.0
 20
0.0
 30
0.0
  0
POINT
  5
109
330
FB
100
AcDbEntity
  8
Defpoints
100
AcDbPoint
 10
0.0
 20
16.0
 30
0.0
  0
ENDBLK
  5
FD
330
FB
100
AcDbEntity
  8
0
100
AcDbBlockEnd
  0
BLOCK
  5
137
330
136
100
AcDbEntity
  8
0
100
AcDbBlockBegin
  2
*D7
 70
1
 10
0.0
 20
0.0
 30
0.0
  3
*D7
  1

  0
LINE
  5
139
330
136
100
AcDbEntity
  8
0
100
AcDbLine
 10
0.0
 20
24.52
 30
0.0
 11
0.0
 21
22.28
 31
0.0
  0
LINE
  5
13A
330
136
100
AcDbEntity
  8
0
100
AcDbLine
 10
8.0
 20
24.52
 30
0.0
 11
8.0
 21
22.28
 31
0.0
  0
INSERT
  5
13B
330
136
100
AcDbEntity
  8
1F_DIM
100
AcDbBlockReference
  2
_CLOSEDFILLED
 10
0.0
 20
22.44
 30
0.0
 41
0.32000000000000006
 42
0.32000000000000006
 50
180.0
  0
INSERT
  5
13D
330
136
100
AcDbEntity
  8
1F_DIM
100
AcDbBlockReference
  2
_CLOSEDFILLED
 10
8.0
 20
22.44
 30
0.0
 41
0.32000000000000006
 42
0.32000000000000006
  0
LINE
  5
13F
330
136
100
AcDbEntity
  8
0
100
AcDbLine
 10
0.32000000000000006
 20
22.44
 30
0.0
 11
3.8
 21
22.44
 31
0.0
  0
LINE
  5
140
330
136
100
AcDbEntity
  8
0
100
AcDbLine
 10
4.2
 20
22.44
 30
0.0
 11
7.68
 21
22.44
 31
0.0
  0
MTEXT
  5
141
330
136
100
AcDbEntity
  8
1F_DIM
 62
2
100
AcDbMText
 10
4.0
 20
22.44
 30
0.0
 40
0.4
 71
5
  1
8
  7
OpenSansCondensed-Light
  0
POINT
  5
142
330
136
100
AcDbEntity
  8
Defpoints
100
AcDbPoint
 10
0.0
 20
22.44
 30
0.0
  0
POINT
  5
143
330
136
100
AcDbEntity
  8
Defpoints
100
AcDbPoint
 10
0.0
 20
24.64
 30
0.0
  0
POINT
  5
144
330
136
100
AcDbEntity
  8
Defpoints
100
AcDbPoint
 10
8.0
 20
24.64
 30
0.0
  0
ENDBLK
  5
138
330
136
100
AcDbEntity
  8
0
100
AcDbBlockEnd
  0
BLOCK
  5
147
330
146
100
AcDbEntity
  8
0
100
AcDbBlockBegin
  2
*D8
 70
1
 10
0.0
 20
0.0
 30
0.0
  3
*D8
  1

  0
LINE
  5
149
330
146
100
AcDbEntity
  8
0
100
AcDbLine
 10
8.0
 20
24.52
 30
0.0
 11
8.0
 21
22.28
 31
0.0
  0
LINE
  5
14A
330
146
100
AcDbEntity
  8
0
100
AcDbLine
 10
16.0
 20
24.52
 30
0.0
 11
16.0
 21
22.28
 31
0.0
  0
INSERT
  5
14B
330
146
100
AcDbEntity
  8
1F_DIM
100
AcDbBlockReference
  2
_CLOSEDFILLED
 10
8.0
 20
22.44
 30
0.0
 41
0.32000000000000006
 42
0.32000000000000006
 50
180.0
  0
INSERT
  5
14D
330
146
100
AcDbEntity
  8
1F_DIM
100
AcDbBlockReference
  2
_CLOSEDFILLED
 10
16.0
 20
22.44
 30
0.0
 41
0.32000000000000006
 42
0.32000000000000006
  0
LINE
  5
14F
330
146
100
AcDbEntity
  8
0
100
AcDbLine
 10
8.32
 20
22.44
 30
0.0
 11
11.8
 21
22.44
 31
0.0
  0
LINE
  5
150
330
146
100
AcDbEntity
  8
0
100
AcDbLine
 10
12.2
 20
22.44
 30
0.0
 11
15.68
 21
22.44
 31
0.0
  0
MTEXT
  5
151
330
146
100
AcDbEntity
  8
1F_DIM
 62
2
100
AcDbMText
 10
12.0
 20
22.44
 30
0.0
 40
0.4
 71
5
  1
8
  7
OpenSansCondensed-Light
  0
POINT
  5
152
330
146
100
AcDbEntity
  8
Defpoints
100
AcDbPoint
 10
8.0
 20
22.44
 30
0.0
  0
POINT
  5
153
330
146
100
AcDbEntity
  8
Defpoints
100
AcDbPoint
 10
8.0
 20
24.64
 30
0.0
  0
POINT
  5
154
330
146
100
AcDbEntity
  8
Defpoints
100
AcDbPoint
 10
16.0
 20
24.64
 30
0.0
  0
ENDBLK
  5
148
330
146
100
AcDbEntity
  8
0
100
AcDbBlockEnd
  0
BLOCK
  5
157
330
156
100
AcDbEntity
  8
0
100
AcDbBlockBegin
  2
*D9
 70
1
 10
0.0
 20
0.0
 30
0.0
  3
*D9
  1

  0
LINE
  5
159
330
156
100
AcDbEntity
  8
0
100
AcDbLine
 10
0.0
 20
24.52
 30
0.0
 11
0.0
 21
21.28
 31
0.0
  0
LINE
  5
15A
330
156
100
AcDbEntity
  8
0
100
AcDbLine
 10
16.0
 20
24.52
 30
0.0
 11
16.0
 21
21.28
 31
0.0
  0
INSERT
  5
15B
330
156
100
AcDbEntity
  8
1F_DIM
100
AcDbBlockReference
  2
_CLOSEDFILLED
 10
0.0
 20
21.44
 30
0.0
 41
0.32000000000000006
 42
0.32000000000000006
 50
180.0
  0
INSERT
  5
15D
330
156
100
AcDbEntity
  8
1F_DIM
100
AcDbBlockReference
  2
_CLOSEDFILLED
 10
16.0
 20
21.44
 30
0.0
 41
0.32000000000000006
 42
0.32000000000000006
  0
LINE
  5
15F
330
156
100
AcDbEntity
  8
0
100
AcDbLine
 10
0.32000000000000006
 20
21.44
 30
0.0
 11
7.6
 21
21.44
 31
0.0
  0
LINE
  5
160
330
156
100
AcDbEntity
  8
0
100
AcDbLine
 10
8.4
 20
21.44
 30
0.0
 11
15.68
 21
21.44
 31
0.0
  0
MTEXT
  5
161
330
156
100
AcDbEntity
  8
1F_DIM
 62
2
100
AcDbMText
 10
8.0
 20
21.44
 30
0.0
 40
0.4
 71
5
  1
16
  7
OpenSansCondensed-Light
  0
POINT
  5
162
330
156
100
AcDbEntity
  8
Defpoints
100
AcDbPoint
 10
0.0
 20
21.44
 30
0.0
  0
POINT
  5
163
330
156
100
AcDbEntity
  8
Defpoints
100
AcDbPoint
 10
0.0
 20
24.64
 30
0.0
  0
POINT
  5
164
330
156
100
AcDbEntity
  8
Defpoints
100
AcDbPoint
 10
16.0
 20
24.64
 30
0.0
  0
ENDBLK
  5
158
330
156
100
AcDbEntity
  8
0
100
AcDbBlockEnd
  0
BLOCK
  5
167
330
166
100
AcDbEntity
  8
0
100
AcDbBlockBegin
  2
*D10
 70
1
 10
0.0
 20
0.0
 30
0.0
  3
*D10
  1

  0
LINE
  5
169
330
166
100
AcDbEntity
  8
0
100
AcDbLine
 10
-0.12
 20
24.64
 30
0.0
 11
-2.3600000000000003
 21
24.64
 31
0.0
  0
LINE
  5
16A
330
166
100
AcDbEntity
  8
0
100
AcDbLine
 10
-0.12
 20
32.64
 30
0.0
 11
-2.3600000000000003
 21
32.64
 31
0.0
  0
INSERT
  5
16B
330
166
100
AcDbEntity
  8
1F_DIM
100
AcDbBlockReference
  2
_CLOSEDFILLED
 10
-2.2
 20
24.64
 30
0.0
 41
0.32000000000000006
 42
0.32000000000000006
 50
270.0
  0
INSERT
  5
16D
330
166
100
AcDbEntity
  8
1F_DIM
100
AcDbBlockReference
  2
_CLOSEDFILLED
 10
-2.2
 20
32.64
 30
0.0
 41
0.32000000000000006
 42
0.32000000000000006
 50
90.0
  0
LINE
  5
16F
330
166
100
AcDbEntity
  8
0
100
AcDbLine
 10
-2.2
 20
24.96
 30
0.0
 11
-2.2
 21
28.44
 31
0.0
  0
LINE
  5
170
330
166
100
AcDbEntity
  8
0
100
AcDbLine
 10
-2.2
 20
28.84
 30
0.0
 11
-2.2
 21
32.32
 31
0.0
  0
MTEXT
  5
171
330
166
100
AcDbEntity
  8
1F_DIM
 62
2
100
AcDbMText
 10
-2.2
 20
28.64
 30
0.0
 40
0.4
 71
5
  1
8
  7
OpenSansCondensed-Light
 50
90.0
  0
POINT
  5
172
330
166
100
AcDbEntity
  8
Defpoints
100
AcDbPoint
 10
-2.2
 20
24.64
 30
0.0
  0
POINT
  5
173
330
166
100
AcDbEntity
  8
Defpoints
100
AcDbPoint
 10
0.0
 20
24.64
 30
0.0
  0
POINT
  5
174
330
166
100
AcDbEntity
  8
Defpoints
100
AcDbPoint
 10
0.0
 20
32.64
 30
0.0
  0
ENDBLK
  5
168
330
166
100
AcDbEntity
  8
0
100
AcDbBlockEnd
  0
BLOCK
  5
177
330
176
100
AcDbEntity
  8
0
100
AcDbBlockBegin
  2
*D11
 70
1
 10
0.0
 20
0.0
 30
0.0
  3
*D11
  1

  0
LINE
  5
179
330
176
100
AcDbEntity
  8
0
100
AcDbLine
 10
-0.12
 20
32.64
 30
0.0
 11
-2.3600000000000003
 21
32.64
 31
0.0
  0
LINE
  5
17A
330
176
100
AcDbEntity
  8
0
100
AcDbLine
 10
-0.12
 20
40.64
 30
0.0
 11
-2.3600000000000003
 21
40.64
 31
0.0
  0
INSERT
  5
17B
330
176
100
AcDbEntity
  8
1F_DIM
100
AcDbBlockReference
  2
_CLOSEDFILLED
 10
-2.2
 20
32.64
 30
0.0
 41
0.32000000000000006
 42
0.32000000000000006
 50
270.0
  0
INSERT
  5
17D
330
176
100
AcDbEntity
  8
1F_DIM
100
AcDbBlockReference
  2
_CLOSEDFILLED
 10
-2.2
 20
40.64
 30
0.0
 41
0.32000000000000006
 42
0.32000000000000006
 50
90.0
  0
LINE
  5
17F
330
176
100
AcDbEntity
  8
0
100
AcDbLine
 10
-2.2
 20
32.96
 30
0.0
 11
-2.2
 21
36.44
 31
0.0
  0
LINE
  5
180
330
176
100
AcDbEntity
  8
0
100
AcDbLine
 10
-2.2
 20
36.84
 30
0.0
 11
-2.2
 21
40.32
 31
0.0
  0
MTEXT
  5
181
330
176
100
AcDbEntity
  8
1F_DIM
 62
2
100
AcDbMText
 10
-2.2
 20
36.64
 30
0.0
 40
0.4
 71
5
  1
8
  7
OpenSansCondensed-Light
 50
90.0
  0
POINT
  5
182
330
176
100
AcDbEntity
  8
Defpoints
100
AcDbPoint
 10
-2.2
 20
32.64
 30
0.0
  0
POINT
  5
183
330
176
100
AcDbEntity
  8
Defpoints
100
AcDbPoint
 10
0.0
 20
32.64
 30
0.0
  0
POINT
  5
184
330
176
100
AcDbEntity
  8
Defpoints
100
AcDbPoint
 10
0.0
 20
40.64
 30
0.0
  0
ENDBLK
  5
178
330
176
100
AcDbEntity
  8
0
100
AcDbBlockEnd
  0
BLOCK
  5
187
330
186
100
AcDbEntity
  8
0
100
AcDbBlockBegin
  2
*D12
 70
1
 10
0.0
 20
0.0
 30
0.0
  3
*D12
  1

  0
LINE
  5
189
330
186
100
AcDbEntity
  8
0
100
AcDbLine
 10
-0.12
 20
24.64
 30
0.0
 11
-3.3600000000000003
 21
24.64
 31
0.0
  0
LINE
  5
18A
330
186
100
AcDbEntity
  8
0
100
AcDbLine
 10
-0.12
 20
40.64
 30
0.0
 11
-3.3600000000000003
 21
40.64
 31
0.0
  0
INSERT
  5
18B
330
186
100
AcDbEntity
  8
1F_DIM
100
AcDbBlockReference
  2
_CLOSEDFILLED
 10
-3.2
 20
24.64
 30
0.0
 41
0.32000000000000006
 42
0.32000000000000006
 50
270.0
  0
INSERT
  5
18D
330
186
100
AcDbEntity
  8
1F_DIM
100
AcDbBlockReference
  2
_CLOSEDFILLED
 10
-3.2
 20
40.64
 30
0.0
 41
0.32000000000000006
 42
0.32000000000000006
 50
90.0
  0
LINE
  5
18F
330
186
100
AcDbEntity
  8
0
100
AcDbLine
 10
-3.2
 20
24.96
 30
0.0
 11
-3.2
 21
32.24
 31
0.0
  0
LINE
  5
190
330
186
100
AcDbEntity
  8
0
100
AcDbLine
 10
-3.2
 20
33.04
 30
0.0
 11
-3.2
 21
40.32
 31
0.0
  0
MTEXT
  5
191
330
186
100
AcDbEntity
  8
1F_DIM
 62
2
100
AcDbMText
 10
-3.2
 20
32.64
 30
0.0
 40
0.4
 71
5
  1
16
  7
OpenSansCondensed-Light
 50
90.0
  0
POINT
  5
192
330
186
100
AcDbEntity
  8
Defpoints
100
AcDbPoint
 10
-3.2
 20
24.64
 30
0.0
  0
POINT
  5
193
330
186
100
AcDbEntity
  8
Defpoints
100
AcDbPoint
 10
0.0
 20
24.64
 30
0.0
  0
POINT
  5
194
330
186
100
AcDbEntity
  8
Defpoints
100
AcDbPoint
 10
0.0
 20
40.64
 30
0.0
  0
ENDBLK
  5
188
330
186
100
AcDbEntity
  8
0
100
AcDbBlockEnd
  0
BLOCK
  5
1C2
330
1C1
100
AcDbEntity
  8
0
100
AcDbBlockBegin
  2
*D13
 70
1
 10
0.0
 20
0.0
 30
0.0
  3
*D13
  1

  0
LINE
  5
1C4
330
1C1
100
AcDbEntity
  8
0
100
AcDbLine
 10
0.0
 20
49.160000000000004
 30
0.0
 11
0.0
 21
46.92000000000001
 31
0.0
  0
LINE
  5
1C5
330
1C1
100
AcDbEntity
  8
0
100
AcDbLine
 10
8.0
 20
49.160000000000004
 30
0.0
 11
8.0
 21
46.92000000000001
 31
0.0
  0
INSERT
  5
1C6
330
1C1
100
AcDbEntity
  8
2F_DIM
100
AcDbBlockReference
  2
_CLOSEDFILLED
 10
0.0
 20
47.080000000000005
 30
0.0
 41
0.32000000000000006
 42
0.32000000000000006
 50
180.0
  0
INSERT
  5
1C8
330
1C1
100
AcDbEntity
  8
2F_DIM
100
AcDbBlockReference
  2
_CLOSEDFILLED
 10
8.0
 20
47.080000000000005
 30
0.0
 41
0.32000000000000006
 42
0.32000000000000006
  0
LINE
  5
1CA
330
1C1
100
AcDbEntity
  8
0
100
AcDbLine
 10
0.32000000000000006
 20
47.080000000000005
 30
0.0
 11
3.8
 21
47.080000000000005
 31
0.0
  0
LINE
  5
1CB
330
1C1
100
AcDbEntity
  8
0
100
AcDbLine
 10
4.2
 20
47.080000000000005
 30
0.0
 11
7.68
 21
47.080000000000005
 31
0.0
  0
MTEXT
  5
1CC
330
1C1
100
AcDbEntity
  8
2F_DIM
 62
2
100
AcDbMText
 10
4.0
 20
47.080000000000005
 30
0.0
 40
0.4
 71
5
  1
8
  7
OpenSansCondensed-Light
  0
POINT
  5
1CD
330
1C1
100
AcDbEntity
  8
Defpoints
100
AcDbPoint
 10
0.0
 20
47.080000000000005
 30
0.0
  0
POINT
  5
1CE
330
1C1
100
AcDbEntity
  8
Defpoints
100
AcDbPoint
 10
0.0
 20
49.28
 30
0.0
  0
POINT
  5
1CF
330
1C1
100
AcDbEntity
  8
Defpoints
100
AcDbPoint
 10
8.0
 20
49.28
 30
0.0
  0
ENDBLK
  5
1C3
330
1C1
100
AcDbEntity
  8
0
100
AcDbBlockEnd
  0
BLOCK
  5
1D2
330
1D1
100
AcDbEntity
  8
0
100
AcDbBlockBegin
  2
*D14
 70
1
 10
0.0
 20
0.0
 30
0.0
  3
*D14
  1

  0
LINE
  5
1D4
330
1D1
100
AcDbEntity
  8
0
100
AcDbLine
 10
8.0
 20
49.160000000000004
 30
0.0
 11
8.0
 21
46.92000000000001
 31
0.0
  0
LINE
  5
1D5
330
1D1
100
AcDbEntity
  8
0
100
AcDbLine
 10
16.0
 20
49.160000000000004
 30
0.0
 11
16.0
 21
46.92000000000001
 31
0.0
  0
INSERT
  5
1D6
330
1D1
100
AcDbEntity
  8
2F_DIM
100
AcDbBlockReference
  2
_CLOSEDFILLED
 10
8.0
 20
47.080000000000005
 30
0.0
 41
0.32000000000000006
 42
0.32000000000000006
 50
180.0
  0
INSERT
  5
1D8
330
1D1
100
AcDbEntity
  8
2F_DIM
100
AcDbBlockReference
  2
_CLOSEDFILLED
 10
16.0
 20
47.080000000000005
 30
0.0
 41
0.32000000000000006
 42
0.32000000000000006
  0
LINE
  5
1DA
330
1D1
100
AcDbEntity
  8
0
100
AcDbLine
 10
8.32
 20
47.080000000000005
 30
0.0
 11
11.8
 21
47.080000000000005
 31
0.0
  0
LINE
  5
1DB
330
1D1
100
AcDbEntity
  8
0
100
AcDbLine
 10
12.2
 20
47.080000000000005
 30
0.0
 11
15.68
 21
47.080000000000005
 31
0.0
  0
MTEXT
  5
1DC
330
1D1
100
AcDbEntity
  8
2F_DIM
 62
2
100
AcDbMText
 10
12.0
 20
47.080000000000005
 30
0.0
 40
0.4
 71
5
  1
8
  7
OpenSansCondensed-Light
  0
POINT
  5
1DD
330
1D1
100
AcDbEntity
  8
Defpoints
100
AcDbPoint
 10
8.0
 20
47.080000000000005
 30
0.0
  0
POINT
  5
1DE
330
1D1
100
AcDbEntity
  8
Defpoints
100
AcDbPoint
 10
8.0
 20
49.28
 30
0.0
  0
POINT
  5
1DF
330
1D1
100
AcDbEntity
  8
Defpoints
100
AcDbPoint
 10
16.0
 20
49.28
 30
0.0
  0
ENDBLK
  5
1D3
330
1D1
100
AcDbEntity
  8
0
100
AcDbBlockEnd
  0
BLOCK
  5
1E2
330
1E1
100
AcDbEntity
  8
0
100
AcDbBlockBegin
  2
*D15
 70
1
 10
0.0
 20
0.0
 30
0.0
  3
*D15
  1

  0
LINE
  5
1E4
330
1E1
100
AcDbEntity
  8
0
100
AcDbLine
 10
0.0
 20
49.160000000000004
 30
0.0
 11
0.0
 21
45.92000000000001
 31
0.0
  0
LINE
  5
1E5
330
1E1
100
AcDbEntity
  8
0
100
AcDbLine
 10
16.0
 20
49.160000000000004
 30
0.0
 11
16.0
 21
45.92000000000001
 31
0.0
  0
INSERT
  5
1E6
330
1E1
100
AcDbEntity
  8
2F_DIM
100
AcDbBlockReference
  2
_CLOSEDFILLED
 10
0.0
 20
46.080000000000005
 30
0.0
 41
0.32000000000000006
 42
0.32000000000000006
 50
180.0
  0
INSERT
  5
1E8
330
1E1
100
AcDbEntity
  8
2F_DIM
100
AcDbBlockReference
  2
_CLOSEDFILLED
 10
16.0
 20
46.080000000000005
 30
0.0
 41
0.32000000000000006
 42
0.32000000000000006
  0
LINE
  5
1EA
330
1E1
100
AcDbEntity
  8
0
100
AcDbLine
 10
0.32000000000000006
 20
46.080000000000005
 30
0.0
 11
7.6
 21
46.080000000000005
 31
0.0
  0
LINE
  5
1EB
330
1E1
100
AcDbEntity
  8
0
100
AcDbLine
 10
8.4
 20
46.080000000000005
 30
0.0
 11
15.68
 21
46.080000000000005
 31
0.0
  0
MTEXT
  5
1EC
330
1E1
100
AcDbEntity
  8
2F_DIM
 62
2
100
AcDbMText
 10
8.0
 20
46.080000000000005
 30
0.0
 40
0.4
 71
5
  1
16
  7
OpenSansCondensed-Light
  0
POINT
  5
1ED
330
1E1
100
AcDbEntity
  8
Defpoints
100
AcDbPoint
 10
0.0
 20
46.080000000000005
 30
0.0
  0
POINT
  5
1EE
330
1E1
100
AcDbEntity
  8
Defpoints
100
AcDbPoint
 10
0.0
 20
49.28
 30
0.0
  0
POINT
  5
1EF
330
1E1
100
AcDbEntity
  8
Defpoints
100
AcDbPoint
 10
16.0
 20
49.28
 30
0.0
  0
ENDBLK
  5
1E3
330
1E1
100
AcDbEntity
  8
0
100
AcDbBlockEnd
  0
BLOCK
  5
1F2
330
1F1
100
AcDbEntity
  8
0
100
AcDbBlockBegin
  2
*D16
 70
1
 10
0.0
 20
0.0
 30
0.0
  3
*D16
  1

  0
LINE
  5
1F4
330
1F1
100
AcDbEntity
  8
0
100
AcDbLine
 10
-0.12
 20
49.28
 30
0.0
 11
-2.3600000000000003
 21
49.28
 31
0.0
  0
LINE
  5
1F5
330
1F1
100
AcDbEntity
  8
0
100
AcDbLine
 10
-0.12
 20
57.28
 30
0.0
 11
-2.3600000000000003
 21
57.28
 31
0.0
  0
INSERT
  5
1F6
330
1F1
100
AcDbEntity
  8
2F_DIM
100
AcDbBlockReference
  2
_CLOSEDFILLED
 10
-2.2
 20
49.28
 30
0.0
 41
0.32000000000000006
 42
0.32000000000000006
 50
270.0
  0
INSERT
  5
1F8
330
1F1
100
AcDbEntity
  8
2F_DIM
100
AcDbBlockReference
  2
_CLOSEDFILLED
 10
-2.2
 20
57.28
 30
0.0
 41
0.32000000000000006
 42
0.32000000000000006
 50
90.0
  0
LINE
  5
1FA
330
1F1
100
AcDbEntity
  8
0
100
AcDbLine
 10
-2.2
 20
49.6
 30
0.0
 11
-2.2
 21
53.08
 31
0.0
  0
LINE
  5
1FB
330
1F1
100
AcDbEntity
  8
0
100
AcDbLine
 10
-2.2
 20
53.480000000000004
 30
0.0
 11
-2.2
 21
56.96
 31
0.0
  0
MTEXT
  5
1FC
330
1F1
100
AcDbEntity
  8
2F_DIM
 62
2
100
AcDbMText
 10
-2.2
 20
53.28
 30
0.0
 40
0.4
 71
5
  1
8
  7
OpenSansCondensed-Light
 50
90.0
  0
POINT
  5
1FD
330
1F1
100
AcDbEntity
  8
Defpoints
100
AcDbPoint
 10
-2.2
 20
49.28
 30
0.0
  0
POINT
  5
1FE
330
1F1
100
AcDbEntity
  8
Defpoints
100
AcDbPoint
 10
0.0
 20
49.28
 30
0.0
  0
POINT
  5
1FF
330
1F1
100
AcDbEntity
  8
Defpoints
100
AcDbPoint
 10
0.0
 20
57.28
 30
0.0
  0
ENDBLK
  5
1F3
330
1F1
100
AcDbEntity
  8
0
100
AcDbBlockEnd
  0
BLOCK
  5
202
330
201
100
AcDbEntity
  8
0
100
AcDbBlockBegin
  2
*D17
 70
1
 10
0.0
 20
0.0
 30
0.0
  3
*D17
  1

  0
LINE
  5
204
330
201
100
AcDbEntity
  8
0
100
AcDbLine
 10
-0.12
 20
57.28
 30
0.0
 11
-2.3600000000000003
 21
57.28
 31
0.0
  0
LINE
  5
205
330
201
100
AcDbEntity
  8
0
100
AcDbLine
 10
-0.12
 20
65.28
 30
0.0
 11
-2.3600000000000003
 21
65.28
 31
0.0
  0
INSERT
  5
206
330
201
100
AcDbEntity
  8
2F_DIM
100
AcDbBlockReference
  2
_CLOSEDFILLED
 10
-2.2
 20
57.28
 30
0.0
 41
0.32000000000000006
 42
0.32000000000000006
 50
270.0
  0
INSERT
  5
208
330
201
100
AcDbEntity
  8
2F_DIM
100
AcDbBlockReference
  2
_CLOSEDFILLED
 10
-2.2
 20
65.28
 30
0.0
 41
0.32000000000000006
 42
0.32000000000000006
 50
90.0
  0
LINE
  5
20A
330
201
100
AcDbEntity
  8
0
100
AcDbLine
 10
-2.2
 20
57.6
 30
0.0
 11
-2.2
 21
61.08
 31
0.0
  0
LINE
  5
20B
330
201
100
AcDbEntity
  8
0
100
AcDbLine
 10
-2.2
 20
61.480000000000004
 30
0.0
 11
-2.2
 21
64.96000000000001
 31
0.0
  0
MTEXT
  5
20C
330
201
100
AcDbEntity
  8
2F_DIM
 62
2
100
AcDbMText
 10
-2.2
 20
61.28
 30
0.0
 40
0.4
 71
5
  1
8
  7
OpenSansCondensed-Light
 50
90.0
  0
POINT
  5
20D
330
201
100
AcDbEntity
  8
Defpoints
100
AcDbPoint
 10
-2.2
 20
57.28
 30
0.0
  0
POINT
  5
20E
330
201
100
AcDbEntity
  8
Defpoints
100
AcDbPoint
 10
0.0
 20
57.28
 30
0.0
  0
POINT
  5
20F
330
201
100
AcDbEntity
  8
Defpoints
100
AcDbPoint
 10
0.0
 20
65.28
 30
0.0
  0
ENDBLK
  5
203
330
201
100
AcDbEntity
  8
0
100
AcDbBlockEnd
  0
BLOCK
  5
212
330
211
100
AcDbEntity
  8
0
100
AcDbBlockBegin
  2
*D18
 70
1
 10
0.0
 20
0.0
 30
0.0
  3
*D18
  1

  0
LINE
  5
214
330
211
100
AcDbEntity
  8
0
100
AcDbLine
 10
-0.12
 20
49.28
 30
0.0
 11
-3.3600000000000003
 21
49.28
 31
0.0
  0
LINE
  5
215
330
211
100
AcDbEntity
  8
0
100
AcDbLine
 10
-0.12
 20
65.28
 30
0.0
 11
-3.3600000000000003
 21
65.28
 31
0.0
  0
INSERT
  5
216
330
211
100
AcDbEntity
  8
2F_DIM
100
AcDbBlockReference
  2
_CLOSEDFILLED
 10
-3.2
 20
49.28
 30
0.0
 41
0.32000000000000006
 42
0.32000000000000006
 50
270.0
  0
INSERT
  5
218
330
211
100
AcDbEntity
  8
2F_DIM
100
AcDbBlockReference
  2
_CLOSEDFILLED
 10
-3.2
 20
65.28
 30
0.0
 41
0.32000000000000006
 42
0.32000000000000006
 50
90.0
  0
LINE
  5
21A
330
211
100
AcDbEntity
  8
0
100
AcDbLine
 10
-3.2
 20
49.6
 30
0.0
 11
-3.2
 21
56.88
 31
0.0
  0
LINE
  5
21B
330
211
100
AcDbEntity
  8
0
100
AcDbLine
 10
-3.2
 20
57.68
 30
0.0
 11
-3.2
 21
64.96000000000001
 31
0.0
  0
MTEXT
  5
21C
330
211
100
AcDbEntity
  8
2F_DIM
 62
2
100
AcDbMText
 10
-3.2
 20
57.28
 30
0.0
 40
0.4
 71
5
  1
16
  7
OpenSansCondensed-Light
 50
90.0
  0
POINT
  5
21D
330
211
100
AcDbEntity
  8
Defpoints
100
AcDbPoint
 10
-3.2
 20
49.28
 30
0.0
  0
POINT
  5
21E
330
211
100
AcDbEntity
  8
Defpoints
100
AcDbPoint
 10
0.0
 20
49.28
 30
0.0
  0
POINT
  5
21F
330
211
100
AcDbEntity
  8
Defpoints
100
AcDbPoint
 10
0.0
 20
65.28
 30
0.0
  0
ENDBLK
  5
213
330
211
100
AcDbEntity
  8
0
100
AcDbBlockEnd
  0
BLOCK
  5
24D
330
24C
100
AcDbEntity
  8
0
100
AcDbBlockBegin
  2
*D19
 70
1
 10
0.0
 20
0.0
 30
0.0
  3
*D19
  1

  0
LINE
  5
24F
330
24C
100
AcDbEntity
  8
0
100
AcDbLine
 10
0.0
 20
73.8
 30
0.0
 11
0.0
 21
71.56
 31
0.0
  0
LINE
  5
250
330
24C
100
AcDbEntity
  8
0
100
AcDbLine
 10
8.0
 20
73.8
 30
0.0
 11
8.0
 21
71.56
 31
0.0
  0
INSERT
  5
251
330
24C
100
AcDbEntity
  8
3F_DIM
100
AcDbBlockReference
  2
_CLOSEDFILLED
 10
0.0
 20
71.72
 30
0.0
 41
0.32000000000000006
 42
0.32000000000000006
 50
180.0
  0
INSERT
  5
253
330
24C
100
AcDbEntity
  8
3F_DIM
100
AcDbBlockReference
  2
_CLOSEDFILLED
 10
8.0
 20
71.72
 30
0.0
 41
0.32000000000000006
 42
0.32000000000000006
  0
LINE
  5
255
330
24C
100
AcDbEntity
  8
0
100
AcDbLine
 10
0.32000000000000006
 20
71.72
 30
0.0
 11
3.799999999999999
 21
71.72
 31
0.0
  0
LINE
  5
256
330
24C
100
AcDbEntity
  8
0
100
AcDbLine
 10
4.2
 20
71.72
 30
0.0
 11
7.68
 21
71.72
 31
0.0
  0
MTEXT
  5
257
330
24C
100
AcDbEntity
  8
3F_DIM
 62
2
100
AcDbMText
 10
4.0
 20
71.72
 30
0.0
 40
0.4
 71
5
  1
8
  7
OpenSansCondensed-Light
  0
POINT
  5
258
330
24C
100
AcDbEntity
  8
Defpoints
100
AcDbPoint
 10
0.0
 20
71.72
 30
0.0
  0
POINT
  5
259
330
24C
100
AcDbEntity
  8
Defpoints
100
AcDbPoint
 10
0.0
 20
73.92
 30
0.0
  0
POINT
  5
25A
330
24C
100
AcDbEntity
  8
Defpoints
100
AcDbPoint
 10
8.0
 20
73.92
 30
0.0
  0
ENDBLK
  5
24E
330
24C
100
AcDbEntity
  8
0
100
AcDbBlockEnd
  0
BLOCK
  5
25D
330
25C
100
AcDbEntity
  8
0
100
AcDbBlockBegin
  2
*D20
 70
1
 10
0.0
 20
0.0
 30
0.0
  3
*D20
  1

  0
LINE
  5
25F
330
25C
100
AcDbEntity
  8
0
100
AcDbLine
 10
8.0
 20
73.8
 30
0.0
 11
8.0
 21
71.56
 31
0.0
  0
LINE
  5
260
330
25C
100
AcDbEntity
  8
0
100
AcDbLine
 10
16.0
 20
73.8
 30
0.0
 11
16.0
 21
71.56
 31
0.0
  0
INSERT
  5
261
330
25C
100
AcDbEntity
  8
3F_DIM
100
AcDbBlockReference
  2
_CLOSEDFILLED
 10
8.0
 20
71.72
 30
0.0
 41
0.32000000000000006
 42
0.32000000000000006
 50
180.0
  0
INSERT
  5
263
330
25C
100
AcDbEntity
  8
3F_DIM
100
AcDbBlockReference
  2
_CLOSEDFILLED
 10
16.0
 20
71.72
 30
0.0
 41
0.32000000000000006
 42
0.32000000000000006
  0
LINE
  5
265
330
25C
100
AcDbEntity
  8
0
100
AcDbLine
 10
8.32
 20
71.72
 30
0.0
 11
11.8
 21
71.72
 31
0.0
  0
LINE
  5
266
330
25C
100
AcDbEntity
  8
0
100
AcDbLine
 10
12.2
 20
71.72
 30
0.0
 11
15.68
 21
71.72
 31
0.0
  0
MTEXT
  5
267
330
25C
100
AcDbEntity
  8
3F_DIM
 62
2
100
AcDbMText
 10
12.0
 20
71.72
 30
0.0
 40
0.4
 71
5
  1
8
  7
OpenSansCondensed-Light
  0
POINT
  5
268
330
25C
100
AcDbEntity
  8
Defpoints
100
AcDbPoint
 10
8.0
 20
71.72
 30
0.0
  0
POINT
  5
269
330
25C
100
AcDbEntity
  8
Defpoints
100
AcDbPoint
 10
8.0
 20
73.92
 30
0.0
  0
POINT
  5
26A
330
25C
100
AcDbEntity
  8
Defpoints
100
AcDbPoint
 10
16.0
 20
73.92
 30
0.0
  0
ENDBLK
  5
25E
330
25C
100
AcDbEntity
  8
0
100
AcDbBlockEnd
  0
BLOCK
  5
26D
330
26C
100
AcDbEntity
  8
0
100
AcDbBlockBegin
  2
*D21
 70
1
 10
0.0
 20
0.0
 30
0.0
  3
*D21
  1

  0
LINE
  5
26F
330
26C
100
AcDbEntity
  8
0
100
AcDbLine
 10
0.0
 20
73.8
 30
0.0
 11
0.0
 21
70.56
 31
0.0
  0
LINE
  5
270
330
26C
100
AcDbEntity
  8
0
100
AcDbLine
 10
16.0
 20
73.8
 30
0.0
 11
16.0
 21
70.56
 31
0.0
  0
INSERT
  5
271
330
26C
100
AcDbEntity
  8
3F_DIM
100
AcDbBlockReference
  2
_CLOSEDFILLED
 10
0.0
 20
70.72
 30
0.0
 41
0.32000000000000006
 42
0.32000000000000006
 50
180.0
  0
INSERT
  5
273
330
26C
100
AcDbEntity
  8
3F_DIM
100
AcDbBlockReference
  2
_CLOSEDFILLED
 10
16.0
 20
70.72
 30
0.0
 41
0.32000000000000006
 42
0.32000000000000006
  0
LINE
  5
275
330
26C
100
AcDbEntity
  8
0
100
AcDbLine
 10
0.32000000000000006
 20
70.72
 30
0.0
 11
7.6000000000000005
 21
70.72
 31
0.0
  0
LINE
  5
276
330
26C
100
AcDbEntity
  8
0
100
AcDbLine
 10
8.4
 20
70.72
 30
0.0
 11
15.68
 21
70.72
 31
0.0
  0
MTEXT
  5
277
330
26C
100
AcDbEntity
  8
3F_DIM
 62
2
100
AcDbMText
 10
8.0
 20
70.72
 30
0.0
 40
0.4
 71
5
  1
16
  7
OpenSansCondensed-Light
  0
POINT
  5
278
330
26C
100
AcDbEntity
  8
Defpoints
100
AcDbPoint
 10
0.0
 20
70.72
 30
0.0
  0
POINT
  5
279
330
26C
100
AcDbEntity
  8
Defpoints
100
AcDbPoint
 10
0.0
 20
73.92
 30
0.0
  0
POINT
  5
27A
330
26C
100
AcDbEntity
  8
Defpoints
100
AcDbPoint
 10
16.0
 20
73.92
 30
0.0
  0
ENDBLK
  5
26E
330
26C
100
AcDbEntity
  8
0
100
AcDbBlockEnd
  0
BLOCK
  5
27D
330
27C
100
AcDbEntity
  8
0
100
AcDbBlockBegin
  2
*D22
 70
1
 10
0.0
 20
0.0
 30
0.0
  3
*D22
  1

  0
LINE
  5
27F
330
27C
100
AcDbEntity
  8
0
100
AcDbLine
 10
-0.12
 20
73.92
 30
0.0
 11
-2.3600000000000003
 21
73.92
 31
0.0
  0
LINE
  5
280
330
27C
100
AcDbEntity
  8
0
100
AcDbLine
 10
-0.12
 20
81.92
 30
0.0
 11
-2.3600000000000003
 21
81.92
 31
0.0
  0
INSERT
  5
281
330
27C
100
AcDbEntity
  8
3F_DIM
100
AcDbBlockReference
  2
_CLOSEDFILLED
 10
-2.2
 20
73.92
 30
0.0
 41
0.32000000000000006
 42
0.32000000000000006
 50
270.0
  0
INSERT
  5
283
330
27C
100
AcDbEntity
  8
3F_DIM
100
AcDbBlockReference
  2
_CLOSEDFILLED
 10
-2.2
 20
81.92
 30
0.0
 41
0.32000000000000006
 42
0.32000000000000006
 50
90.0
  0
LINE
  5
285
330
27C
100
AcDbEntity
  8
0
100
AcDbLine
 10
-2.2
 20
74.24
 30
0.0
 11
-2.2
 21
77.72
 31
0.0
  0
LINE
  5
286
330
27C
100
AcDbEntity
  8
0
100
AcDbLine
 10
-2.2
 20
78.12
 30
0.0
 11
-2.2
 21
81.60000000000001
 31
0.0
  0
MTEXT
  5
287
330
27C
100
AcDbEntity
  8
3F_DIM
 62
2
100
AcDbMText
 10
-2.2
 20
77.92
 30
0.0
 40
0.4
 71
5
  1
8
  7
OpenSansCondensed-Light
 50
90.0
  0
POINT
  5
288
330
27C
100
AcDbEntity
  8
Defpoints
100
AcDbPoint
 10
-2.2
 20
73.92
 30
0.0
  0
POINT
  5
289
330
27C
100
AcDbEntity
  8
Defpoints
100
AcDbPoint
 10
0.0
 20
73.92
 30
0.0
  0
POINT
  5
28A
330
27C
100
AcDbEntity
  8
Defpoints
100
AcDbPoint
 10
0.0
 20
81.92
 30
0.0
  0
ENDBLK
  5
27E
330
27C
100
AcDbEntity
  8
0
100
AcDbBlockEnd
  0
BLOCK
  5
28D
330
28C
100
AcDbEntity
  8
0
100
AcDbBlockBegin
  2
*D23
 70
1
 10
0.0
 20
0.0
 30
0.0
  3
*D23
  1

  0
LINE
  5
28F
330
28C
100
AcDbEntity
  8
0
100
AcDbLine
 10
-0.12
 20
81.92
 30
0.0
 11
-2.3600000000000003
 21
81.92
 31
0.0
  0
LINE
  5
290
330
28C
100
AcDbEntity
  8
0
100
AcDbLine
 10
-0.12
 20
89.92
 30
0.0
 11
-2.3600000000000003
 21
89.92
 31
0.0
  0
INSERT
  5
291
330
28C
100
AcDbEntity
  8
3F_DIM
100
AcDbBlockReference
  2
_CLOSEDFILLED
 10
-2.2
 20
81.92
 30
0.0
 41
0.32000000000000006
 42
0.32000000000000006
 50
270.0
  0
INSERT
  5
293
330
28C
100
AcDbEntity
  8
3F_DIM
100
AcDbBlockReference
  2
_CLOSEDFILLED
 10
-2.2
 20
89.92
 30
0.0
 41
0.32000000000000006
 42
0.32000000000000006
 50
90.0
  0
LINE
  5
295
330
28C
100
AcDbEntity
  8
0
100
AcDbLine
 10
-2.2
 20
82.24
 30
0.0
 11
-2.2
 21
85.72
 31
0.0
  0
LINE
  5
296
330
28C
100
AcDbEntity
  8
0
100
AcDbLine
 10
-2.2
 20
86.12
 30
0.0
 11
-2.2
 21
89.60000000000001
 31
0.0
  0
MTEXT
  5
297
330
28C
100
AcDbEntity
  8
3F_DIM
 62
2
100
AcDbMText
 10
-2.2
 20
85.92
 30
0.0
 40
0.4
 71
5
  1
8
  7
OpenSansCondensed-Light
 50
90.0
  0
POINT
  5
298
330
28C
100
AcDbEntity
  8
Defpoints
100
AcDbPoint
 10
-2.2
 20
81.92
 30
0.0
  0
POINT
  5
299
330
28C
100
AcDbEntity
  8
Defpoints
100
AcDbPoint
 10
0.0
 20
81.92
 30
0.0
  0
POINT
  5
29A
330
28C
100
AcDbEntity
  8
Defpoints
100
AcDbPoint
 10
0.0
 20
89.92
 30
0.0
  0
ENDBLK
  5
28E
330
28C
100
AcDbEntity
  8
0
100
AcDbBlockEnd
  0
BLOCK
  5
29D
330
29C
100
AcDbEntity
  8
0
100
AcDbBlockBegin
  2
*D24
 70
1
 10
0.0
 20
0.0
 30
0.0
  3
*D24
  1

  0
LINE
  5
29F
330
29C
100
AcDbEntity
  8
0
100
AcDbLine
 10
-0.12
 20
73.92
 30
0.0
 11
-3.3600000000000003
 21
73.92
 31
0.0
  0
LINE
  5
2A0
330
29C
100
AcDbEntity
  8
0
100
AcDbLine
 10
-0.12
 20
89.92
 30
0.0
 11
-3.3600000000000003
 21
89.92
 31
0.0
  0
INSERT
  5
2A1
330
29C
100
AcDbEntity
  8
3F_DIM
100
AcDbBlockReference
  2
_CLOSEDFILLED
 10
-3.2
 20
73.92
 30
0.0
 41
0.32000000000000006
 42
0.32000000000000006
 50
270.0
  0
INSERT
  5
2A3
330
29C
100
AcDbEntity
  8
3F_DIM
100
AcDbBlockReference
  2
_CLOSEDFILLED
 10
-3.2
 20
89.92
 30
0.0
 41
0.32000000000000006
 42
0.32000000000000006
 50
90.0
  0
LINE
  5
2A5
330
29C
100
AcDbEntity
  8
0
100
AcDbLine
 10
-3.2
 20
74.24
 30
0.0
 11
-3.2
 21
81.52
 31
0.0
  0
LINE
  5
2A6
330
29C
100
AcDbEntity
  8
0
100
AcDbLine
 10
-3.2
 20
82.32000000000001
 30
0.0
 11
-3.2
 21
89.60000000000001
 31
0.0
  0
MTEXT
  5
2A7
330
29C
100
AcDbEntity
  8
3F_DIM
 62
2
100
AcDbMText
 10
-3.2
 20
81.92
 30
0.0
 40
0.4
 71
5
  1
16
  7
OpenSansCondensed-Light
 50
90.0
  0
POINT
  5
2A8
330
29C
100
AcDbEntity
  8
Defpoints
100
AcDbPoint
 10
-3.2
 20
73.92
 30
0.0
  0
POINT
  5
2A9
330
29C
100
AcDbEntity
  8
Defpoints
100
AcDbPoint
 10
0.0
 20
73.92
 30
0.0
  0
POINT
  5
2AA
330
29C
100
AcDbEntity
  8
Defpoints
100
AcDbPoint
 10
0.0
 20
89.92
 30
0.0
  0
ENDBLK
  5
29E
330
29C
100
AcDbEntity
  8
0
100
AcDbBlockEnd
  0
BLOCK
  5
2D4
330
2D3
100
AcDbEntity
  8
0
100
AcDbBlockBegin
  2
*D25
 70
1
 10
0.0
 20
0.0
 30
0.0
  3
*D25
  1

  0
LINE
  5
2D6
330
2D3
100
AcDbEntity
  8
0
100
AcDbLine
 10
24.96
 20
-0.12
 30
0.0
 11
24.96
 21
-2.3600000000000003
 31
0.0
  0
LINE
  5
2D7
330
2D3
100
AcDbEntity
  8
0
100
AcDbLine
 10
32.96
 20
-0.12
 30
0.0
 11
32.96
 21
-2.3600000000000003
 31
0.0
  0
INSERT
  5
2D8
330
2D3
100
AcDbEntity
  8
ELEV_Y1_DIM
100
AcDbBlockReference
  2
_CLOSEDFILLED
 10
24.96
 20
-2.2
 30
0.0
 41
0.32000000000000006
 42
0.32000000000000006
 50
180.0
  0
INSERT
  5
2DA
330
2D3
100
AcDbEntity
  8
ELEV_Y1_DIM
100
AcDbBlockReference
  2
_CLOSEDFILLED
 10
32.96
 20
-2.2
 30
0.0
 41
0.32000000000000006
 42
0.32000000000000006
  0
LINE
  5
2DC
330
2D3
100
AcDbEntity
  8
0
100
AcDbLine
 10
25.28
 20
-2.2
 30
0.0
 11
28.76
 21
-2.2
 31
0.0
  0
LINE
  5
2DD
330
2D3
100
AcDbEntity
  8
0
100
AcDbLine
 10
29.16
 20
-2.2
 30
0.0
 11
32.64
 21
-2.2
 31
0.0
  0
MTEXT
  5
2DE
330
2D3
100
AcDbEntity
  8
ELEV_Y1_DIM
 62
2
100
AcDbMText
 10
28.96
 20
-2.2
 30
0.0
 40
0.4
 71
5
  1
8
  7
OpenSansCondensed-Light
  0
POINT
  5
2DF
330
2D3
100
AcDbEntity
  8
Defpoints
100
AcDbPoint
 10
24.96
 20
-2.2
 30
0.0
  0
POINT
  5
2E0
330
2D3
100
AcDbEntity
  8
Defpoints
100
AcDbPoint
 10
24.96
 20
0.0
 30
0.0
  0
POINT
  5
2E1
330
2D3
100
AcDbEntity
  8
Defpoints
100
AcDbPoint
 10
32.96
 20
0.0
 30
0.0
  0
ENDBLK
  5
2D5
330
2D3
100
AcDbEntity
  8
0
100
AcDbBlockEnd
  0
BLOCK
  5
2E4
330
2E3
100
AcDbEntity
  8
0
100
AcDbBlockBegin
  2
*D26
 70
1
 10
0.0
 20
0.0
 30
0.0
  3
*D26
  1

  0
LINE
  5
2E6
330
2E3
100
AcDbEntity
  8
0
100
AcDbLine
 10
32.96
 20
-0.12
 30
0.0
 11
32.96
 21
-2.3600000000000003
 31
0.0
  0
LINE
  5
2E7
330
2E3
100
AcDbEntity
  8
0
100
AcDbLine
 10
40.96
 20
-0.12
 30
0.0
 11
40.96
 21
-2.3600000000000003
 31
0.0
  0
INSERT
  5
2E8
330
2E3
100
AcDbEntity
  8
ELEV_Y1_DIM
100
AcDbBlockReference
  2
_CLOSEDFILLED
 10
32.96
 20
-2.2
 30
0.0
 41
0.32000000000000006
 42
0.32000000000000006
 50
180.0
  0
INSERT
  5
2EA
330
2E3
100
AcDbEntity
  8
ELEV_Y1_DIM
100
AcDbBlockReference
  2
_CLOSEDFILLED
 10
40.96
 20
-2.2
 30
0.0
 41
0.32000000000000006
 42
0.32000000000000006
  0
LINE
  5
2EC
330
2E3
100
AcDbEntity
  8
0
100
AcDbLine
 10
33.28
 20
-2.2
 30
0.0
 11
36.76
 21
-2.2
 31
0.0
  0
LINE
  5
2ED
330
2E3
100
AcDbEntity
  8
0
100
AcDbLine
 10
37.160000000000004
 20
-2.2
 30
0.0
 11
40.64
 21
-2.2
 31
0.0
  0
MTEXT
  5
2EE
330
2E3
100
AcDbEntity
  8
ELEV_Y1_DIM
 62
2
100
AcDbMText
 10
36.96
 20
-2.2
 30
0.0
 40
0.4
 71
5
  1
8
  7
OpenSansCondensed-Light
  0
POINT
  5
2EF
330
2E3
100
AcDbEntity
  8
Defpoints
100
AcDbPoint
 10
32.96
 20
-2.2
 30
0.0
  0
POINT
  5
2F0
330
2E3
100
AcDbEntity
  8
Defpoints
100
AcDbPoint
 10
32.96
 20
0.0
 30
0.0
  0
POINT
  5
2F1
330
2E3
100
AcDbEntity
  8
Defpoints
100
AcDbPoint
 10
40.96
 20
0.0
 30
0.0
  0
ENDBLK
  5
2E5
330
2E3
100
AcDbEntity
  8
0
100
AcDbBlockEnd
  0
BLOCK
  5
2F4
330
2F3
100
AcDbEntity
  8
0
100
AcDbBlockBegin
  2
*D27
 70
1
 10
0.0
 20
0.0
 30
0.0
  3
*D27
  1

  0
LINE
  5
2F6
330
2F3
100
AcDbEntity
  8
0
100
AcDbLine
 10
24.96
 20
-0.12
 30
0.0
 11
24.96
 21
-3.3600000000000003
 31
0.0
  0
LINE
  5
2F7
330
2F3
100
AcDbEntity
  8
0
100
AcDbLine
 10
40.96
 20
-0.12
 30
0.0
 11
40.96
 21
-3.3600000000000003
 31
0.0
  0
INSERT
  5
2F8
330
2F3
100
AcDbEntity
  8
ELEV_Y1_DIM
100
AcDbBlockReference
  2
_CLOSEDFILLED
 10
24.96
 20
-3.2
 30
0.0
 41
0.32000000000000006
 42
0.32000000000000006
 50
180.0
  0
INSERT
  5
2FA
330
2F3
100
AcDbEntity
  8
ELEV_Y1_DIM
100
AcDbBlockReference
  2
_CLOSEDFILLED
 10
40.96
 20
-3.2
 30
0.0
 41
0.32000000000000006
 42
0.32000000000000006
  0
LINE
  5
2FC
330
2F3
100
AcDbEntity
  8
0
100
AcDbLine
 10
25.28
 20
-3.2
 30
0.0
 11
32.56
 21
-3.2
 31
0.0
  0
LINE
  5
2FD
330
2F3
100
AcDbEntity
  8
0
100
AcDbLine
 10
33.36
 20
-3.2
 30
0.0
 11
40.64
 21
-3.2
 31
0.0
  0
MTEXT
  5
2FE
330
2F3
100
AcDbEntity
  8
ELEV_Y1_DIM
 62
2
100
AcDbMText
 10
32.96
 20
-3.2
 30
0.0
 40
0.4
 71
5
  1
16
  7
OpenSansCondensed-Light
  0
POINT
  5
2FF
330
2F3
100
AcDbEntity
  8
Defpoints
100
AcDbPoint
 10
24.96
 20
-3.2
 30
0.0
  0
POINT
  5
300
330
2F3
100
AcDbEntity
  8
Defpoints
100
AcDbPoint
 10
24.96
 20
0.0
 30
0.0
  0
POINT
  5
301
330
2F3
100
AcDbEntity
  8
Defpoints
100
AcDbPoint
 10
40.96
 20
0.0
 30
0.0
  0
ENDBLK
  5
2F5
330
2F3
100
AcDbEntity
  8
0
100
AcDbBlockEnd
  0
BLOCK
  5
304
330
303
100
AcDbEntity
  8
0
100
AcDbBlockBegin
  2
*D28
 70
1
 10
0.0
 20
0.0
 30
0.0
  3
*D28
  1

  0
LINE
  5
306
330
303
100
AcDbEntity
  8
0
100
AcDbLine
 10
24.84
 20
0.0
 30
0.0
 11
22.6
 21
0.0
 31
0.0
  0
LINE
  5
307
330
303
100
AcDbEntity
  8
0
100
AcDbLine
 10
24.84
 20
4.0
 30
0.0
 11
22.6
 21
4.0
 31
0.0
  0
INSERT
  5
308
330
303
100
AcDbEntity
  8
ELEV_Y1_DIM
100
AcDbBlockReference
  2
_CLOSEDFILLED
 10
22.76
 20
0.0
 30
0.0
 41
0.32000000000000006
 42
0.32000000000000006
 50
270.0
  0
INSERT
  5
30A
330
303
100
AcDbEntity
  8
ELEV_Y1_DIM
100
AcDbBlockReference
  2
_CLOSEDFILLED
 10
22.76
 20
4.0
 30
0.0
 41
0.32000000000000006
 42
0.32000000000000006
 50
90.0
  0
LINE
  5
30C
330
303
100
AcDbEntity
  8
0
100
AcDbLine
 10
22.76
 20
0.32000000000000006
 30
0.0
 11
22.76
 21
1.8
 31
0.0
  0
LINE
  5
30D
330
303
100
AcDbEntity
  8
0
100
AcDbLine
 10
22.76
 20
2.2000000000000006
 30
0.0
 11
22.76
 21
3.6799999999999997
 31
0.0
  0
MTEXT
  5
30E
330
303
100
AcDbEntity
  8
ELEV_Y1_DIM
 62
2
100
AcDbMText
 10
22.76
 20
2.0
 30
0.0
 40
0.4
 71
5
  1
4
  7
OpenSansCondensed-Light
 50
90.0
  0
POINT
  5
30F
330
303
100
AcDbEntity
  8
Defpoints
100
AcDbPoint
 10
22.76
 20
0.0
 30
0.0
  0
POINT
  5
310
330
303
100
AcDbEntity
  8
Defpoints
100
AcDbPoint
 10
24.96
 20
0.0
 30
0.0
  0
POINT
  5
311
330
303
100
AcDbEntity
  8
Defpoints
100
AcDbPoint
 10
24.96
 20
4.0
 30
0.0
  0
ENDBLK
  5
305
330
303
100
AcDbEntity
  8
0
100
AcDbBlockEnd
  0
BLOCK
  5
314
330
313
100
AcDbEntity
  8
0
100
AcDbBlockBegin
  2
*D29
 70
1
 10
0.0
 20
0.0
 30
0.0
  3
*D29
  1

  0
LINE
  5
316
330
313
100
AcDbEntity
  8
0
100
AcDbLine
 10
24.84
 20
4.0
 30
0.0
 11
22.6
 21
4.0
 31
0.0
  0
LINE
  5
317
330
313
100
AcDbEntity
  8
0
100
AcDbLine
 10
24.84
 20
7.5
 30
0.0
 11
22.6
 21
7.5
 31
0.0
  0
INSERT
  5
318
330
313
100
AcDbEntity
  8
ELEV_Y1_DIM
100
AcDbBlockReference
  2
_CLOSEDFILLED
 10
22.76
 20
4.0
 30
0.0
 41
0.32000000000000006
 42
0.32000000000000006
 50
270.0
  0
INSERT
  5
31A
330
313
100
AcDbEntity
  8
ELEV_Y1_DIM
100
AcDbBlockReference
  2
_CLOSEDFILLED
 10
22.76
 20
7.5
 30
0.0
 41
0.32000000000000006
 42
0.32000000000000006
 50
90.0
  0
LINE
  5
31C
330
313
100
AcDbEntity
  8
0
100
AcDbLine
 10
22.76
 20
4.32
 30
0.0
 11
22.76
 21
5.15
 31
0.0
  0
LINE
  5
31D
330
313
100
AcDbEntity
  8
0
100
AcDbLine
 10
22.76
 20
6.35
 30
0.0
 11
22.76
 21
7.18
 31
0.0
  0
MTEXT
  5
31E
330
313
100
AcDbEntity
  8
ELEV_Y1_DIM
 62
2
100
AcDbMText
 10
22.76
 20
5.75
 30
0.0
 40
0.4
 71
5
  1
3.5
  7
OpenSansCondensed-Light
 50
90.0
  0
POINT
  5
31F
330
313
100
AcDbEntity
  8
Defpoints
100
AcDbPoint
 10
22.76
 20
4.0
 30
0.0
  0
POINT
  5
320
330
313
100
AcDbEntity
  8
Defpoints
100
AcDbPoint
 10
24.96
 20
4.0
 30
0.0
  0
POINT
  5
321
330
313
100
AcDbEntity
  8
Defpoints
100
AcDbPoint
 10
24.96
 20
7.5
 30
0.0
  0
ENDBLK
  5
315
330
313
100
AcDbEntity
  8
0
100
AcDbBlockEnd
  0
BLOCK
  5
324
330
323
100
AcDbEntity
  8
0
100
AcDbBlockBegin
  2
*D30
 70
1
 10
0.0
 20
0.0
 30
0.0
  3
*D30
  1

  0
LINE
  5
326
330
323
100
AcDbEntity
  8
0
100
AcDbLine
 10
24.84
 20
7.5
 30
0.0
 11
22.6
 21
7.5
 31
0.0
  0
LINE
  5
327
330
323
100
AcDbEntity
  8
0
100
AcDbLine
 10
24.84
 20
11.0
 30
0.0
 11
22.6
 21
11.0
 31
0.0
  0
INSERT
  5
328
330
323
100
AcDbEntity
  8
ELEV_Y1_DIM
100
AcDbBlockReference
  2
_CLOSEDFILLED
 10
22.76
 20
7.5
 30
0.0
 41
0.32000000000000006
 42
0.32000000000000006
 50
270.0
  0
INSERT
  5
32A
330
323
100
AcDbEntity
  8
ELEV_Y1_DIM
100
AcDbBlockReference
  2
_CLOSEDFILLED
 10
22.76
 20
11.0
 30
0.0
 41
0.32000000000000006
 42
0.32000000000000006
 50
90.0
  0
LINE
  5
32C
330
323
100
AcDbEntity
  8
0
100
AcDbLine
 10
22.76
 20
7.82
 30
0.0
 11
22.76
 21
8.65
 31
0.0
  0
LINE
  5
32D
330
323
100
AcDbEntity
  8
0
100
AcDbLine
 10
22.76
 20
9.85
 30
0.0
 11
22.76
 21
10.68
 31
0.0
  0
MTEXT
  5
32E
330
323
100
AcDbEntity
  8
ELEV_Y1_DIM
 62
2
100
AcDbMText
 10
22.76
 20
9.25
 30
0.0
 40
0.4
 71
5
  1
3.5
  7
OpenSansCondensed-Light
 50
90.0
  0
POINT
  5
32F
330
323
100
AcDbEntity
  8
Defpoints
100
AcDbPoint
 10
22.76
 20
7.5
 30
0.0
  0
POINT
  5
330
330
323
100
AcDbEntity
  8
Defpoints
100
AcDbPoint
 10
24.96
 20
7.5
 30
0.0
  0
POINT
  5
331
330
323
100
AcDbEntity
  8
Defpoints
100
AcDbPoint
 10
24.96
 20
11.0
 30
0.0
  0
ENDBLK
  5
325
330
323
100
AcDbEntity
  8
0
100
AcDbBlockEnd
  0
BLOCK
  5
334
330
333
100
AcDbEntity
  8
0
100
AcDbBlockBegin
  2
*D31
 70
1
 10
0.0
 20
0.0
 30
0.0
  3
*D31
  1

  0
LINE
  5
336
330
333
100
AcDbEntity
  8
0
100
AcDbLine
 10
24.84
 20
0.0
 30
0.0
 11
21.6
 21
0.0
 31
0.0
  0
LINE
  5
337
330
333
100
AcDbEntity
  8
0
100
AcDbLine
 10
24.84
 20
11.0
 30
0.0
 11
21.6
 21
11.0
 31
0.0
  0
INSERT
  5
338
330
333
100
AcDbEntity
  8
ELEV_Y1_DIM
100
AcDbBlockReference
  2
_CLOSEDFILLED
 10
21.76
 20
0.0
 30
0.0
 41
0.32000000000000006
 42
0.32000000000000006
 50
270.0
  0
INSERT
  5
33A
330
333
100
AcDbEntity
  8
ELEV_Y1_DIM
100
AcDbBlockReference
  2
_CLOSEDFILLED
 10
21.76
 20
11.0
 30
0.0
 41
0.32000000000000006
 42
0.32000000000000006
 50
90.0
  0
LINE
  5
33C
330
333
100
AcDbEntity
  8
0
100
AcDbLine
 10
21.76
 20
0.32000000000000006
 30
0.0
 11
21.76
 21
5.099999999999999
 31
0.0
  0
LINE
  5
33D
330
333
100
AcDbEntity
  8
0
100
AcDbLine
 10
21.76
 20
5.9
 30
0.0
 11
21.76
 21
10.68
 31
0.0
  0
MTEXT
  5
33E
330
333
100
AcDbEntity
  8
ELEV_Y1_DIM
 62
2
100
AcDbMText
 10
21.76
 20
5.5
 30
0.0
 40
0.4
 71
5
  1
11
  7
OpenSansCondensed-Light
 50
90.0
  0
POINT
  5
33F
330
333
100
AcDbEntity
  8
Defpoints
100
AcDbPoint
 10
21.76
 20
0.0
 30
0.0
  0
POINT
  5
340
330
333
100
AcDbEntity
  8
Defpoints
100
AcDbPoint
 10
24.96
 20
0.0
 30
0.0
  0
POINT
  5
341
330
333
100
AcDbEntity
  8
Defpoints
100
AcDbPoint
 10
24.96
 20
11.0
 30
0.0
  0
ENDBLK
  5
335
330
333
100
AcDbEntity
  8
0
100
AcDbBlockEnd
  0
BLOCK
  5
36B
330
36A
100
AcDbEntity
  8
0
100
AcDbBlockBegin
  2
*D32
 70
1
 10
0.0
 20
0.0
 30
0.0
  3
*D32
  1

  0
LINE
  5
36D
330
36A
100
AcDbEntity
  8
0
100
AcDbLine
 10
24.96
 20
19.52
 30
0.0
 11
24.96
 21
17.28
 31
0.0
  0
LINE
  5
36E
330
36A
100
AcDbEntity
  8
0
100
AcDbLine
 10
32.96
 20
19.52
 30
0.0
 11
32.96
 21
17.28
 31
0.0
  0
INSERT
  5
36F
330
36A
100
AcDbEntity
  8
ELEV_Y2_DIM
100
AcDbBlockReference
  2
_CLOSEDFILLED
 10
24.96
 20
17.44
 30
0.0
 41
0.32000000000000006
 42
0.32000000000000006
 50
180.0
  0
INSERT
  5
371
330
36A
100
AcDbEntity
  8
ELEV_Y2_DIM
100
AcDbBlockReference
  2
_CLOSEDFILLED
 10
32.96
 20
17.44
 30
0.0
 41
0.32000000000000006
 42
0.32000000000000006
  0
LINE
  5
373
330
36A
100
AcDbEntity
  8
0
100
AcDbLine
 10
25.28
 20
17.44
 30
0.0
 11
28.76
 21
17.44
 31
0.0
  0
LINE
  5
374
330
36A
100
AcDbEntity
  8
0
100
AcDbLine
 10
29.16
 20
17.44
 30
0.0
 11
32.64
 21
17.44
 31
0.0
  0
MTEXT
  5
375
330
36A
100
AcDbEntity
  8
ELEV_Y2_DIM
 62
2
100
AcDbMText
 10
28.96
 20
17.44
 30
0.0
 40
0.4
 71
5
  1
8
  7
OpenSansCondensed-Light
  0
POINT
  5
376
330
36A
100
AcDbEntity
  8
Defpoints
100
AcDbPoint
 10
24.96
 20
17.44
 30
0.0
  0
POINT
  5
377
330
36A
100
AcDbEntity
  8
Defpoints
100
AcDbPoint
 10
24.96
 20
19.64
 30
0.0
  0
POINT
  5
378
330
36A
100
AcDbEntity
  8
Defpoints
100
AcDbPoint
 10
32.96
 20
19.64
 30
0.0
  0
ENDBLK
  5
36C
330
36A
100
AcDbEntity
  8
0
100
AcDbBlockEnd
  0
BLOCK
  5
37B
330
37A
100
AcDbEntity
  8
0
100
AcDbBlockBegin
  2
*D33
 70
1
 10
0.0
 20
0.0
 30
0.0
  3
*D33
  1

  0
LINE
  5
37D
330
37A
100
AcDbEntity
  8
0
100
AcDbLine
 10
32.96
 20
19.52
 30
0.0
 11
32.96
 21
17.28
 31
0.0
  0
LINE
  5
37E
330
37A
100
AcDbEntity
  8
0
100
AcDbLine
 10
40.96
 20
19.52
 30
0.0
 11
40.96
 21
17.28
 31
0.0
  0
INSERT
  5
37F
330
37A
100
AcDbEntity
  8
ELEV_Y2_DIM
100
AcDbBlockReference
  2
_CLOSEDFILLED
 10
32.96
 20
17.44
 30
0.0
 41
0.32000000000000006
 42
0.32000000000000006
 50
180.0
  0
INSERT
  5
381
330
37A
100
AcDbEntity
  8
ELEV_Y2_DIM
100
AcDbBlockReference
  2
_CLOSEDFILLED
 10
40.96
 20
17.44
 30
0.0
 41
0.32000000000000006
 42
0.32000000000000006
  0
LINE
  5
383
330
37A
100
AcDbEntity
  8
0
100
AcDbLine
 10
33.28
 20
17.44
 30
0.0
 11
36.76
 21
17.44
 31
0.0
  0
LINE
  5
384
330
37A
100
AcDbEntity
  8
0
100
AcDbLine
 10
37.160000000000004
 20
17.44
 30
0.0
 11
40.64
 21
17.44
 31
0.0
  0
MTEXT
  5
385
330
37A
100
AcDbEntity
  8
ELEV_Y2_DIM
 62
2
100
AcDbMText
 10
36.96
 20
17.44
 30
0.0
 40
0.4
 71
5
  1
8
  7
OpenSansCondensed-Light
  0
POINT
  5
386
330
37A
100
AcDbEntity
  8
Defpoints
100
AcDbPoint
 10
32.96
 20
17.44
 30
0.0
  0
POINT
  5
387
330
37A
100
AcDbEntity
  8
Defpoints
100
AcDbPoint
 10
32.96
 20
19.64
 30
0.0
  0
POINT
  5
388
330
37A
100
AcDbEntity
  8
Defpoints
100
AcDbPoint
 10
40.96
 20
19.64
 30
0.0
  0
ENDBLK
  5
37C
330
37A
100
AcDbEntity
  8
0
100
AcDbBlockEnd
  0
BLOCK
  5
38B
330
38A
100
AcDbEntity
  8
0
100
AcDbBlockBegin
  2
*D34
 70
1
 10
0.0
 20
0.0
 30
0.0
  3
*D34
  1

  0
LINE
  5
38D
330
38A
100
AcDbEntity
  8
0
100
AcDbLine
 10
24.96
 20
19.52
 30
0.0
 11
24.96
 21
16.28
 31
0.0
  0
LINE
  5
38E
330
38A
100
AcDbEntity
  8
0
100
AcDbLine
 10
40.96
 20
19.52
 30
0.0
 11
40.96
 21
16.28
 31
0.0
  0
INSERT
  5
38F
330
38A
100
AcDbEntity
  8
ELEV_Y2_DIM
100
AcDbBlockReference
  2
_CLOSEDFILLED
 10
24.96
 20
16.44
 30
0.0
 41
0.32000000000000006
 42
0.32000000000000006
 50
180.0
  0
INSERT
  5
391
330
38A
100
AcDbEntity
  8
ELEV_Y2_DIM
100
AcDbBlockReference
  2
_CLOSEDFILLED
 10
40.96
 20
16.44
 30
0.0
 41
0.32000000000000006
 42
0.32000000000000006
  0
LINE
  5
393
330
38A
100
AcDbEntity
  8
0
100
AcDbLine
 10
25.28
 20
16.44
 30
0.0
 11
32.56
 21
16.44
 31
0.0
  0
LINE
  5
394
330
38A
100
AcDbEntity
  8
0
100
AcDbLine
 10
33.36
 20
16.44
 30
0.0
 11
40.64
 21
16.44
 31
0.0
  0
MTEXT
  5
395
330
38A
100
AcDbEntity
  8
ELEV_Y2_DIM
 62
2
100
AcDbMText
 10
32.96
 20
16.44
 30
0.0
 40
0.4
 71
5
  1
16
  7
OpenSansCondensed-Light
  0
POINT
  5
396
330
38A
100
AcDbEntity
  8
Defpoints
100
AcDbPoint
 10
24.96
 20
16.44
 30
0.0
  0
POINT
  5
397
330
38A
100
AcDbEntity
  8
Defpoints
100
AcDbPoint
 10
24.96
 20
19.64
 30
0.0
  0
POINT
  5
398
330
38A
100
AcDbEntity
  8
Defpoints
100
AcDbPoint
 10
40.96
 20
19.64
 30
0.0
  0
ENDBLK
  5
38C
330
38A
100
AcDbEntity
  8
0
100
AcDbBlockEnd
  0
BLOCK
  5
39B
330
39A
100
AcDbEntity
  8
0
100
AcDbBlockBegin
  2
*D35
 70
1
 10
0.0
 20
0.0
 30
0.0
  3
*D35
  1

  0
LINE
  5
39D
330
39A
100
AcDbEntity
  8
0
100
AcDbLine
 10
24.84
 20
19.64
 30
0.0
 11
22.6
 21
19.64
 31
0.0
  0
LINE
  5
39E
330
39A
100
AcDbEntity
  8
0
100
AcDbLine
 10
24.84
 20
23.64
 30
0.0
 11
22.6
 21
23.64
 31
0.0
  0
INSERT
  5
39F
330
39A
100
AcDbEntity
  8
ELEV_Y2_DIM
100
AcDbBlockReference
  2
_CLOSEDFILLED
 10
22.76
 20
19.64
 30
0.0
 41
0.32000000000000006
 42
0.32000000000000006
 50
270.0
  0
INSERT
  5
3A1
330
39A
100
AcDbEntity
  8
ELEV_Y2_DIM
100
AcDbBlockReference
  2
_CLOSEDFILLED
 10
22.76
 20
23.64
 30
0.0
 41
0.32000000000000006
 42
0.32000000000000006
 50
90.0
  0
LINE
  5
3A3
330
39A
100
AcDbEntity
  8
0
100
AcDbLine
 10
22.76
 20
19.96
 30
0.0
 11
22.76
 21
21.44
 31
0.0
  0
LINE
  5
3A4
330
39A
100
AcDbEntity
  8
0
100
AcDbLine
 10
22.76
 20
21.84
 30
0.0
 11
22.76
 21
23.32
 31
0.0
  0
MTEXT
  5
3A5
330
39A
100
AcDbEntity
  8
ELEV_Y2_DIM
 62
2
100
AcDbMText
 10
22.76
 20
21.64
 30
0.0
 40
0.4
 71
5
  1
4
  7
OpenSansCondensed-Light
 50
90.0
  0
POINT
  5
3A6
330
39A
100
AcDbEntity
  8
Defpoints
100
AcDbPoint
 10
22.76
 20
19.64
 30
0.0
  0
POINT
  5
3A7
330
39A
100
AcDbEntity
  8
Defpoints
100
AcDbPoint
 10
24.96
 20
19.64
 30
0.0
  0
POINT
  5
3A8
330
39A
100
AcDbEntity
  8
Defpoints
100
AcDbPoint
 10
24.96
 20
23.64
 30
0.0
  0
ENDBLK
  5
39C
330
39A
100
AcDbEntity
  8
0
100
AcDbBlockEnd
  0
BLOCK
  5
3AB
330
3AA
100
AcDbEntity
  8
0
100
AcDbBlockBegin
  2
*D36
 70
1
 10
0.0
 20
0.0
 30
0.0
  3
*D36
  1

  0
LINE
  5
3AD
330
3AA
100
AcDbEntity
  8
0
100
AcDbLine
 10
24.84
 20
23.64
 30
0.0
 11
22.6
 21
23.64
 31
0.0
  0
LINE
  5
3AE
330
3AA
100
AcDbEntity
  8
0
100
AcDbLine
 10
24.84
 20
27.14
 30
0.0
 11
22.6
 21
27.14
 31
0.0
  0
INSERT
  5
3AF
330
3AA
100
AcDbEntity
  8
ELEV_Y2_DIM
100
AcDbBlockReference
  2
_CLOSEDFILLED
 10
22.76
 20
23.64
 30
0.0
 41
0.32000000000000006
 42
0.32000000000000006
 50
270.0
  0
INSERT
  5
3B1
330
3AA
100
AcDbEntity
  8
ELEV_Y2_DIM
100
AcDbBlockReference
  2
_CLOSEDFILLED
 10
22.76
 20
27.14
 30
0.0
 41
0.32000000000000006
 42
0.32000000000000006
 50
90.0
  0
LINE
  5
3B3
330
3AA
100
AcDbEntity
  8
0
100
AcDbLine
 10
22.76
 20
23.96
 30
0.0
 11
22.76
 21
24.79
 31
0.0
  0
LINE
  5
3B4
330
3AA
100
AcDbEntity
  8
0
100
AcDbLine
 10
22.76
 20
25.990000000000002
 30
0.0
 11
22.76
 21
26.82
 31
0.0
  0
MTEXT
  5
3B5
330
3AA
100
AcDbEntity
  8
ELEV_Y2_DIM
 62
2
100
AcDbMText
 10
22.76
 20
25.39
 30
0.0
 40
0.4
 71
5
  1
3.5
  7
OpenSansCondensed-Light
 50
90.0
  0
POINT
  5
3B6
330
3AA
100
AcDbEntity
  8
Defpoints
100
AcDbPoint
 10
22.76
 20
23.64
 30
0.0
  0
POINT
  5
3B7
330
3AA
100
AcDbEntity
  8
Defpoints
100
AcDbPoint
 10
24.96
 20
23.64
 30
0.0
  0
POINT
  5
3B8
330
3AA
100
AcDbEntity
  8
Defpoints
100
AcDbPoint
 10
24.96
 20
27.14
 30
0.0
  0
ENDBLK
  5
3AC
330
3AA
100
AcDbEntity
  8
0
100
AcDbBlockEnd
  0
BLOCK
  5
3BB
330
3BA
100
AcDbEntity
  8
0
100
AcDbBlockBegin
  2
*D37
 70
1
 10
0.0
 20
0.0
 30
0.0
  3
*D37
  1

  0
LINE
  5
3BD
330
3BA
100
AcDbEntity
  8
0
100
AcDbLine
 10
24.84
 20
27.14
 30
0.0
 11
22.6
 21
27.14
 31
0.0
  0
LINE
  5
3BE
330
3BA
100
AcDbEntity
  8
0
100
AcDbLine
 10
24.84
 20
30.64
 30
0.0
 11
22.6
 21
30.64
 31
0.0
  0
INSERT
  5
3BF
330
3BA
100
AcDbEntity
  8
ELEV_Y2_DIM
100
AcDbBlockReference
  2
_CLOSEDFILLED
 10
22.76
 20
27.14
 30
0.0
 41
0.32000000000000006
 42
0.32000000000000006
 50
270.0
  0
INSERT
  5
3C1
330
3BA
100
AcDbEntity
  8
ELEV_Y2_DIM
100
AcDbBlockReference
  2
_CLOSEDFILLED
 10
22.76
 20
30.64
 30
0.0
 41
0.32000000000000006
 42
0.32000000000000006
 50
90.0
  0
LINE
  5
3C3
330
3BA
100
AcDbEntity
  8
0
100
AcDbLine
 10
22.76
 20
27.46
 30
0.0
 11
22.76
 21
28.29
 31
0.0
  0
LINE
  5
3C4
330
3BA
100
AcDbEntity
  8
0
100
AcDbLine
 10
22.76
 20
29.490000000000002
 30
0.0
 11
22.76
 21
30.32
 31
0.0
  0
MTEXT
  5
3C5
330
3BA
100
AcDbEntity
  8
ELEV_Y2_DIM
 62
2
100
AcDbMText
 10
22.76
 20
28.89
 30
0.0
 40
0.4
 71
5
  1
3.5
  7
OpenSansCondensed-Light
 50
90.0
  0
POINT
  5
3C6
330
3BA
100
AcDbEntity
  8
Defpoints
100
AcDbPoint
 10
22.76
 20
27.14
 30
0.0
  0
POINT
  5
3C7
330
3BA
100
AcDbEntity
  8
Defpoints
100
AcDbPoint
 10
24.96
 20
27.14
 30
0.0
  0
POINT
  5
3C8
330
3BA
100
AcDbEntity
  8
Defpoints
100
AcDbPoint
 10
24.96
 20
30.64
 30
0.0
  0
ENDBLK
  5
3BC
330
3BA
100
AcDbEntity
  8
0
100
AcDbBlockEnd
  0
BLOCK
  5
3CB
330
3CA
100
AcDbEntity
  8
0
100
AcDbBlockBegin
  2
*D38
 70
1
 10
0.0
 20
0.0
 30
0.0
  3
*D38
  1

  0
LINE
  5
3CD
330
3CA
100
AcDbEntity
  8
0
100
AcDbLine
 10
24.84
 20
19.64
 30
0.0
 11
21.6
 21
19.64
 31
0.0
  0
LINE
  5
3CE
330
3CA
100
AcDbEntity
  8
0
100
AcDbLine
 10
24.84
 20
30.64
 30
0.0
 11
21.6
 21
30.64
 31
0.0
  0
INSERT
  5
3CF
330
3CA
100
AcDbEntity
  8
ELEV_Y2_DIM
100
AcDbBlockReference
  2
_CLOSEDFILLED
 10
21.76
 20
19.64
 30
0.0
 41
0.32000000000000006
 42
0.32000000000000006
 50
270.0
  0
INSERT
  5
3D1
330
3CA
100
AcDbEntity
  8
ELEV_Y2_DIM
100
AcDbBlockReference
  2
_CLOSEDFILLED
 10
21.76
 20
30.64
 30
0.0
 41
0.32000000000000006
 42
0.32000000000000006
 50
90.0
  0
LINE
  5
3D3
330
3CA
100
AcDbEntity
  8
0
100
AcDbLine
 10
21.76
 20
19.96
 30
0.0
 11
21.76
 21
24.740000000000002
 31
0.0
  0
LINE
  5
3D4
330
3CA
100
AcDbEntity
  8
0
100
AcDbLine
 10
21.76
 20
25.54
 30
0.0
 11
21.76
 21
30.32
 31
0.0
  0
MTEXT
  5
3D5
330
3CA
100
AcDbEntity
  8
ELEV_Y2_DIM
 62
2
100
AcDbMText
 10
21.76
 20
25.14
 30
0.0
 40
0.4
 71
5
  1
11
  7
OpenSansCondensed-Light
 50
90.0
  0
POINT
  5
3D6
330
3CA
100
AcDbEntity
  8
Defpoints
100
AcDbPoint
 10
21.76
 20
19.64
 30
0.0
  0
POINT
  5
3D7
330
3CA
100
AcDbEntity
  8
Defpoints
100
AcDbPoint
 10
24.96
 20
19.64
 30
0.0
  0
POINT
  5
3D8
330
3CA
100
AcDbEntity
  8
Defpoints
100
AcDbPoint
 10
24.96
 20
30.64
 30
0.0
  0
ENDBLK
  5
3CC
330
3CA
100
AcDbEntity
  8
0
100
AcDbBlockEnd
  0
BLOCK
  5
402
330
401
100
AcDbEntity
  8
0
100
AcDbBlockBegin
  2
*D39
 70
1
 10
0.0
 20
0.0
 30
0.0
  3
*D39
  1

  0
LINE
  5
404
330
401
100
AcDbEntity
  8
0
100
AcDbLine
 10
24.96
 20
39.160000000000004
 30
0.0
 11
24.96
 21
36.92000000000001
 31
0.0
  0
LINE
  5
405
330
401
100
AcDbEntity
  8
0
100
AcDbLine
 10
32.96
 20
39.160000000000004
 30
0.0
 11
32.96
 21
36.92000000000001
 31
0.0
  0
INSERT
  5
406
330
401
100
AcDbEntity
  8
ELEV_Y3_DIM
100
AcDbBlockReference
  2
_CLOSEDFILLED
 10
24.96
 20
37.080000000000005
 30
0.0
 41
0.32000000000000006
 42
0.32000000000000006
 50
180.0
  0
INSERT
  5
408
330
401
100
AcDbEntity
  8
ELEV_Y3_DIM
100
AcDbBlockReference
  2
_CLOSEDFILLED
 10
32.96
 20
37.080000000000005
 30
0.0
 41
0.32000000000000006
 42
0.32000000000000006
  0
LINE
  5
40A
330
401
100
AcDbEntity
  8
0
100
AcDbLine
 10
25.28
 20
37.080000000000005
 30
0.0
 11
28.76
 21
37.080000000000005
 31
0.0
  0
LINE
  5
40B
330
401
100
AcDbEntity
  8
0
100
AcDbLine
 10
29.16
 20
37.080000000000005
 30
0.0
 11
32.64
 21
37.080000000000005
 31
0.0
  0
MTEXT
  5
40C
330
401
100
AcDbEntity
  8
ELEV_Y3_DIM
 62
2
100
AcDbMText
 10
28.96
 20
37.080000000000005
 30
0.0
 40
0.4
 71
5
  1
8
  7
OpenSansCondensed-Light
  0
POINT
  5
40D
330
401
100
AcDbEntity
  8
Defpoints
100
AcDbPoint
 10
24.96
 20
37.080000000000005
 30
0.0
  0
POINT
  5
40E
330
401
100
AcDbEntity
  8
Defpoints
100
AcDbPoint
 10
24.96
 20
39.28
 30
0.0
  0
POINT
  5
40F
330
401
100
AcDbEntity
  8
Defpoints
100
AcDbPoint
 10
32.96
 20
39.28
 30
0.0
  0
ENDBLK
  5
403
330
401
100
AcDbEntity
  8
0
100
AcDbBlockEnd
  0
BLOCK
  5
412
330
411
100
AcDbEntity
  8
0
100
AcDbBlockBegin
  2
*D40
 70
1
 10
0.0
 20
0.0
 30
0.0
  3
*D40
  1

  0
LINE
  5
414
330
411
100
AcDbEntity
  8
0
100
AcDbLine
 10
32.96
 20
39.160000000000004
 30
0.0
 11
32.96
 21
36.92000000000001
 31
0.0
  0
LINE
  5
415
330
411
100
AcDbEntity
  8
0
100
AcDbLine
 10
40.96
 20
39.160000000000004
 30
0.0
 11
40.96
 21
36.92000000000001
 31
0.0
  0
INSERT
  5
416
330
411
100
AcDbEntity
  8
ELEV_Y3_DIM
100
AcDbBlockReference
  2
_CLOSEDFILLED
 10
32.96
 20
37.080000000000005
 30
0.0
 41
0.32000000000000006
 42
0.32000000000000006
 50
180.0
  0
INSERT
  5
418
330
411
100
AcDbEntity
  8
ELEV_Y3_DIM
100
AcDbBlockReference
  2
_CLOSEDFILLED
 10
40.96
 20
37.080000000000005
 30
0.0
 41
0.32000000000000006
 42
0.32000000000000006
  0
LINE
  5
41A
330
411
100
AcDbEntity
  8
0
100
AcDbLine
 10
33.28
 20
37.080000000000005
 30
0.0
 11
36.76
 21
37.080000000000005
 31
0.0
  0
LINE
  5
41B
330
411
100
AcDbEntity
  8
0
100
AcDbLine
 10
37.160000000000004
 20
37.080000000000005
 30
0.0
 11
40.64
 21
37.080000000000005
 31
0.0
  0
MTEXT
  5
41C
330
411
100
AcDbEntity
  8
ELEV_Y3_DIM
 62
2
100
AcDbMText
 10
36.96
 20
37.080000000000005
 30
0.0
 40
0.4
 71
5
  1
8
  7
OpenSansCondensed-Light
  0
POINT
  5
41D
330
411
100
AcDbEntity
  8
Defpoints
100
AcDbPoint
 10
32.96
 20
37.080000000000005
 30
0.0
  0
POINT
  5
41E
330
411
100
AcDbEntity
  8
Defpoints
100
AcDbPoint
 10
32.96
 20
39.28
 30
0.0
  0
POINT
  5
41F
330
411
100
AcDbEntity
  8
Defpoints
100
AcDbPoint
 10
40.96
 20
39.28
 30
0.0
  0
ENDBLK
  5
413
330
411
100
AcDbEntity
  8
0
100
AcDbBlockEnd
  0
BLOCK
  5
422
330
421
100
AcDbEntity
  8
0
100
AcDbBlockBegin
  2
*D41
 70
1
 10
0.0
 20
0.0
 30
0.0
  3
*D41
  1

  0
LINE
  5
424
330
421
100
AcDbEntity
  8
0
100
AcDbLine
 10
24.96
 20
39.160000000000004
 30
0.0
 11
24.96
 21
35.92000000000001
 31
0.0
  0
LINE
  5
425
330
421
100
AcDbEntity
  8
0
100
AcDbLine
 10
40.96
 20
39.160000000000004
 30
0.0
 11
40.96
 21
35.92000000000001
 31
0.0
  0
INSERT
  5
426
330
421
100
AcDbEntity
  8
ELEV_Y3_DIM
100
AcDbBlockReference
  2
_CLOSEDFILLED
 10
24.96
 20
36.080000000000005
 30
0.0
 41
0.32000000000000006
 42
0.32000000000000006
 50
180.0
  0
INSERT
  5
428
330
421
100
AcDbEntity
  8
ELEV_Y3_DIM
100
AcDbBlockReference
  2
_CLOSEDFILLED
 10
40.96
 20
36.080000000000005
 30
0.0
 41
0.32000000000000006
 42
0.32000000000000006
  0
LINE
  5
42A
330
421
100
AcDbEntity
  8
0
100
AcDbLine
 10
25.28
 20
36.080000000000005
 30
0.0
 11
32.56
 21
36.080000000000005
 31
0.0
  0
LINE
  5
42B
330
421
100
AcDbEntity
  8
0
100
AcDbLine
 10
33.36
 20
36.080000000000005
 30
0.0
 11
40.64
 21
36.080000000000005
 31
0.0
  0
MTEXT
  5
42C
330
421
100
AcDbEntity
  8
ELEV_Y3_DIM
 62
2
100
AcDbMText
 10
32.96
 20
36.080000000000005
 30
0.0
 40
0.4
 71
5
  1
16
  7
OpenSansCondensed-Light
  0
POINT
  5
42D
330
421
100
AcDbEntity
  8
Defpoints
100
AcDbPoint
 10
24.96
 20
36.080000000000005
 30
0.0
  0
POINT
  5
42E
330
421
100
AcDbEntity
  8
Defpoints
100
AcDbPoint
 10
24.96
 20
39.28
 30
0.0
  0
POINT
  5
42F
330
421
100
AcDbEntity
  8
Defpoints
100
AcDbPoint
 10
40.96
 20
39.28
 30
0.0
  0
ENDBLK
  5
423
330
421
100
AcDbEntity
  8
0
100
AcDbBlockEnd
  0
BLOCK
  5
432
330
431
100
AcDbEntity
  8
0
100
AcDbBlockBegin
  2
*D42
 70
1
 10
0.0
 20
0.0
 30
0.0
  3
*D42
  1

  0
LINE
  5
434
330
431
100
AcDbEntity
  8
0
100
AcDbLine
 10
24.84
 20
39.28
 30
0.0
 11
22.6
 21
39.28
 31
0.0
  0
LINE
  5
435
330
431
100
AcDbEntity
  8
0
100
AcDbLine
 10
24.84
 20
43.28
 30
0.0
 11
22.6
 21
43.28
 31
0.0
  0
INSERT
  5
436
330
431
100
AcDbEntity
  8
ELEV_Y3_DIM
100
AcDbBlockReference
  2
_CLOSEDFILLED
 10
22.76
 20
39.28
 30
0.0
 41
0.32000000000000006
 42
0.32000000000000006
 50
270.0
  0
INSERT
  5
438
330
431
100
AcDbEntity
  8
ELEV_Y3_DIM
100
AcDbBlockReference
  2
_CLOSEDFILLED
 10
22.76
 20
43.28
 30
0.0
 41
0.32000000000000006
 42
0.32000000000000006
 50
90.0
  0
LINE
  5
43A
330
431
100
AcDbEntity
  8
0
100
AcDbLine
 10
22.76
 20
39.6
 30
0.0
 11
22.76
 21
41.08
 31
0.0
  0
LINE
  5
43B
330
431
100
AcDbEntity
  8
0
100
AcDbLine
 10
22.76
 20
41.480000000000004
 30
0.0
 11
22.76
 21
42.96
 31
0.0
  0
MTEXT
  5
43C
330
431
100
AcDbEntity
  8
ELEV_Y3_DIM
 62
2
100
AcDbMText
 10
22.76
 20
41.28
 30
0.0
 40
0.4
 71
5
  1
4
  7
OpenSansCondensed-Light
 50
90.0
  0
POINT
  5
43D
330
431
100
AcDbEntity
  8
Defpoints
100
AcDbPoint
 10
22.76
 20
39.28
 30
0.0
  0
POINT
  5
43E
330
431
100
AcDbEntity
  8
Defpoints
100
AcDbPoint
 10
24.96
 20
39.28
 30
0.0
  0
POINT
  5
43F
330
431
100
AcDbEntity
  8
Defpoints
100
AcDbPoint
 10
24.96
 20
43.28
 30
0.0
  0
ENDBLK
  5
433
330
431
100
AcDbEntity
  8
0
100
AcDbBlockEnd
  0
BLOCK
  5
442
330
441
100
AcDbEntity
  8
0
100
AcDbBlockBegin
  2
*D43
 70
1
 10
0.0
 20
0.0
 30
0.0
  3
*D43
  1

  0
LINE
  5
444
330
441
100
AcDbEntity
  8
0
100
AcDbLine
 10
24.84
 20
43.28
 30
0.0
 11
22.6
 21
43.28
 31
0.0
  0
LINE
  5
445
330
441
100
AcDbEntity
  8
0
100
AcDbLine
 10
24.84
 20
46.78
 30
0.0
 11
22.6
 21
46.78
 31
0.0
  0
INSERT
  5
446
330
441
100
AcDbEntity
  8
ELEV_Y3_DIM
100
AcDbBlockReference
  2
_CLOSEDFILLED
 10
22.76
 20
43.28
 30
0.0
 41
0.32000000000000006
 42
0.32000000000000006
 50
270.0
  0
INSERT
  5
448
330
441
100
AcDbEntity
  8
ELEV_Y3_DIM
100
AcDbBlockReference
  2
_CLOSEDFILLED
 10
22.76
 20
46.78
 30
0.0
 41
0.32000000000000006
 42
0.32000000000000006
 50
90.0
  0
LINE
  5
44A
330
441
100
AcDbEntity
  8
0
100
AcDbLine
 10
22.76
 20
43.6
 30
0.0
 11
22.76
 21
44.43
 31
0.0
  0
LINE
  5
44B
330
441
100
AcDbEntity
  8
0
100
AcDbLine
 10
22.76
 20
45.63
 30
0.0
 11
22.76
 21
46.46
 31
0.0
  0
MTEXT
  5
44C
330
441
100
AcDbEntity
  8
ELEV_Y3_DIM
 62
2
100
AcDbMText
 10
22.76
 20
45.03
 30
0.0
 40
0.4
 71
5
  1
3.5
  7
OpenSansCondensed-Light
 50
90.0
  0
POINT
  5
44D
330
441
100
AcDbEntity
  8
Defpoints
100
AcDbPoint
 10
22.76
 20
43.28
 30
0.0
  0
POINT
  5
44E
330
441
100
AcDbEntity
  8
Defpoints
100
AcDbPoint
 10
24.96
 20
43.28
 30
0.0
  0
POINT
  5
44F
330
441
100
AcDbEntity
  8
Defpoints
100
AcDbPoint
 10
24.96
 20
46.78
 30
0.0
  0
ENDBLK
  5
443
330
441
100
AcDbEntity
  8
0
100
AcDbBlockEnd
  0
BLOCK
  5
452
330
451
100
AcDbEntity
  8
0
100
AcDbBlockBegin
  2
*D44
 70
1
 10
0.0
 20
0.0
 30
0.0
  3
*D44
  1

  0
LINE
  5
454
330
451
100
AcDbEntity
  8
0
100
AcDbLine
 10
24.84
 20
46.78
 30
0.0
 11
22.6
 21
46.78
 31
0.0
  0
LINE
  5
455
330
451
100
AcDbEntity
  8
0
100
AcDbLine
 10
24.84
 20
50.28
 30
0.0
 11
22.6
 21
50.28
 31
0.0
  0
INSERT
  5
456
330
451
100
AcDbEntity
  8
ELEV_Y3_DIM
100
AcDbBlockReference
  2
_CLOSEDFILLED
 10
22.76
 20
46.78
 30
0.0
 41
0.32000000000000006
 42
0.32000000000000006
 50
270.0
  0
INSERT
  5
458
330
451
100
AcDbEntity
  8
ELEV_Y3_DIM
100
AcDbBlockReference
  2
_CLOSEDFILLED
 10
22.76
 20
50.28
 30
0.0
 41
0.32000000000000006
 42
0.32000000000000006
 50
90.0
  0
LINE
  5
45A
330
451
100
AcDbEntity
  8
0
100
AcDbLine
 10
22.76
 20
47.1
 30
0.0
 11
22.76
 21
47.93
 31
0.0
  0
LINE
  5
45B
330
451
100
AcDbEntity
  8
0
100
AcDbLine
 10
22.76
 20
49.13
 30
0.0
 11
22.76
 21
49.96
 31
0.0
  0
MTEXT
  5
45C
330
451
100
AcDbEntity
  8
ELEV_Y3_DIM
 62
2
100
AcDbMText
 10
22.76
 20
48.53
 30
0.0
 40
0.4
 71
5
  1
3.5
  7
OpenSansCondensed-Light
 50
90.0
  0
POINT
  5
45D
330
451
100
AcDbEntity
  8
Defpoints
100
AcDbPoint
 10
22.76
 20
46.78
 30
0.0
  0
POINT
  5
45E
330
451
100
AcDbEntity
  8
Defpoints
100
AcDbPoint
 10
24.96
 20
46.78
 30
0.0
  0
POINT
  5
45F
330
451
100
AcDbEntity
  8
Defpoints
100
AcDbPoint
 10
24.96
 20
50.28
 30
0.0
  0
ENDBLK
  5
453
330
451
100
AcDbEntity
  8
0
100
AcDbBlockEnd
  0
BLOCK
  5
462
330
461
100
AcDbEntity
  8
0
100
AcDbBlockBegin
  2
*D45
 70
1
 10
0.0
 20
0.0
 30
0.0
  3
*D45
  1

  0
LINE
  5
464
330
461
100
AcDbEntity
  8
0
100
AcDbLine
 10
24.84
 20
39.28
 30
0.0
 11
21.6
 21
39.28
 31
0.0
  0
LINE
  5
465
330
461
100
AcDbEntity
  8
0
100
AcDbLine
 10
24.84
 20
50.28
 30
0.0
 11
21.6
 21
50.28
 31
0.0
  0
INSERT
  5
466
330
461
100
AcDbEntity
  8
ELEV_Y3_DIM
100
AcDbBlockReference
  2
_CLOSEDFILLED
 10
21.76
 20
39.28
 30
0.0
 41
0.32000000000000006
 42
0.32000000000000006
 50
270.0
  0
INSERT
  5
468
330
461
100
AcDbEntity
  8
ELEV_Y3_DIM
100
AcDbBlockReference
  2
_CLOSEDFILLED
 10
21.76
 20
50.28
 30
0.0
 41
0.32000000000000006
 42
0.32000000000000006
 50
90.0
  0
LINE
  5
46A
330
461
100
AcDbEntity
  8
0
100
AcDbLine
 10
21.76
 20
39.6
 30
0.0
 11
21.76
 21
44.38
 31
0.0
  0
LINE
  5
46B
330
461
100
AcDbEntity
  8
0
100
AcDbLine
 10
21.76
 20
45.18
 30
0.0
 11
21.76
 21
49.96
 31
0.0
  0
MTEXT
  5
46C
330
461
100
AcDbEntity
  8
ELEV_Y3_DIM
 62
2
100
AcDbMText
 10
21.76
 20
44.78
 30
0.0
 40
0.4
 71
5
  1
11
  7
OpenSansCondensed-Light
 50
90.0
  0
POINT
  5
46D
330
461
100
AcDbEntity
  8
Defpoints
100
AcDbPoint
 10
21.76
 20
39.28
 30
0.0
  0
POINT
  5
46E
330
461
100
AcDbEntity
  8
Defpoints
100
AcDbPoint
 10
24.96
 20
39.28
 30
0.0
  0
POINT
  5
46F
330
461
100
AcDbEntity
  8
Defpoints
100
AcDbPoint
 10
24.96
 20
50.28
 30
0.0
  0
ENDBLK
  5
463
330
461
100
AcDbEntity
  8
0
100
AcDbBlockEnd
  0
BLOCK
  5
499
330
498
100
AcDbEntity
  8
0
100
AcDbBlockBegin
  2
*D46
 70
1
 10
0.0
 20
0.0
 30
0.0
  3
*D46
  1

  0
LINE
  5
49B
330
498
100
AcDbEntity
  8
0
100
AcDbLine
 10
49.92
 20
-0.12
 30
0.0
 11
49.92
 21
-2.3600000000000003
 31
0.0
  0
LINE
  5
49C
330
498
100
AcDbEntity
  8
0
100
AcDbLine
 10
57.92
 20
-0.12
 30
0.0
 11
57.92
 21
-2.3600000000000003
 31
0.0
  0
INSERT
  5
49D
330
498
100
AcDbEntity
  8
ELEV_X1_DIM
100
AcDbBlockReference
  2
_CLOSEDFILLED
 10
49.92
 20
-2.2
 30
0.0
 41
0.32000000000000006
 42
0.32000000000000006
 50
180.0
  0
INSERT
  5
49F
330
498
100
AcDbEntity
  8
ELEV_X1_DIM
100
AcDbBlockReference
  2
_CLOSEDFILLED
 10
57.92
 20
-2.2
 30
0.0
 41
0.32000000000000006
 42
0.32000000000000006
  0
LINE
  5
4A1
330
498
100
AcDbEntity
  8
0
100
AcDbLine
 10
50.24
 20
-2.2
 30
0.0
 11
53.72
 21
-2.2
 31
0.0
  0
LINE
  5
4A2
330
498
100
AcDbEntity
  8
0
100
AcDbLine
 10
54.120000000000005
 20
-2.2
 30
0.0
 11
57.6
 21
-2.2
 31
0.0
  0
MTEXT
  5
4A3
330
498
100
AcDbEntity
  8
ELEV_X1_DIM
 62
2
100
AcDbMText
 10
53.92
 20
-2.2
 30
0.0
 40
0.4
 71
5
  1
8
  7
OpenSansCondensed-Light
  0
POINT
  5
4A4
330
498
100
AcDbEntity
  8
Defpoints
100
AcDbPoint
 10
49.92
 20
-2.2
 30
0.0
  0
POINT
  5
4A5
330
498
100
AcDbEntity
  8
Defpoints
100
AcDbPoint
 10
49.92
 20
0.0
 30
0.0
  0
POINT
  5
4A6
330
498
100
AcDbEntity
  8
Defpoints
100
AcDbPoint
 10
57.92
 20
0.0
 30
0.0
  0
ENDBLK
  5
49A
330
498
100
AcDbEntity
  8
0
100
AcDbBlockEnd
  0
BLOCK
  5
4A9
330
4A8
100
AcDbEntity
  8
0
100
AcDbBlockBegin
  2
*D47
 70
1
 10
0.0
 20
0.0
 30
0.0
  3
*D47
  1

  0
LINE
  5
4AB
330
4A8
100
AcDbEntity
  8
0
100
AcDbLine
 10
57.92
 20
-0.12
 30
0.0
 11
57.92
 21
-2.3600000000000003
 31
0.0
  0
LINE
  5
4AC
330
4A8
100
AcDbEntity
  8
0
100
AcDbLine
 10
65.92
 20
-0.12
 30
0.0
 11
65.92
 21
-2.3600000000000003
 31
0.0
  0
INSERT
  5
4AD
330
4A8
100
AcDbEntity
  8
ELEV_X1_DIM
100
AcDbBlockReference
  2
_CLOSEDFILLED
 10
57.92
 20
-2.2
 30
0.0
 41
0.32000000000000006
 42
0.32000000000000006
 50
180.0
  0
INSERT
  5
4AF
330
4A8
100
AcDbEntity
  8
ELEV_X1_DIM
100
AcDbBlockReference
  2
_CLOSEDFILLED
 10
65.92
 20
-2.2
 30
0.0
 41
0.32000000000000006
 42
0.32000000000000006
  0
LINE
  5
4B1
330
4A8
100
AcDbEntity
  8
0
100
AcDbLine
 10
58.24
 20
-2.2
 30
0.0
 11
61.72
 21
-2.2
 31
0.0
  0
LINE
  5
4B2
330
4A8
100
AcDbEntity
  8
0
100
AcDbLine
 10
62.120000000000005
 20
-2.2
 30
0.0
 11
65.60000000000001
 21
-2.2
 31
0.0
  0
MTEXT
  5
4B3
330
4A8
100
AcDbEntity
  8
ELEV_X1_DIM
 62
2
100
AcDbMText
 10
61.92
 20
-2.2
 30
0.0
 40
0.4
 71
5
  1
8
  7
OpenSansCondensed-Light
  0
POINT
  5
4B4
330
4A8
100
AcDbEntity
  8
Defpoints
100
AcDbPoint
 10
57.92
 20
-2.2
 30
0.0
  0
POINT
  5
4B5
330
4A8
100
AcDbEntity
  8
Defpoints
100
AcDbPoint
 10
57.92
 20
0.0
 30
0.0
  0
POINT
  5
4B6
330
4A8
100
AcDbEntity
  8
Defpoints
100
AcDbPoint
 10
65.92
 20
0.0
 30
0.0
  0
ENDBLK
  5
4AA
330
4A8
100
AcDbEntity
  8
0
100
AcDbBlockEnd
  0
BLOCK
  5
4B9
330
4B8
100
AcDbEntity
  8
0
100
AcDbBlockBegin
  2
*D48
 70
1
 10
0.0
 20
0.0
 30
0.0
  3
*D48
  1

  0
LINE
  5
4BB
330
4B8
100
AcDbEntity
  8
0
100
AcDbLine
 10
49.92
 20
-0.12
 30
0.0
 11
49.92
 21
-3.3600000000000003
 31
0.0
  0
LINE
  5
4BC
330
4B8
100
AcDbEntity
  8
0
100
AcDbLine
 10
65.92
 20
-0.12
 30
0.0
 11
65.92
 21
-3.3600000000000003
 31
0.0
  0
INSERT
  5
4BD
330
4B8
100
AcDbEntity
  8
ELEV_X1_DIM
100
AcDbBlockReference
  2
_CLOSEDFILLED
 10
49.92
 20
-3.2
 30
0.0
 41
0.32000000000000006
 42
0.32000000000000006
 50
180.0
  0
INSERT
  5
4BF
330
4B8
100
AcDbEntity
  8
ELEV_X1_DIM
100
AcDbBlockReference
  2
_CLOSEDFILLED
 10
65.92
 20
-3.2
 30
0.0
 41
0.32000000000000006
 42
0.32000000000000006
  0
LINE
  5
4C1
330
4B8
100
AcDbEntity
  8
0
100
AcDbLine
 10
50.24
 20
-3.2
 30
0.0
 11
57.52
 21
-3.2
 31
0.0
  0
LINE
  5
4C2
330
4B8
100
AcDbEntity
  8
0
100
AcDbLine
 10
58.32
 20
-3.2
 30
0.0
 11
65.60000000000001
 21
-3.2
 31
0.0
  0
MTEXT
  5
4C3
330
4B8
100
AcDbEntity
  8
ELEV_X1_DIM
 62
2
100
AcDbMText
 10
57.92
 20
-3.2
 30
0.0
 40
0.4
 71
5
  1
16
  7
OpenSansCondensed-Light
  0
POINT
  5
4C4
330
4B8
100
AcDbEntity
  8
Defpoints
100
AcDbPoint
 10
49.92
 20
-3.2
 30
0.0
  0
POINT
  5
4C5
330
4B8
100
AcDbEntity
  8
Defpoints
100
AcDbPoint
 10
49.92
 20
0.0
 30
0.0
  0
POINT
  5
4C6
330
4B8
100
AcDbEntity
  8
Defpoints
100
AcDbPoint
 10
65.92
 20
0.0
 30
0.0
  0
ENDBLK
  5
4BA
330
4B8
100
AcDbEntity
  8
0
100
AcDbBlockEnd
  0
BLOCK
  5
4C9
330
4C8
100
AcDbEntity
  8
0
100
AcDbBlockBegin
  2
*D49
 70
1
 10
0.0
 20
0.0
 30
0.0
  3
*D49
  1

  0
LINE
  5
4CB
330
4C8
100
AcDbEntity
  8
0
100
AcDbLine
 10
49.800000000000004
 20
0.0
 30
0.0
 11
47.56000000000001
 21
0.0
 31
0.0
  0
LINE
  5
4CC
330
4C8
100
AcDbEntity
  8
0
100
AcDbLine
 10
49.800000000000004
 20
4.0
 30
0.0
 11
47.56000000000001
 21
4.0
 31
0.0
  0
INSERT
  5
4CD
330
4C8
100
AcDbEntity
  8
ELEV_X1_DIM
100
AcDbBlockReference
  2
_CLOSEDFILLED
 10
47.720000000000006
 20
0.0
 30
0.0
 41
0.32000000000000006
 42
0.32000000000000006
 50
270.0
  0
INSERT
  5
4CF
330
4C8
100
AcDbEntity
  8
ELEV_X1_DIM
100
AcDbBlockReference
  2
_CLOSEDFILLED
 10
47.720000000000006
 20
4.0
 30
0.0
 41
0.32000000000000006
 42
0.32000000000000006
 50
90.0
  0
LINE
  5
4D1
330
4C8
100
AcDbEntity
  8
0
100
AcDbLine
 10
47.720000000000006
 20
0.32000000000000006
 30
0.0
 11
47.720000000000006
 21
1.8
 31
0.0
  0
LINE
  5
4D2
330
4C8
100
AcDbEntity
  8
0
100
AcDbLine
 10
47.720000000000006
 20
2.2000000000000006
 30
0.0
 11
47.720000000000006
 21
3.6799999999999997
 31
0.0
  0
MTEXT
  5
4D3
330
4C8
100
AcDbEntity
  8
ELEV_X1_DIM
 62
2
100
AcDbMText
 10
47.720000000000006
 20
2.0
 30
0.0
 40
0.4
 71
5
  1
4
  7
OpenSansCondensed-Light
 50
90.0
  0
POINT
  5
4D4
330
4C8
100
AcDbEntity
  8
Defpoints
100
AcDbPoint
 10
47.720000000000006
 20
0.0
 30
0.0
  0
POINT
  5
4D5
330
4C8
100
AcDbEntity
  8
Defpoints
100
AcDbPoint
 10
49.92
 20
0.0
 30
0.0
  0
POINT
  5
4D6
330
4C8
100
AcDbEntity
  8
Defpoints
100
AcDbPoint
 10
49.92
 20
4.0
 30
0.0
  0
ENDBLK
  5
4CA
330
4C8
100
AcDbEntity
  8
0
100
AcDbBlockEnd
  0
BLOCK
  5
4D9
330
4D8
100
AcDbEntity
  8
0
100
AcDbBlockBegin
  2
*D50
 70
1
 10
0.0
 20
0.0
 30
0.0
  3
*D50
  1

  0
LINE
  5
4DB
330
4D8
100
AcDbEntity
  8
0
100
AcDbLine
 10
49.800000000000004
 20
4.0
 30
0.0
 11
47.56000000000001
 21
4.0
 31
0.0
  0
LINE
  5
4DC
330
4D8
100
AcDbEntity
  8
0
100
AcDbLine
 10
49.800000000000004
 20
7.5
 30
0.0
 11
47.56000000000001
 21
7.5
 31
0.0
  0
INSERT
  5
4DD
330
4D8
100
AcDbEntity
  8
ELEV_X1_DIM
100
AcDbBlockReference
  2
_CLOSEDFILLED
 10
47.720000000000006
 20
4.0
 30
0.0
 41
0.32000000000000006
 42
0.32000000000000006
 50
270.0
  0
INSERT
  5
4DF
330
4D8
100
AcDbEntity
  8
ELEV_X1_DIM
100
AcDbBlockReference
  2
_CLOSEDFILLED
 10
47.720000000000006
 20
7.5
 30
0.0
 41
0.32000000000000006
 42
0.32000000000000006
 50
90.0
  0
LINE
  5
4E1
330
4D8
100
AcDbEntity
  8
0
100
AcDbLine
 10
47.720000000000006
 20
4.32
 30
0.0
 11
47.720000000000006
 21
5.15
 31
0.0
  0
LINE
  5
4E2
330
4D8
100
AcDbEntity
  8
0
100
AcDbLine
 10
47.720000000000006
 20
6.35
 30
0.0
 11
47.720000000000006
 21
7.18
 31
0.0
  0
MTEXT
  5
4E3
330
4D8
100
AcDbEntity
  8
ELEV_X1_DIM
 62
2
100
AcDbMText
 10
47.720000000000006
 20
5.75
 30
0.0
 40
0.4
 71
5
  1
3.5
  7
OpenSansCondensed-Light
 50
90.0
  0
POINT
  5
4E4
330
4D8
100
AcDbEntity
  8
Defpoints
100
AcDbPoint
 10
47.720000000000006
 20
4.0
 30
0.0
  0
POINT
  5
4E5
330
4D8
100
AcDbEntity
  8
Defpoints
100
AcDbPoint
 10
49.92
 20
4.0
 30
0.0
  0
POINT
  5
4E6
330
4D8
100
AcDbEntity
  8
Defpoints
100
AcDbPoint
 10
49.92
 20
7.5
 30
0.0
  0
ENDBLK
  5
4DA
330
4D8
100
AcDbEntity
  8
0
100
AcDbBlockEnd
  0
BLOCK
  5
4E9
330
4E8
100
AcDbEntity
  8
0
100
AcDbBlockBegin
  2
*D51
 70
1
 10
0.0
 20
0.0
 30
0.0
  3
*D51
  1

  0
LINE
  5
4EB
330
4E8
100
AcDbEntity
  8
0
100
AcDbLine
 10
49.800000000000004
 20
7.5
 30
0.0
 11
47.56000000000001
 21
7.5
 31
0.0
  0
LINE
  5
4EC
330
4E8
100
AcDbEntity
  8
0
100
AcDbLine
 10
49.800000000000004
 20
11.0
 30
0.0
 11
47.56000000000001
 21
11.0
 31
0.0
  0
INSERT
  5
4ED
330
4E8
100
AcDbEntity
  8
ELEV_X1_DIM
100
AcDbBlockReference
  2
_CLOSEDFILLED
 10
47.720000000000006
 20
7.5
 30
0.0
 41
0.32000000000000006
 42
0.32000000000000006
 50
270.0
  0
INSERT
  5
4EF
330
4E8
100
AcDbEntity
  8
ELEV_X1_DIM
100
AcDbBlockReference
  2
_CLOSEDFILLED
 10
47.720000000000006
 20
11.0
 30
0.0
 41
0.32000000000000006
 42
0.32000000000000006
 50
90.0
  0
LINE
  5
4F1
330
4E8
100
AcDbEntity
  8
0
100
AcDbLine
 10
47.720000000000006
 20
7.82
 30
0.0
 11
47.720000000000006
 21
8.65
 31
0.0
  0
LINE
  5
4F2
330
4E8
100
AcDbEntity
  8
0
100
AcDbLine
 10
47.720000000000006
 20
9.85
 30
0.0
 11
47.720000000000006
 21
10.68
 31
0.0
  0
MTEXT
  5
4F3
330
4E8
100
AcDbEntity
  8
ELEV_X1_DIM
 62
2
100
AcDbMText
 10
47.720000000000006
 20
9.25
 30
0.0
 40
0.4
 71
5
  1
3.5
  7
OpenSansCondensed-Light
 50
90.0
  0
POINT
  5
4F4
330
4E8
100
AcDbEntity
  8
Defpoints
100
AcDbPoint
 10
47.720000000000006
 20
7.5
 30
0.0
  0
POINT
  5
4F5
330
4E8
100
AcDbEntity
  8
Defpoints
100
AcDbPoint
 10
49.92
 20
7.5
 30
0.0
  0
POINT
  5
4F6
330
4E8
100
AcDbEntity
  8
Defpoints
100
AcDbPoint
 10
49.92
 20
11.0
 30
0.0
  0
ENDBLK
  5
4EA
330
4E8
100
AcDbEntity
  8
0
100
AcDbBlockEnd
  0
BLOCK
  5
4F9
330
4F8
100
AcDbEntity
  8
0
100
AcDbBlockBegin
  2
*D52
 70
1
 10
0.0
 20
0.0
 30
0.0
  3
*D52
  1

  0
LINE
  5
4FB
330
4F8
100
AcDbEntity
  8
0
100
AcDbLine
 10
49.800000000000004
 20
0.0
 30
0.0
 11
46.56000000000001
 21
0.0
 31
0.0
  0
LINE
  5
4FC
330
4F8
100
AcDbEntity
  8
0
100
AcDbLine
 10
49.800000000000004
 20
11.0
 30
0.0
 11
46.56000000000001
 21
11.0
 31
0.0
  0
INSERT
  5
4FD
330
4F8
100
AcDbEntity
  8
ELEV_X1_DIM
100
AcDbBlockReference
  2
_CLOSEDFILLED
 10
46.720000000000006
 20
0.0
 30
0.0
 41
0.32000000000000006
 42
0.32000000000000006
 50
270.0
  0
INSERT
  5
4FF
330
4F8
100
AcDbEntity
  8
ELEV_X1_DIM
100
AcDbBlockReference
  2
_CLOSEDFILLED
 10
46.720000000000006
 20
11.0
 30
0.0
 41
0.32000000000000006
 42
0.32000000000000006
 50
90.0
  0
LINE
  5
501
330
4F8
100
AcDbEntity
  8
0
100
AcDbLine
 10
46.720000000000006
 20
0.32000000000000006
 30
0.0
 11
46.720000000000006
 21
5.099999999999999
 31
0.0
  0
LINE
  5
502
330
4F8
100
AcDbEntity
  8
0
100
AcDbLine
 10
46.720000000000006
 20
5.9
 30
0.0
 11
46.720000000000006
 21
10.68
 31
0.0
  0
MTEXT
  5
503
330
4F8
100
AcDbEntity
  8
ELEV_X1_DIM
 62
2
100
AcDbMText
 10
46.720000000000006
 20
5.5
 30
0.0
 40
0.4
 71
5
  1
11
  7
OpenSansCondensed-Light
 50
90.0
  0
POINT
  5
504
330
4F8
100
AcDbEntity
  8
Defpoints
100
AcDbPoint
 10
46.720000000000006
 20
0.0
 30
0.0
  0
POINT
  5
505
330
4F8
100
AcDbEntity
  8
Defpoints
100
AcDbPoint
 10
49.92
 20
0.0
 30
0.0
  0
POINT
  5
506
330
4F8
100
AcDbEntity
  8
Defpoints
100
AcDbPoint
 10
49.92
 20
11.0
 30
0.0
  0
ENDBLK
  5
4FA
330
4F8
100
AcDbEntity
  8
0
100
AcDbBlockEnd
  0
BLOCK
  5
530
330
52F
100
AcDbEntity
  8
0
100
AcDbBlockBegin
  2
*D53
 70
1
 10
0.0
 20
0.0
 30
0.0
  3
*D53
  1

  0
LINE
  5
532
330
52F
100
AcDbEntity
  8
0
100
AcDbLine
 10
49.92
 20
19.52
 30
0.0
 11
49.92
 21
17.28
 31
0.0
  0
LINE
  5
533
330
52F
100
AcDbEntity
  8
0
100
AcDbLine
 10
57.92
 20
19.52
 30
0.0
 11
57.92
 21
17.28
 31
0.0
  0
INSERT
  5
534
330
52F
100
AcDbEntity
  8
ELEV_X2_DIM
100
AcDbBlockReference
  2
_CLOSEDFILLED
 10
49.92
 20
17.44
 30
0.0
 41
0.32000000000000006
 42
0.32000000000000006
 50
180.0
  0
INSERT
  5
536
330
52F
100
AcDbEntity
  8
ELEV_X2_DIM
100
AcDbBlockReference
  2
_CLOSEDFILLED
 10
57.92
 20
17.44
 30
0.0
 41
0.32000000000000006
 42
0.32000000000000006
  0
LINE
  5
538
330
52F
100
AcDbEntity
  8
0
100
AcDbLine
 10
50.24
 20
17.44
 30
0.0
 11
53.72
 21
17.44
 31
0.0
  0
LINE
  5
539
330
52F
100
AcDbEntity
  8
0
100
AcDbLine
 10
54.120000000000005
 20
17.44
 30
0.0
 11
57.6
 21
17.44
 31
0.0
  0
MTEXT
  5
53A
330
52F
100
AcDbEntity
  8
ELEV_X2_DIM
 62
2
100
AcDbMText
 10
53.92
 20
17.44
 30
0.0
 40
0.4
 71
5
  1
8
  7
OpenSansCondensed-Light
  0
POINT
  5
53B
330
52F
100
AcDbEntity
  8
Defpoints
100
AcDbPoint
 10
49.92
 20
17.44
 30
0.0
  0
POINT
  5
53C
330
52F
100
AcDbEntity
  8
Defpoints
100
AcDbPoint
 10
49.92
 20
19.64
 30
0.0
  0
POINT
  5
53D
330
52F
100
AcDbEntity
  8
Defpoints
100
AcDbPoint
 10
57.92
 20
19.64
 30
0.0
  0
ENDBLK
  5
531
330
52F
100
AcDbEntity
  8
0
100
AcDbBlockEnd
  0
BLOCK
  5
540
330
53F
100
AcDbEntity
  8
0
100
AcDbBlockBegin
  2
*D54
 70
1
 10
0.0
 20
0.0
 30
0.0
  3
*D54
  1

  0
LINE
  5
542
330
53F
100
AcDbEntity
  8
0
100
AcDbLine
 10
57.92
 20
19.52
 30
0.0
 11
57.92
 21
17.28
 31
0.0
  0
LINE
  5
543
330
53F
100
AcDbEntity
  8
0
100
AcDbLine
 10
65.92
 20
19.52
 30
0.0
 11
65.92
 21
17.28
 31
0.0
  0
INSERT
  5
544
330
53F
100
AcDbEntity
  8
ELEV_X2_DIM
100
AcDbBlockReference
  2
_CLOSEDFILLED
 10
57.92
 20
17.44
 30
0.0
 41
0.32000000000000006
 42
0.32000000000000006
 50
180.0
  0
INSERT
  5
546
330
53F
100
AcDbEntity
  8
ELEV_X2_DIM
100
AcDbBlockReference
  2
_CLOSEDFILLED
 10
65.92
 20
17.44
 30
0.0
 41
0.32000000000000006
 42
0.32000000000000006
  0
LINE
  5
548
330
53F
100
AcDbEntity
  8
0
100
AcDbLine
 10
58.24
 20
17.44
 30
0.0
 11
61.72
 21
17.44
 31
0.0
  0
LINE
  5
549
330
53F
100
AcDbEntity
  8
0
100
AcDbLine
 10
62.120000000000005
 20
17.44
 30
0.0
 11
65.60000000000001
 21
17.44
 31
0.0
  0
MTEXT
  5
54A
330
53F
100
AcDbEntity
  8
ELEV_X2_DIM
 62
2
100
AcDbMText
 10
61.92
 20
17.44
 30
0.0
 40
0.4
 71
5
  1
8
  7
OpenSansCondensed-Light
  0
POINT
  5
54B
330
53F
100
AcDbEntity
  8
Defpoints
100
AcDbPoint
 10
57.92
 20
17.44
 30
0.0
  0
POINT
  5
54C
330
53F
100
AcDbEntity
  8
Defpoints
100
AcDbPoint
 10
57.92
 20
19.64
 30
0.0
  0
POINT
  5
54D
330
53F
100
AcDbEntity
  8
Defpoints
100
AcDbPoint
 10
65.92
 20
19.64
 30
0.0
  0
ENDBLK
  5
541
330
53F
100
AcDbEntity
  8
0
100
AcDbBlockEnd
  0
BLOCK
  5
550
330
54F
100
AcDbEntity
  8
0
100
AcDbBlockBegin
  2
*D55
 70
1
 10
0.0
 20
0.0
 30
0.0
  3
*D55
  1

  0
LINE
  5
552
330
54F
100
AcDbEntity
  8
0
100
AcDbLine
 10
49.92
 20
19.52
 30
0.0
 11
49.92
 21
16.28
 31
0.0
  0
LINE
  5
553
330
54F
100
AcDbEntity
  8
0
100
AcDbLine
 10
65.92
 20
19.52
 30
0.0
 11
65.92
 21
16.28
 31
0.0
  0
INSERT
  5
554
330
54F
100
AcDbEntity
  8
ELEV_X2_DIM
100
AcDbBlockReference
  2
_CLOSEDFILLED
 10
49.92
 20
16.44
 30
0.0
 41
0.32000000000000006
 42
0.32000000000000006
 50
180.0
  0
INSERT
  5
556
330
54F
100
AcDbEntity
  8
ELEV_X2_DIM
100
AcDbBlockReference
  2
_CLOSEDFILLED
 10
65.92
 20
16.44
 30
0.0
 41
0.32000000000000006
 42
0.32000000000000006
  0
LINE
  5
558
330
54F
100
AcDbEntity
  8
0
100
AcDbLine
 10
50.24
 20
16.44
 30
0.0
 11
57.52
 21
16.44
 31
0.0
  0
LINE
  5
559
330
54F
100
AcDbEntity
  8
0
100
AcDbLine
 10
58.32
 20
16.44
 30
0.0
 11
65.60000000000001
 21
16.44
 31
0.0
  0
MTEXT
  5
55A
330
54F
100
AcDbEntity
  8
ELEV_X2_DIM
 62
2
100
AcDbMText
 10
57.92
 20
16.44
 30
0.0
 40
0.4
 71
5
  1
16
  7
OpenSansCondensed-Light
  0
POINT
  5
55B
330
54F
100
AcDbEntity
  8
Defpoints
100
AcDbPoint
 10
49.92
 20
16.44
 30
0.0
  0
POINT
  5
55C
330
54F
100
AcDbEntity
  8
Defpoints
100
AcDbPoint
 10
49.92
 20
19.64
 30
0.0
  0
POINT
  5
55D
330
54F
100
AcDbEntity
  8
Defpoints
100
AcDbPoint
 10
65.92
 20
19.64
 30
0.0
  0
ENDBLK
  5
551
330
54F
100
AcDbEntity
  8
0
100
AcDbBlockEnd
  0
BLOCK
  5
560
330
55F
100
AcDbEntity
  8
0
100
AcDbBlockBegin
  2
*D56
 70
1
 10
0.0
 20
0.0
 30
0.0
  3
*D56
  1

  0
LINE
  5
562
330
55F
100
AcDbEntity
  8
0
100
AcDbLine
 10
49.800000000000004
 20
19.64
 30
0.0
 11
47.56000000000001
 21
19.64
 31
0.0
  0
LINE
  5
563
330
55F
100
AcDbEntity
  8
0
100
AcDbLine
 10
49.800000000000004
 20
23.64
 30
0.0
 11
47.56000000000001
 21
23.64
 31
0.0
  0
INSERT
  5
564
330
55F
100
AcDbEntity
  8
ELEV_X2_DIM
100
AcDbBlockReference
  2
_CLOSEDFILLED
 10
47.720000000000006
 20
19.64
 30
0.0
 41
0.32000000000000006
 42
0.32000000000000006
 50
270.0
  0
INSERT
  5
566
330
55F
100
AcDbEntity
  8
ELEV_X2_DIM
100
AcDbBlockReference
  2
_CLOSEDFILLED
 10
47.720000000000006
 20
23.64
 30
0.0
 41
0.32000000000000006
 42
0.32000000000000006
 50
90.0
  0
LINE
  5
568
330
55F
100
AcDbEntity
  8
0
100
AcDbLine
 10
47.720000000000006
 20
19.96
 30
0.0
 11
47.720000000000006
 21
21.44
 31
0.0
  0
LINE
  5
569
330
55F
100
AcDbEntity
  8
0
100
AcDbLine
 10
47.720000000000006
 20
21.84
 30
0.0
 11
47.720000000000006
 21
23.32
 31
0.0
  0
MTEXT
  5
56A
330
55F
100
AcDbEntity
  8
ELEV_X2_DIM
 62
2
100
AcDbMText
 10
47.720000000000006
 20
21.64
 30
0.0
 40
0.4
 71
5
  1
4
  7
OpenSansCondensed-Light
 50
90.0
  0
POINT
  5
56B
330
55F
100
AcDbEntity
  8
Defpoints
100
AcDbPoint
 10
47.720000000000006
 20
19.64
 30
0.0
  0
POINT
  5
56C
330
55F
100
AcDbEntity
  8
Defpoints
100
AcDbPoint
 10
49.92
 20
19.64
 30
0.0
  0
POINT
  5
56D
330
55F
100
AcDbEntity
  8
Defpoints
100
AcDbPoint
 10
49.92
 20
23.64
 30
0.0
  0
ENDBLK
  5
561
330
55F
100
AcDbEntity
  8
0
100
AcDbBlockEnd
  0
BLOCK
  5
570
330
56F
100
AcDbEntity
  8
0
100
AcDbBlockBegin
  2
*D57
 70
1
 10
0.0
 20
0.0
 30
0.0
  3
*D57
  1

  0
LINE
  5
572
330
56F
100
AcDbEntity
  8
0
100
AcDbLine
 10
49.800000000000004
 20
23.64
 30
0.0
 11
47.56000000000001
 21
23.64
 31
0.0
  0
LINE
  5
573
330
56F
100
AcDbEntity
  8
0
100
AcDbLine
 10
49.800000000000004
 20
27.14
 30
0.0
 11
47.56000000000001
 21
27.14
 31
0.0
  0
INSERT
  5
574
330
56F
100
AcDbEntity
  8
ELEV_X2_DIM
100
AcDbBlockReference
  2
_CLOSEDFILLED
 10
47.720000000000006
 20
23.64
 30
0.0
 41
0.32000000000000006
 42
0.32000000000000006
 50
270.0
  0
INSERT
  5
576
330
56F
100
AcDbEntity
  8
ELEV_X2_DIM
100
AcDbBlockReference
  2
_CLOSEDFILLED
 10
47.720000000000006
 20
27.14
 30
0.0
 41
0.32000000000000006
 42
0.32000000000000006
 50
90.0
  0
LINE
  5
578
330
56F
100
AcDbEntity
  8
0
100
AcDbLine
 10
47.720000000000006
 20
23.96
 30
0.0
 11
47.720000000000006
 21
24.79
 31
0.0
  0
LINE
  5
579
330
56F
100
AcDbEntity
  8
0
100
AcDbLine
 10
47.720000000000006
 20
25.990000000000002
 30
0.0
 11
47.720000000000006
 21
26.82
 31
0.0
  0
MTEXT
  5
57A
330
56F
100
AcDbEntity
  8
ELEV_X2_DIM
 62
2
100
AcDbMText
 10
47.720000000000006
 20
25.39
 30
0.0
 40
0.4
 71
5
  1
3.5
  7
OpenSansCondensed-Light
 50
90.0
  0
POINT
  5
57B
330
56F
100
AcDbEntity
  8
Defpoints
100
AcDbPoint
 10
47.720000000000006
 20
23.64
 30
0.0
  0
POINT
  5
57C
330
56F
100
AcDbEntity
  8
Defpoints
100
AcDbPoint
 10
49.92
 20
23.64
 30
0.0
  0
POINT
  5
57D
330
56F
100
AcDbEntity
  8
Defpoints
100
AcDbPoint
 10
49.92
 20
27.14
 30
0.0
  0
ENDBLK
  5
571
330
56F
100
AcDbEntity
  8
0
100
AcDbBlockEnd
  0
BLOCK
  5
580
330
57F
100
AcDbEntity
  8
0
100
AcDbBlockBegin
  2
*D58
 70
1
 10
0.0
 20
0.0
 30
0.0
  3
*D58
  1

  0
LINE
  5
582
330
57F
100
AcDbEntity
  8
0
100
AcDbLine
 10
49.800000000000004
 20
27.14
 30
0.0
 11
47.56000000000001
 21
27.14
 31
0.0
  0
LINE
  5
583
330
57F
100
AcDbEntity
  8
0
100
AcDbLine
 10
49.800000000000004
 20
30.64
 30
0.0
 11
47.56000000000001
 21
30.64
 31
0.0
  0
INSERT
  5
584
330
57F
100
AcDbEntity
  8
ELEV_X2_DIM
100
AcDbBlockReference
  2
_CLOSEDFILLED
 10
47.720000000000006
 20
27.14
 30
0.0
 41
0.32000000000000006
 42
0.32000000000000006
 50
270.0
  0
INSERT
  5
586
330
57F
100
AcDbEntity
  8
ELEV_X2_DIM
100
AcDbBlockReference
  2
_CLOSEDFILLED
 10
47.720000000000006
 20
30.64
 30
0.0
 41
0.32000000000000006
 42
0.32000000000000006
 50
90.0
  0
LINE
  5
588
330
57F
100
AcDbEntity
  8
0
100
AcDbLine
 10
47.720000000000006
 20
27.46
 30
0.0
 11
47.720000000000006
 21
28.29
 31
0.0
  0
LINE
  5
589
330
57F
100
AcDbEntity
  8
0
100
AcDbLine
 10
47.720000000000006
 20
29.490000000000002
 30
0.0
 11
47.720000000000006
 21
30.32
 31
0.0
  0
MTEXT
  5
58A
330
57F
100
AcDbEntity
  8
ELEV_X2_DIM
 62
2
100
AcDbMText
 10
47.720000000000006
 20
28.89
 30
0.0
 40
0.4
 71
5
  1
3.5
  7
OpenSansCondensed-Light
 50
90.0
  0
POINT
  5
58B
330
57F
100
AcDbEntity
  8
Defpoints
100
AcDbPoint
 10
47.720000000000006
 20
27.14
 30
0.0
  0
POINT
  5
58C
330
57F
100
AcDbEntity
  8
Defpoints
100
AcDbPoint
 10
49.92
 20
27.14
 30
0.0
  0
POINT
  5
58D
330
57F
100
AcDbEntity
  8
Defpoints
100
AcDbPoint
 10
49.92
 20
30.64
 30
0.0
  0
ENDBLK
  5
581
330
57F
100
AcDbEntity
  8
0
100
AcDbBlockEnd
  0
BLOCK
  5
590
330
58F
100
AcDbEntity
  8
0
100
AcDbBlockBegin
  2
*D59
 70
1
 10
0.0
 20
0.0
 30
0.0
  3
*D59
  1

  0
LINE
  5
592
330
58F
100
AcDbEntity
  8
0
100
AcDbLine
 10
49.800000000000004
 20
19.64
 30
0.0
 11
46.56000000000001
 21
19.64
 31
0.0
  0
LINE
  5
593
330
58F
100
AcDbEntity
  8
0
100
AcDbLine
 10
49.800000000000004
 20
30.64
 30
0.0
 11
46.56000000000001
 21
30.64
 31
0.0
  0
INSERT
  5
594
330
58F
100
AcDbEntity
  8
ELEV_X2_DIM
100
AcDbBlockReference
  2
_CLOSEDFILLED
 10
46.720000000000006
 20
19.64
 30
0.0
 41
0.32000000000000006
 42
0.32000000000000006
 50
270.0
  0
INSERT
  5
596
330
58F
100
AcDbEntity
  8
ELEV_X2_DIM
100
AcDbBlockReference
  2
_CLOSEDFILLED
 10
46.720000000000006
 20
30.64
 30
0.0
 41
0.32000000000000006
 42
0.32000000000000006
 50
90.0
  0
LINE
  5
598
330
58F
100
AcDbEntity
  8
0
100
AcDbLine
 10
46.720000000000006
 20
19.96
 30
0.0
 11
46.720000000000006
 21
24.740000000000002
 31
0.0
  0
LINE
  5
599
330
58F
100
AcDbEntity
  8
0
100
AcDbLine
 10
46.720000000000006
 20
25.54
 30
0.0
 11
46.720000000000006
 21
30.32
 31
0.0
  0
MTEXT
  5
59A
330
58F
100
AcDbEntity
  8
ELEV_X2_DIM
 62
2
100
AcDbMText
 10
46.720000000000006
 20
25.14
 30
0.0
 40
0.4
 71
5
  1
11
  7
OpenSansCondensed-Light
 50
90.0
  0
POINT
  5
59B
330
58F
100
AcDbEntity
  8
Defpoints
100
AcDbPoint
 10
46.720000000000006
 20
19.64
 30
0.0
  0
POINT
  5
59C
330
58F
100
AcDbEntity
  8
Defpoints
100
AcDbPoint
 10
49.92
 20
19.64
 30
0.0
  0
POINT
  5
59D
330
58F
100
AcDbEntity
  8
Defpoints
100
AcDbPoint
 10
49.92
 20
30.64
 30
0.0
  0
ENDBLK
  5
591
330
58F
100
AcDbEntity
  8
0
100
AcDbBlockEnd
  0
BLOCK
  5
5C7
330
5C6
100
AcDbEntity
  8
0
100
AcDbBlockBegin
  2
*D60
 70
1
 10
0.0
 20
0.0
 30
0.0
  3
*D60
  1

  0
LINE
  5
5C9
330
5C6
100
AcDbEntity
  8
0
100
AcDbLine
 10
49.92
 20
39.160000000000004
 30
0.0
 11
49.92
 21
36.92000000000001
 31
0.0
  0
LINE
  5
5CA
330
5C6
100
AcDbEntity
  8
0
100
AcDbLine
 10
57.92
 20
39.160000000000004
 30
0.0
 11
57.92
 21
36.92000000000001
 31
0.0
  0
INSERT
  5
5CB
330
5C6
100
AcDbEntity
  8
ELEV_X3_DIM
100
AcDbBlockReference
  2
_CLOSEDFILLED
 10
49.92
 20
37.080000000000005
 30
0.0
 41
0.32000000000000006
 42
0.32000000000000006
 50
180.0
  0
INSERT
  5
5CD
330
5C6
100
AcDbEntity
  8
ELEV_X3_DIM
100
AcDbBlockReference
  2
_CLOSEDFILLED
 10
57.92
 20
37.080000000000005
 30
0.0
 41
0.32000000000000006
 42
0.32000000000000006
  0
LINE
  5
5CF
330
5C6
100
AcDbEntity
  8
0
100
AcDbLine
 10
50.24
 20
37.080000000000005
 30
0.0
 11
53.72
 21
37.080000000000005
 31
0.0
  0
LINE
  5
5D0
330
5C6
100
AcDbEntity
  8
0
100
AcDbLine
 10
54.120000000000005
 20
37.080000000000005
 30
0.0
 11
57.6
 21
37.080000000000005
 31
0.0
  0
MTEXT
  5
5D1
330
5C6
100
AcDbEntity
  8
ELEV_X3_DIM
 62
2
100
AcDbMText
 10
53.92
 20
37.080000000000005
 30
0.0
 40
0.4
 71
5
  1
8
  7
OpenSansCondensed-Light
  0
POINT
  5
5D2
330
5C6
100
AcDbEntity
  8
Defpoints
100
AcDbPoint
 10
49.92
 20
37.080000000000005
 30
0.0
  0
POINT
  5
5D3
330
5C6
100
AcDbEntity
  8
Defpoints
100
AcDbPoint
 10
49.92
 20
39.28
 30
0.0
  0
POINT
  5
5D4
330
5C6
100
AcDbEntity
  8
Defpoints
100
AcDbPoint
 10
57.92
 20
39.28
 30
0.0
  0
ENDBLK
  5
5C8
330
5C6
100
AcDbEntity
  8
0
100
AcDbBlockEnd
  0
BLOCK
  5
5D7
330
5D6
100
AcDbEntity
  8
0
100
AcDbBlockBegin
  2
*D61
 70
1
 10
0.0
 20
0.0
 30
0.0
  3
*D61
  1

  0
LINE
  5
5D9
330
5D6
100
AcDbEntity
  8
0
100
AcDbLine
 10
57.92
 20
39.160000000000004
 30
0.0
 11
57.92
 21
36.92000000000001
 31
0.0
  0
LINE
  5
5DA
330
5D6
100
AcDbEntity
  8
0
100
AcDbLine
 10
65.92
 20
39.160000000000004
 30
0.0
 11
65.92
 21
36.92000000000001
 31
0.0
  0
INSERT
  5
5DB
330
5D6
100
AcDbEntity
  8
ELEV_X3_DIM
100
AcDbBlockReference
  2
_CLOSEDFILLED
 10
57.92
 20
37.080000000000005
 30
0.0
 41
0.32000000000000006
 42
0.32000000000000006
 50
180.0
  0
INSERT
  5
5DD
330
5D6
100
AcDbEntity
  8
ELEV_X3_DIM
100
AcDbBlockReference
  2
_CLOSEDFILLED
 10
65.92
 20
37.080000000000005
 30
0.0
 41
0.32000000000000006
 42
0.32000000000000006
  0
LINE
  5
5DF
330
5D6
100
AcDbEntity
  8
0
100
AcDbLine
 10
58.24
 20
37.080000000000005
 30
0.0
 11
61.72
 21
37.080000000000005
 31
0.0
  0
LINE
  5
5E0
330
5D6
100
AcDbEntity
  8
0
100
AcDbLine
 10
62.120000000000005
 20
37.080000000000005
 30
0.0
 11
65.60000000000001
 21
37.080000000000005
 31
0.0
  0
MTEXT
  5
5E1
330
5D6
100
AcDbEntity
  8
ELEV_X3_DIM
 62
2
100
AcDbMText
 10
61.92
 20
37.080000000000005
 30
0.0
 40
0.4
 71
5
  1
8
  7
OpenSansCondensed-Light
  0
POINT
  5
5E2
330
5D6
100
AcDbEntity
  8
Defpoints
100
AcDbPoint
 10
57.92
 20
37.080000000000005
 30
0.0
  0
POINT
  5
5E3
330
5D6
100
AcDbEntity
  8
Defpoints
100
AcDbPoint
 10
57.92
 20
39.28
 30
0.0
  0
POINT
  5
5E4
330
5D6
100
AcDbEntity
  8
Defpoints
100
AcDbPoint
 10
65.92
 20
39.28
 30
0.0
  0
ENDBLK
  5
5D8
330
5D6
100
AcDbEntity
  8
0
100
AcDbBlockEnd
  0
BLOCK
  5
5E7
330
5E6
100
AcDbEntity
  8
0
100
AcDbBlockBegin
  2
*D62
 70
1
 10
0.0
 20
0.0
 30
0.0
  3
*D62
  1

  0
LINE
  5
5E9
330
5E6
100
AcDbEntity
  8
0
100
AcDbLine
 10
49.92
 20
39.160000000000004
 30
0.0
 11
49.92
 21
35.92000000000001
 31
0.0
  0
LINE
  5
5EA
330
5E6
100
AcDbEntity
  8
0
100
AcDbLine
 10
65.92
 20
39.160000000000004
 30
0.0
 11
65.92
 21
35.92000000000001
 31
0.0
  0
INSERT
  5
5EB
330
5E6
100
AcDbEntity
  8
ELEV_X3_DIM
100
AcDbBlockReference
  2
_CLOSEDFILLED
 10
49.92
 20
36.080000000000005
 30
0.0
 41
0.32000000000000006
 42
0.32000000000000006
 50
180.0
  0
INSERT
  5
5ED
330
5E6
100
AcDbEntity
  8
ELEV_X3_DIM
100
AcDbBlockReference
  2
_CLOSEDFILLED
 10
65.92
 20
36.080000000000005
 30
0.0
 41
0.32000000000000006
 42
0.32000000000000006
  0
LINE
  5
5EF
330
5E6
100
AcDbEntity
  8
0
100
AcDbLine
 10
50.24
 20
36.080000000000005
 30
0.0
 11
57.52
 21
36.080000000000005
 31
0.0
  0
LINE
  5
5F0
330
5E6
100
AcDbEntity
  8
0
100
AcDbLine
 10
58.32
 20
36.080000000000005
 30
0.0
 11
65.60000000000001
 21
36.080000000000005
 31
0.0
  0
MTEXT
  5
5F1
330
5E6
100
AcDbEntity
  8
ELEV_X3_DIM
 62
2
100
AcDbMText
 10
57.92
 20
36.080000000000005
 30
0.0
 40
0.4
 71
5
  1
16
  7
OpenSansCondensed-Light
  0
POINT
  5
5F2
330
5E6
100
AcDbEntity
  8
Defpoints
100
AcDbPoint
 10
49.92
 20
36.080000000000005
 30
0.0
  0
POINT
  5
5F3
330
5E6
100
AcDbEntity
  8
Defpoints
100
AcDbPoint
 10
49.92
 20
39.28
 30
0.0
  0
POINT
  5
5F4
330
5E6
100
AcDbEntity
  8
Defpoints
100
AcDbPoint
 10
65.92
 20
39.28
 30
0.0
  0
ENDBLK
  5
5E8
330
5E6
100
AcDbEntity
  8
0
100
AcDbBlockEnd
  0
BLOCK
  5
5F7
330
5F6
100
AcDbEntity
  8
0
100
AcDbBlockBegin
  2
*D63
 70
1
 10
0.0
 20
0.0
 30
0.0
  3
*D63
  1

  0
LINE
  5
5F9
330
5F6
100
AcDbEntity
  8
0
100
AcDbLine
 10
49.800000000000004
 20
39.28
 30
0.0
 11
47.56000000000001
 21
39.28
 31
0.0
  0
LINE
  5
5FA
330
5F6
100
AcDbEntity
  8
0
100
AcDbLine
 10
49.800000000000004
 20
43.28
 30
0.0
 11
47.56000000000001
 21
43.28
 31
0.0
  0
INSERT
  5
5FB
330
5F6
100
AcDbEntity
  8
ELEV_X3_DIM
100
AcDbBlockReference
  2
_CLOSEDFILLED
 10
47.720000000000006
 20
39.28
 30
0.0
 41
0.32000000000000006
 42
0.32000000000000006
 50
270.0
  0
INSERT
  5
5FD
330
5F6
100
AcDbEntity
  8
ELEV_X3_DIM
100
AcDbBlockReference
  2
_CLOSEDFILLED
 10
47.720000000000006
 20
43.28
 30
0.0
 41
0.32000000000000006
 42
0.32000000000000006
 50
90.0
  0
LINE
  5
5FF
330
5F6
100
AcDbEntity
  8
0
100
AcDbLine
 10
47.720000000000006
 20
39.6
 30
0.0
 11
47.720000000000006
 21
41.08
 31
0.0
  0
LINE
  5
600
330
5F6
100
AcDbEntity
  8
0
100
AcDbLine
 10
47.720000000000006
 20
41.480000000000004
 30
0.0
 11
47.720000000000006
 21
42.96
 31
0.0
  0
MTEXT
  5
601
330
5F6
100
AcDbEntity
  8
ELEV_X3_DIM
 62
2
100
AcDbMText
 10
47.720000000000006
 20
41.28
 30
0.0
 40
0.4
 71
5
  1
4
  7
OpenSansCondensed-Light
 50
90.0
  0
POINT
  5
602
330
5F6
100
AcDbEntity
  8
Defpoints
100
AcDbPoint
 10
47.720000000000006
 20
39.28
 30
0.0
  0
POINT
  5
603
330
5F6
100
AcDbEntity
  8
Defpoints
100
AcDbPoint
 10
49.92
 20
39.28
 30
0.0
  0
POINT
  5
604
330
5F6
100
AcDbEntity
  8
Defpoints
100
AcDbPoint
 10
49.92
 20
43.28
 30
0.0
  0
ENDBLK
  5
5F8
330
5F6
100
AcDbEntity
  8
0
100
AcDbBlockEnd
  0
BLOCK
  5
607
330
606
100
AcDbEntity
  8
0
100
AcDbBlockBegin
  2
*D64
 70
1
 10
0.0
 20
0.0
 30
0.0
  3
*D64
  1

  0
LINE
  5
609
330
606
100
AcDbEntity
  8
0
100
AcDbLine
 10
49.800000000000004
 20
43.28
 30
0.0
 11
47.56000000000001
 21
43.28
 31
0.0
  0
LINE
  5
60A
330
606
100
AcDbEntity
  8
0
100
AcDbLine
 10
49.800000000000004
 20
46.78
 30
0.0
 11
47.56000000000001
 21
46.78
 31
0.0
  0
INSERT
  5
60B
330
606
100
AcDbEntity
  8
ELEV_X3_DIM
100
AcDbBlockReference
  2
_CLOSEDFILLED
 10
47.720000000000006
 20
43.28
 30
0.0
 41
0.32000000000000006
 42
0.32000000000000006
 50
270.0
  0
INSERT
  5
60D
330
606
100
AcDbEntity
  8
ELEV_X3_DIM
100
AcDbBlockReference
  2
_CLOSEDFILLED
 10
47.720000000000006
 20
46.78
 30
0.0
 41
0.32000000000000006
 42
0.32000000000000006
 50
90.0
  0
LINE
  5
60F
330
606
100
AcDbEntity
  8
0
100
AcDbLine
 10
47.720000000000006
 20
43.6
 30
0.0
 11
47.720000000000006
 21
44.43
 31
0.0
  0
LINE
  5
610
330
606
100
AcDbEntity
  8
0
100
AcDbLine
 10
47.720000000000006
 20
45.63
 30
0.0
 11
47.720000000000006
 21
46.46
 31
0.0
  0
MTEXT
  5
611
330
606
100
AcDbEntity
  8
ELEV_X3_DIM
 62
2
100
AcDbMText
 10
47.720000000000006
 20
45.03
 30
0.0
 40
0.4
 71
5
  1
3.5
  7
OpenSansCondensed-Light
 50
90.0
  0
POINT
  5
612
330
606
100
AcDbEntity
  8
Defpoints
100
AcDbPoint
 10
47.720000000000006
 20
43.28
 30
0.0
  0
POINT
  5
613
330
606
100
AcDbEntity
  8
Defpoints
100
AcDbPoint
 10
49.92
 20
43.28
 30
0.0
  0
POINT
  5
614
330
606
100
AcDbEntity
  8
Defpoints
100
AcDbPoint
 10
49.92
 20
46.78
 30
0.0
  0
ENDBLK
  5
608
330
606
100
AcDbEntity
  8
0
100
AcDbBlockEnd
  0
BLOCK
  5
617
330
616
100
AcDbEntity
  8
0
100
AcDbBlockBegin
  2
*D65
 70
1
 10
0.0
 20
0.0
 30
0.0
  3
*D65
  1

  0
LINE
  5
619
330
616
100
AcDbEntity
  8
0
100
AcDbLine
 10
49.800000000000004
 20
46.78
 30
0.0
 11
47.56000000000001
 21
46.78
 31
0.0
  0
LINE
  5
61A
330
616
100
AcDbEntity
  8
0
100
AcDbLine
 10
49.800000000000004
 20
50.28
 30
0.0
 11
47.56000000000001
 21
50.28
 31
0.0
  0
INSERT
  5
61B
330
616
100
AcDbEntity
  8
ELEV_X3_DIM
100
AcDbBlockReference
  2
_CLOSEDFILLED
 10
47.720000000000006
 20
46.78
 30
0.0
 41
0.32000000000000006
 42
0.32000000000000006
 50
270.0
  0
INSERT
  5
61D
330
616
100
AcDbEntity
  8
ELEV_X3_DIM
100
AcDbBlockReference
  2
_CLOSEDFILLED
 10
47.720000000000006
 20
50.28
 30
0.0
 41
0.32000000000000006
 42
0.32000000000000006
 50
90.0
  0
LINE
  5
61F
330
616
100
AcDbEntity
  8
0
100
AcDbLine
 10
47.720000000000006
 20
47.1
 30
0.0
 11
47.720000000000006
 21
47.93
 31
0.0
  0
LINE
  5
620
330
616
100
AcDbEntity
  8
0
100
AcDbLine
 10
47.720000000000006
 20
49.13
 30
0.0
 11
47.720000000000006
 21
49.96
 31
0.0
  0
MTEXT
  5
621
330
616
100
AcDbEntity
  8
ELEV_X3_DIM
 62
2
100
AcDbMText
 10
47.720000000000006
 20
48.53
 30
0.0
 40
0.4
 71
5
  1
3.5
  7
OpenSansCondensed-Light
 50
90.0
  0
POINT
  5
622
330
616
100
AcDbEntity
  8
Defpoints
100
AcDbPoint
 10
47.720000000000006
 20
46.78
 30
0.0
  0
POINT
  5
623
330
616
100
AcDbEntity
  8
Defpoints
100
AcDbPoint
 10
49.92
 20
46.78
 30
0.0
  0
POINT
  5
624
330
616
100
AcDbEntity
  8
Defpoints
100
AcDbPoint
 10
49.92
 20
50.28
 30
0.0
  0
ENDBLK
  5
618
330
616
100
AcDbEntity
  8
0
100
AcDbBlockEnd
  0
BLOCK
  5
627
330
626
100
AcDbEntity
  8
0
100
AcDbBlockBegin
  2
*D66
 70
1
 10
0.0
 20
0.0
 30
0.0
  3
*D66
  1

  0
LINE
  5
629
330
626
100
AcDbEntity
  8
0
100
AcDbLine
 10
49.800000000000004
 20
39.28
 30
0.0
 11
46.56000000000001
 21
39.28
 31
0.0
  0
LINE
  5
62A
330
626
100
AcDbEntity
  8
0
100
AcDbLine
 10
49.800000000000004
 20
50.28
 30
0.0
 11
46.56000000000001
 21
50.28
 31
0.0
  0
INSERT
  5
62B
330
626
100
AcDbEntity
  8
ELEV_X3_DIM
100
AcDbBlockReference
  2
_CLOSEDFILLED
 10
46.720000000000006
 20
39.28
 30
0.0
 41
0.32000000000000006
 42
0.32000000000000006
 50
270.0
  0
INSERT
  5
62D
330
626
100
AcDbEntity
  8
ELEV_X3_DIM
100
AcDbBlockReference
  2
_CLOSEDFILLED
 10
46.720000000000006
 20
50.28
 30
0.0
 41
0.32000000000000006
 42
0.32000000000000006
 50
90.0
  0
LINE
  5
62F
330
626
100
AcDbEntity
  8
0
100
AcDbLine
 10
46.720000000000006
 20
39.6
 30
0.0
 11
46.720000000000006
 21
44.38
 31
0.0
  0
LINE
  5
630
330
626
100
AcDbEntity
  8
0
100
AcDbLine
 10
46.720000000000006
 20
45.18
 30
0.0
 11
46.720000000000006
 21
49.96
 31
0.0
  0
MTEXT
  5
631
330
626
100
AcDbEntity
  8
ELEV_X3_DIM
 62
2
100
AcDbMText
 10
46.720000000000006
 20
44.78
 30
0.0
 40
0.4
 71
5
  1
11
  7
OpenSansCondensed-Light
 50
90.0
  0
POINT
  5
632
330
626
100
AcDbEntity
  8
Defpoints
100
AcDbPoint
 10
46.720000000000006
 20
39.28
 30
0.0
  0
POINT
  5
633
330
626
100
AcDbEntity
  8
Defpoints
100
AcDbPoint
 10
49.92
 20
39.28
 30
0.0
  0
POINT
  5
634
330
626
100
AcDbEntity
  8
Defpoints
100
AcDbPoint
 10
49.92
 20
50.28
 30
0.0
  0
ENDBLK
  5
628
330
626
100
AcDbEntity
  8
0
100
AcDbBlockEnd
  0
ENDSEC
  0
SECTION
  2
ENTITIES
  0
LWPOLYLINE
  5
91
330
17
100
AcDbEntity
  8
GL_FRAME
370
50
100
AcDbPolyline
 90
4
 70
1
 10
-4.48
 20
-4.16
 10
17.28
 20
-4.16
 10
17.28
 20
18.88
 10
-4.48
 20
18.88
  0
LWPOLYLINE
  5
92
330
17
100
AcDbEntity
  8
GL_FRAME
370
25
100
AcDbPolyline
 90
4
 70
1
 10
-4.288
 20
-3.968
 10
17.088
 20
-3.968
 10
17.088
 20
18.688
 10
-4.288
 20
18.688
  0
LWPOLYLINE
  5
93
330
17
100
AcDbEntity
  8
GL_FRAME
100
AcDbPolyline
 90
4
 70
1
 10
8.8896
 20
17.702399999999997
 10
17.088
 20
17.702399999999997
 10
17.088
 20
18.688
 10
8.8896
 20
18.688
  0
TEXT
  5
94
330
17
100
AcDbEntity
  8
GL_TEXT
 62
7
100
AcDbText
 10
12.988800000000001
 20
18.1952
 30
0.0
 40
0.448
  1
GL PLAN  EL. 0.0m
 72
1
 11
12.988800000000001
 21
18.1952
 31
0.0
100
AcDbText
 73
2
  0
LINE
  5
95
330
17
100
AcDbEntity
  8
GL_GRID
  6
CENTER
100
AcDbLine
 10
0.0
 20
-0.8
 30
0.0
 11
0.0
 21
16.8
 31
0.0
  0
TEXT
  5
96
330
17
100
AcDbEntity
  8
GL_TEXT
 62
2
100
AcDbText
 10
0.0
 20
-1.4000000000000001
 30
0.0
 40
0.48
  1
X1
 72
1
 11
0.0
 21
-1.4000000000000001
 31
0.0
100
AcDbText
  0
LINE
  5
97
330
17
100
AcDbEntity
  8
GL_GRID
  6
CENTER
100
AcDbLine
 10
8.0
 20
-0.8
 30
0.0
 11
8.0
 21
16.8
 31
0.0
  0
TEXT
  5
98
330
17
100
AcDbEntity
  8
GL_TEXT
 62
2
100
AcDbText
 10
8.0
 20
-1.4000000000000001
 30
0.0
 40
0.48
  1
X2
 72
1
 11
8.0
 21
-1.4000000000000001
 31
0.0
100
AcDbText
  0
LINE
  5
99
330
17
100
AcDbEntity
  8
GL_GRID
  6
CENTER
100
AcDbLine
 10
16.0
 20
-0.8
 30
0.0
 11
16.0
 21
16.8
 31
0.0
  0
TEXT
  5
9A
330
17
100
AcDbEntity
  8
GL_TEXT
 62
2
100
AcDbText
 10
16.0
 20
-1.4000000000000001
 30
0.0
 40
0.48
  1
X3
 72
1
 11
16.0
 21
-1.4000000000000001
 31
0.0
100
AcDbText
  0
LINE
  5
9B
330
17
100
AcDbEntity
  8
GL_GRID
  6
CENTER
100
AcDbLine
 10
-0.8
 20
0.0
 30
0.0
 11
16.8
 21
0.0
 31
0.0
  0
TEXT
  5
9C
330
17
100
AcDbEntity
  8
GL_TEXT
 62
2
100
AcDbText
 10
-1.12
 20
0.0
 30
0.0
 40
0.48
  1
Y1
 72
2
 11
-1.12
 21
0.0
 31
0.0
100
AcDbText
 73
2
  0
LINE
  5
9D
330
17
100
AcDbEntity
  8
GL_GRID
  6
CENTER
100
AcDbLine
 10
-0.8
 20
8.0
 30
0.0
 11
16.8
 21
8.0
 31
0.0
  0
TEXT
  5
9E
330
17
100
AcDbEntity
  8
GL_TEXT
 62
2
100
AcDbText
 10
-1.12
 20
8.0
 30
0.0
 40
0.48
  1
Y2
 72
2
 11
-1.12
 21
8.0
 31
0.0
100
AcDbText
 73
2
  0
LINE
  5
9F
330
17
100
AcDbEntity
  8
GL_GRID
  6
CENTER
100
AcDbLine
 10
-0.8
 20
16.0
 30
0.0
 11
16.8
 21
16.0
 31
0.0
  0
TEXT
  5
A0
330
17
100
AcDbEntity
  8
GL_TEXT
 62
2
100
AcDbText
 10
-1.12
 20
16.0
 30
0.0
 40
0.48
  1
Y3
 72
2
 11
-1.12
 21
16.0
 31
0.0
100
AcDbText
 73
2
  0
LWPOLYLINE
  5
A1
330
17
100
AcDbEntity
  8
GL_COL
 62
6
100
AcDbPolyline
 90
3
 70
1
 10
0.0
 20
0.0
 10
-0.25
 20
-0.375
 10
0.25
 20
-0.375
  0
LWPOLYLINE
  5
A2
330
17
100
AcDbEntity
  8
GL_COL
 62
6
100
AcDbPolyline
 90
3
 70
1
 10
8.0
 20
0.0
 10
7.75
 20
-0.375
 10
8.25
 20
-0.375
  0
LWPOLYLINE
  5
A3
330
17
100
AcDbEntity
  8
GL_COL
 62
6
100
AcDbPolyline
 90
3
 70
1
 10
16.0
 20
0.0
 10
15.75
 20
-0.375
 10
16.25
 20
-0.375
  0
LWPOLYLINE
  5
A4
330
17
100
AcDbEntity
  8
GL_COL
 62
6
100
AcDbPolyline
 90
3
 70
1
 10
0.0
 20
8.0
 10
-0.25
 20
7.625
 10
0.25
 20
7.625
  0
LWPOLYLINE
  5
A5
330
17
100
AcDbEntity
  8
GL_COL
 62
6
100
AcDbPolyline
 90
3
 70
1
 10
8.0
 20
8.0
 10
7.75
 20
7.625
 10
8.25
 20
7.625
  0
LWPOLYLINE
  5
A6
330
17
100
AcDbEntity
  8
GL_COL
 62
6
100
AcDbPolyline
 90
3
 70
1
 10
16.0
 20
8.0
 10
15.75
 20
7.625
 10
16.25
 20
7.625
  0
LWPOLYLINE
  5
A7
330
17
100
AcDbEntity
  8
GL_COL
 62
6
100
AcDbPolyline
 90
3
 70
1
 10
0.0
 20
16.0
 10
-0.25
 20
15.625
 10
0.25
 20
15.625
  0
LWPOLYLINE
  5
A8
330
17
100
AcDbEntity
  8
GL_COL
 62
6
100
AcDbPolyline
 90
3
 70
1
 10
8.0
 20
16.0
 10
7.75
 20
15.625
 10
8.25
 20
15.625
  0
LWPOLYLINE
  5
A9
330
17
100
AcDbEntity
  8
GL_COL
 62
6
100
AcDbPolyline
 90
3
 70
1
 10
16.0
 20
16.0
 10
15.75
 20
15.625
 10
16.25
 20
15.625
  0
DIMENSION
  5
AA
330
17
100
AcDbEntity
  8
GL_DIM
100
AcDbDimension
280
0
  2
*D1
  3
STRUCT_DIM
 10
0.0
 20
-2.2
 30
0.0
 11
4.0
 21
-2.2
 31
0.0
 70
32
 71
5
  1
<>
100
AcDbAlignedDimension
 13
0.0
 23
0.0
 33
0.0
 14
8.0
 24
0.0
 34
0.0
 50
0.0
100
AcDbRotatedDimension
  0
DIMENSION
  5
BA
330
17
100
AcDbEntity
  8
GL_DIM
100
AcDbDimension
280
0
  2
*D2
  3
STRUCT_DIM
 10
8.0
 20
-2.2
 30
0.0
 11
12.0
 21
-2.2
 31
0.0
 70
32
 71
5
  1
<>
100
AcDbAlignedDimension
 13
8.0
 23
0.0
 33
0.0
 14
16.0
 24
0.0
 34
0.0
 50
0.0
100
AcDbRotatedDimension
  0
DIMENSION
  5
CA
330
17
100
AcDbEntity
  8
GL_DIM
100
AcDbDimension
280
0
  2
*D3
  3
STRUCT_DIM
 10
0.0
 20
-3.2
 30
0.0
 11
8.0
 21
-3.2
 31
0.0
 70
32
 71
5
  1
<>
100
AcDbAlignedDimension
 13
0.0
 23
0.0
 33
0.0
 14
16.0
 24
0.0
 34
0.0
 50
0.0
100
AcDbRotatedDimension
  0
DIMENSION
  5
DA
330
17
100
AcDbEntity
  8
GL_DIM
100
AcDbDimension
280
0
  2
*D4
  3
STRUCT_DIM
 10
-2.2
 20
0.0
 30
0.0
 11
-2.2
 21
4.0
 31
0.0
 70
32
 71
5
  1
<>
100
AcDbAlignedDimension
 13
0.0
 23
0.0
 33
0.0
 14
0.0
 24
8.0
 34
0.0
 50
90.0
100
AcDbRotatedDimension
  0
DIMENSION
  5
EA
330
17
100
AcDbEntity
  8
GL_DIM
100
AcDbDimension
280
0
  2
*D5
  3
STRUCT_DIM
 10
-2.2
 20
8.0
 30
0.0
 11
-2.2
 21
12.0
 31
0.0
 70
32
 71
5
  1
<>
100
AcDbAlignedDimension
 13
0.0
 23
8.0
 33
0.0
 14
0.0
 24
16.0
 34
0.0
 50
90.0
100
AcDbRotatedDimension
  0
DIMENSION
  5
FA
330
17
100
AcDbEntity
  8
GL_DIM
100
AcDbDimension
280
0
  2
*D6
  3
STRUCT_DIM
 10
-3.2
 20
0.0
 30
0.0
 11
-3.2
 21
8.0
 31
0.0
 70
32
 71
5
  1
<>
100
AcDbAlignedDimension
 13
0.0
 23
0.0
 33
0.0
 14
0.0
 24
16.0
 34
0.0
 50
90.0
100
AcDbRotatedDimension
  0
LWPOLYLINE
  5
110
330
17
100
AcDbEntity
  8
1F_FRAME
370
50
100
AcDbPolyline
 90
4
 70
1
 10
-4.48
 20
20.48
 10
17.28
 20
20.48
 10
17.28
 20
43.52
 10
-4.48
 20
43.52
  0
LWPOLYLINE
  5
111
330
17
100
AcDbEntity
  8
1F_FRAME
370
25
100
AcDbPolyline
 90
4
 70
1
 10
-4.288
 20
20.672
 10
17.088
 20
20.672
 10
17.088
 20
43.328
 10
-4.288
 20
43.328
  0
LWPOLYLINE
  5
112
330
17
100
AcDbEntity
  8
1F_FRAME
100
AcDbPolyline
 90
4
 70
1
 10
8.8896
 20
42.342400000000005
 10
17.088
 20
42.342400000000005
 10
17.088
 20
43.328
 10
8.8896
 20
43.328
  0
TEXT
  5
113
330
17
100
AcDbEntity
  8
1F_TEXT
 62
7
100
AcDbText
 10
12.988800000000001
 20
42.8352
 30
0.0
 40
0.448
  1
1F PLAN  EL. 4.0m
 72
1
 11
12.988800000000001
 21
42.8352
 31
0.0
100
AcDbText
 73
2
  0
LINE
  5
114
330
17
100
AcDbEntity
  8
1F_GRID
  6
CENTER
100
AcDbLine
 10
0.0
 20
23.84
 30
0.0
 11
0.0
 21
41.44
 31
0.0
  0
TEXT
  5
115
330
17
100
AcDbEntity
  8
1F_TEXT
 62
2
100
AcDbText
 10
0.0
 20
23.24
 30
0.0
 40
0.48
  1
X1
 72
1
 11
0.0
 21
23.24
 31
0.0
100
AcDbText
  0
LINE
  5
116
330
17
100
AcDbEntity
  8
1F_GRID
  6
CENTER
100
AcDbLine
 10
8.0
 20
23.84
 30
0.0
 11
8.0
 21
41.44
 31
0.0
  0
TEXT
  5
117
330
17
100
AcDbEntity
  8
1F_TEXT
 62
2
100
AcDbText
 10
8.0
 20
23.24
 30
0.0
 40
0.48
  1
X2
 72
1
 11
8.0
 21
23.24
 31
0.0
100
AcDbText
  0
LINE
  5
118
330
17
100
AcDbEntity
  8
1F_GRID
  6
CENTER
100
AcDbLine
 10
16.0
 20
23.84
 30
0.0
 11
16.0
 21
41.44
 31
0.0
  0
TEXT
  5
119
330
17
100
AcDbEntity
  8
1F_TEXT
 62
2
100
AcDbText
 10
16.0
 20
23.24
 30
0.0
 40
0.48
  1
X3
 72
1
 11
16.0
 21
23.24
 31
0.0
100
AcDbText
  0
LINE
  5
11A
330
17
100
AcDbEntity
  8
1F_GRID
  6
CENTER
100
AcDbLine
 10
-0.8
 20
24.64
 30
0.0
 11
16.8
 21
24.64
 31
0.0
  0
TEXT
  5
11B
330
17
100
AcDbEntity
  8
1F_TEXT
 62
2
100
AcDbText
 10
-1.12
 20
24.64
 30
0.0
 40
0.48
  1
Y1
 72
2
 11
-1.12
 21
24.64
 31
0.0
100
AcDbText
 73
2
  0
LINE
  5
11C
330
17
100
AcDbEntity
  8
1F_GRID
  6
CENTER
100
AcDbLine
 10
-0.8
 20
32.64
 30
0.0
 11
16.8
 21
32.64
 31
0.0
  0
TEXT
  5
11D
330
17
100
AcDbEntity
  8
1F_TEXT
 62
2
100
AcDbText
 10
-1.12
 20
32.64
 30
0.0
 40
0.48
  1
Y2
 72
2
 11
-1.12
 21
32.64
 31
0.0
100
AcDbText
 73
2
  0
LINE
  5
11E
330
17
100
AcDbEntity
  8
1F_GRID
  6
CENTER
100
AcDbLine
 10
-0.8
 20
40.64
 30
0.0
 11
16.8
 21
40.64
 31
0.0
  0
TEXT
  5
11F
330
17
100
AcDbEntity
  8
1F_TEXT
 62
2
100
AcDbText
 10
-1.12
 20
40.64
 30
0.0
 40
0.48
  1
Y3
 72
2
 11
-1.12
 21
40.64
 31
0.0
100
AcDbText
 73
2
  0
LINE
  5
120
330
17
100
AcDbEntity
  8
1F_BEAM
100
AcDbLine
 10
0.0
 20
24.64
 30
0.0
 11
8.0
 21
24.64
 31
0.0
  0
LINE
  5
121
330
17
100
AcDbEntity
  8
1F_BEAM
100
AcDbLine
 10
8.0
 20
24.64
 30
0.0
 11
16.0
 21
24.64
 31
0.0
  0
LINE
  5
122
330
17
100
AcDbEntity
  8
1F_BEAM
100
AcDbLine
 10
0.0
 20
32.64
 30
0.0
 11
8.0
 21
32.64
 31
0.0
  0
LINE
  5
123
330
17
100
AcDbEntity
  8
1F_BEAM
100
AcDbLine
 10
8.0
 20
32.64
 30
0.0
 11
16.0
 21
32.64
 31
0.0
  0
LINE
  5
124
330
17
100
AcDbEntity
  8
1F_BEAM
100
AcDbLine
 10
0.0
 20
40.64
 30
0.0
 11
8.0
 21
40.64
 31
0.0
  0
LINE
  5
125
330
17
100
AcDbEntity
  8
1F_BEAM
100
AcDbLine
 10
8.0
 20
40.64
 30
0.0
 11
16.0
 21
40.64
 31
0.0
  0
LINE
  5
126
330
17
100
AcDbEntity
  8
1F_BEAM
100
AcDbLine
 10
0.0
 20
24.64
 30
0.0
 11
0.0
 21
32.64
 31
0.0
  0
LINE
  5
127
330
17
100
AcDbEntity
  8
1F_BEAM
100
AcDbLine
 10
0.0
 20
32.64
 30
0.0
 11
0.0
 21
40.64
 31
0.0
  0
LINE
  5
128
330
17
100
AcDbEntity
  8
1F_BEAM
100
AcDbLine
 10
8.0
 20
24.64
 30
0.0
 11
8.0
 21
32.64
 31
0.0
  0
LINE
  5
129
330
17
100
AcDbEntity
  8
1F_BEAM
100
AcDbLine
 10
8.0
 20
32.64
 30
0.0
 11
8.0
 21
40.64
 31
0.0
  0
LINE
  5
12A
330
17
100
AcDbEntity
  8
1F_BEAM
100
AcDbLine
 10
16.0
 20
24.64
 30
0.0
 11
16.0
 21
32.64
 31
0.0
  0
LINE
  5
12B
330
17
100
AcDbEntity
  8
1F_BEAM
100
AcDbLine
 10
16.0
 20
32.64
 30
0.0
 11
16.0
 21
40.64
 31
0.0
  0
LWPOLYLINE
  5
12C
330
17
100
AcDbEntity
  8
1F_COL
100
AcDbPolyline
 90
4
 70
1
 10
-0.15
 20
24.490000000000002
 10
0.15
 20
24.490000000000002
 10
0.15
 20
24.79
 10
-0.15
 20
24.79
  0
LWPOLYLINE
  5
12D
330
17
100
AcDbEntity
  8
1F_COL
100
AcDbPolyline
 90
4
 70
1
 10
7.85
 20
24.490000000000002
 10
8.15
 20
24.490000000000002
 10
8.15
 20
24.79
 10
7.85
 20
24.79
  0
LWPOLYLINE
  5
12E
330
17
100
AcDbEntity
  8
1F_COL
100
AcDbPolyline
 90
4
 70
1
 10
15.85
 20
24.490000000000002
 10
16.15
 20
24.490000000000002
 10
16.15
 20
24.79
 10
15.85
 20
24.79
  0
LWPOLYLINE
  5
12F
330
17
100
AcDbEntity
  8
1F_COL
100
AcDbPolyline
 90
4
 70
1
 10
-0.15
 20
32.49
 10
0.15
 20
32.49
 10
0.15
 20
32.79
 10
-0.15
 20
32.79
  0
LWPOLYLINE
  5
130
330
17
100
AcDbEntity
  8
1F_COL
100
AcDbPolyline
 90
4
 70
1
 10
7.85
 20
32.49
 10
8.15
 20
32.49
 10
8.15
 20
32.79
 10
7.85
 20
32.79
  0
LWPOLYLINE
  5
131
330
17
100
AcDbEntity
  8
1F_COL
100
AcDbPolyline
 90
4
 70
1
 10
15.85
 20
32.49
 10
16.15
 20
32.49
 10
16.15
 20
32.79
 10
15.85
 20
32.79
  0
LWPOLYLINE
  5
132
330
17
100
AcDbEntity
  8
1F_COL
100
AcDbPolyline
 90
4
 70
1
 10
-0.15
 20
40.49
 10
0.15
 20
40.49
 10
0.15
 20
40.79
 10
-0.15
 20
40.79
  0
LWPOLYLINE
  5
133
330
17
100
AcDbEntity
  8
1F_COL
100
AcDbPolyline
 90
4
 70
1
 10
7.85
 20
40.49
 10
8.15
 20
40.49
 10
8.15
 20
40.79
 10
7.85
 20
40.79
  0
LWPOLYLINE
  5
134
330
17
100
AcDbEntity
  8
1F_COL
100
AcDbPolyline
 90
4
 70
1
 10
15.85
 20
40.49
 10
16.15
 20
40.49
 10
16.15
 20
40.79
 10
15.85
 20
40.79
  0
DIMENSION
  5
135
330
17
100
AcDbEntity
  8
1F_DIM
100
AcDbDimension
280
0
  2
*D7
  3
STRUCT_DIM
 10
0.0
 20
22.44
 30
0.0
 11
4.0
 21
22.44
 31
0.0
 70
32
 71
5
  1
<>
100
AcDbAlignedDimension
 13
0.0
 23
24.64
 33
0.0
 14
8.0
 24
24.64
 34
0.0
 50
0.0
100
AcDbRotatedDimension
  0
DIMENSION
  5
145
330
17
100
AcDbEntity
  8
1F_DIM
100
AcDbDimension
280
0
  2
*D8
  3
STRUCT_DIM
 10
8.0
 20
22.44
 30
0.0
 11
12.0
 21
22.44
 31
0.0
 70
32
 71
5
  1
<>
100
AcDbAlignedDimension
 13
8.0
 23
24.64
 33
0.0
 14
16.0
 24
24.64
 34
0.0
 50
0.0
100
AcDbRotatedDimension
  0
DIMENSION
  5
155
330
17
100
AcDbEntity
  8
1F_DIM
100
AcDbDimension
280
0
  2
*D9
  3
STRUCT_DIM
 10
0.0
 20
21.44
 30
0.0
 11
8.0
 21
21.44
 31
0.0
 70
32
 71
5
  1
<>
100
AcDbAlignedDimension
 13
0.0
 23
24.64
 33
0.0
 14
16.0
 24
24.64
 34
0.0
 50
0.0
100
AcDbRotatedDimension
  0
DIMENSION
  5
165
330
17
100
AcDbEntity
  8
1F_DIM
100
AcDbDimension
280
0
  2
*D10
  3
STRUCT_DIM
 10
-2.2
 20
24.64
 30
0.0
 11
-2.2
 21
28.64
 31
0.0
 70
32
 71
5
  1
<>
100
AcDbAlignedDimension
 13
0.0
 23
24.64
 33
0.0
 14
0.0
 24
32.64
 34
0.0
 50
90.0
100
AcDbRotatedDimension
  0
DIMENSION
  5
175
330
17
100
AcDbEntity
  8
1F_DIM
100
AcDbDimension
280
0
  2
*D11
  3
STRUCT_DIM
 10
-2.2
 20
32.64
 30
0.0
 11
-2.2
 21
36.64
 31
0.0
 70
32
 71
5
  1
<>
100
AcDbAlignedDimension
 13
0.0
 23
32.64
 33
0.0
 14
0.0
 24
40.64
 34
0.0
 50
90.0
100
AcDbRotatedDimension
  0
DIMENSION
  5
185
330
17
100
AcDbEntity
  8
1F_DIM
100
AcDbDimension
280
0
  2
*D12
  3
STRUCT_DIM
 10
-3.2
 20
24.64
 30
0.0
 11
-3.2
 21
32.64
 31
0.0
 70
32
 71
5
  1
<>
100
AcDbAlignedDimension
 13
0.0
 23
24.64
 33
0.0
 14
0.0
 24
40.64
 34
0.0
 50
90.0
100
AcDbRotatedDimension
  0
LWPOLYLINE
  5
19B
330
17
100
AcDbEntity
  8
2F_FRAME
370
50
100
AcDbPolyline
 90
4
 70
1
 10
-4.48
 20
45.120000000000005
 10
17.28
 20
45.120000000000005
 10
17.28
 20
68.16
 10
-4.48
 20
68.16
  0
LWPOLYLINE
  5
19C
330
17
100
AcDbEntity
  8
2F_FRAME
370
25
100
AcDbPolyline
 90
4
 70
1
 10
-4.288
 20
45.312000000000005
 10
17.088
 20
45.312000000000005
 10
17.088
 20
67.968
 10
-4.288
 20
67.968
  0
LWPOLYLINE
  5
19D
330
17
100
AcDbEntity
  8
2F_FRAME
100
AcDbPolyline
 90
4
 70
1
 10
8.8896
 20
66.9824
 10
17.088
 20
66.9824
 10
17.088
 20
67.968
 10
8.8896
 20
67.968
  0
TEXT
  5
19E
330
17
100
AcDbEntity
  8
2F_TEXT
 62
7
100
AcDbText
 10
12.988800000000001
 20
67.4752
 30
0.0
 40
0.448
  1
2F PLAN  EL. 7.5m
 72
1
 11
12.988800000000001
 21
67.4752
 31
0.0
100
AcDbText
 73
2
  0
LINE
  5
19F
330
17
100
AcDbEntity
  8
2F_GRID
  6
CENTER
100
AcDbLine
 10
0.0
 20
48.480000000000004
 30
0.0
 11
0.0
 21
66.08
 31
0.0
  0
TEXT
  5
1A0
330
17
100
AcDbEntity
  8
2F_TEXT
 62
2
100
AcDbText
 10
0.0
 20
47.88
 30
0.0
 40
0.48
  1
X1
 72
1
 11
0.0
 21
47.88
 31
0.0
100
AcDbText
  0
LINE
  5
1A1
330
17
100
AcDbEntity
  8
2F_GRID
  6
CENTER
100
AcDbLine
 10
8.0
 20
48.480000000000004
 30
0.0
 11
8.0
 21
66.08
 31
0.0
  0
TEXT
  5
1A2
330
17
100
AcDbEntity
  8
2F_TEXT
 62
2
100
AcDbText
 10
8.0
 20
47.88
 30
0.0
 40
0.48
  1
X2
 72
1
 11
8.0
 21
47.88
 31
0.0
100
AcDbText
  0
LINE
  5
1A3
330
17
100
AcDbEntity
  8
2F_GRID
  6
CENTER
100
AcDbLine
 10
16.0
 20
48.480000000000004
 30
0.0
 11
16.0
 21
66.08
 31
0.0
  0
TEXT
  5
1A4
330
17
100
AcDbEntity
  8
2F_TEXT
 62
2
100
AcDbText
 10
16.0
 20
47.88
 30
0.0
 40
0.48
  1
X3
 72
1
 11
16.0
 21
47.88
 31
0.0
100
AcDbText
  0
LINE
  5
1A5
330
17
100
AcDbEntity
  8
2F_GRID
  6
CENTER
100
AcDbLine
 10
-0.8
 20
49.28
 30
0.0
 11
16.8
 21
49.28
 31
0.0
  0
TEXT
  5
1A6
330
17
100
AcDbEntity
  8
2F_TEXT
 62
2
100
AcDbText
 10
-1.12
 20
49.28
 30
0.0
 40
0.48
  1
Y1
 72
2
 11
-1.12
 21
49.28
 31
0.0
100
AcDbText
 73
2
  0
LINE
  5
1A7
330
17
100
AcDbEntity
  8
2F_GRID
  6
CENTER
100
AcDbLine
 10
-0.8
 20
57.28
 30
0.0
 11
16.8
 21
57.28
 31
0.0
  0
TEXT
  5
1A8
330
17
100
AcDbEntity
  8
2F_TEXT
 62
2
100
AcDbText
 10
-1.12
 20
57.28
 30
0.0
 40
0.48
  1
Y2
 72
2
 11
-1.12
 21
57.28
 31
0.0
100
AcDbText
 73
2
  0
LINE
  5
1A9
330
17
100
AcDbEntity
  8
2F_GRID
  6
CENTER
100
AcDbLine
 10
-0.8
 20
65.28
 30
0.0
 11
16.8
 21
65.28
 31
0.0
  0
TEXT
  5
1AA
330
17
100
AcDbEntity
  8
2F_TEXT
 62
2
100
AcDbText
 10
-1.12
 20
65.28
 30
0.0
 40
0.48
  1
Y3
 72
2
 11
-1.12
 21
65.28
 31
0.0
100
AcDbText
 73
2
  0
LINE
  5
1AB
330
17
100
AcDbEntity
  8
2F_BEAM
100
AcDbLine
 10
0.0
 20
49.28
 30
0.0
 11
8.0
 21
49.28
 31
0.0
  0
LINE
  5
1AC
330
17
100
AcDbEntity
  8
2F_BEAM
100
AcDbLine
 10
8.0
 20
49.28
 30
0.0
 11
16.0
 21
49.28
 31
0.0
  0
LINE
  5
1AD
330
17
100
AcDbEntity
  8
2F_BEAM
100
AcDbLine
 10
0.0
 20
57.28
 30
0.0
 11
8.0
 21
57.28
 31
0.0
  0
LINE
  5
1AE
330
17
100
AcDbEntity
  8
2F_BEAM
100
AcDbLine
 10
8.0
 20
57.28
 30
0.0
 11
16.0
 21
57.28
 31
0.0
  0
LINE
  5
1AF
330
17
100
AcDbEntity
  8
2F_BEAM
100
AcDbLine
 10
0.0
 20
65.28
 30
0.0
 11
8.0
 21
65.28
 31
0.0
  0
LINE
  5
1B0
330
17
100
AcDbEntity
  8
2F_BEAM
100
AcDbLine
 10
8.0
 20
65.28
 30
0.0
 11
16.0
 21
65.28
 31
0.0
  0
LINE
  5
1B1
330
17
100
AcDbEntity
  8
2F_BEAM
100
AcDbLine
 10
0.0
 20
49.28
 30
0.0
 11
0.0
 21
57.28
 31
0.0
  0
LINE
  5
1B2
330
17
100
AcDbEntity
  8
2F_BEAM
100
AcDbLine
 10
0.0
 20
57.28
 30
0.0
 11
0.0
 21
65.28
 31
0.0
  0
LINE
  5
1B3
330
17
100
AcDbEntity
  8
2F_BEAM
100
AcDbLine
 10
8.0
 20
49.28
 30
0.0
 11
8.0
 21
57.28
 31
0.0
  0
LINE
  5
1B4
330
17
100
AcDbEntity
  8
2F_BEAM
100
AcDbLine
 10
8.0
 20
57.28
 30
0.0
 11
8.0
 21
65.28
 31
0.0
  0
LINE
  5
1B5
330
17
100
AcDbEntity
  8
2F_BEAM
100
AcDbLine
 10
16.0
 20
49.28
 30
0.0
 11
16.0
 21
57.28
 31
0.0
  0
LINE
  5
1B6
330
17
100
AcDbEntity
  8
2F_BEAM
100
AcDbLine
 10
16.0
 20
57.28
 30
0.0
 11
16.0
 21
65.28
 31
0.0
  0
LWPOLYLINE
  5
1B7
330
17
100
AcDbEntity
  8
2F_COL
100
AcDbPolyline
 90
4
 70
1
 10
-0.15
 20
49.13
 10
0.15
 20
49.13
 10
0.15
 20
49.43
 10
-0.15
 20
49.43
  0
LWPOLYLINE
  5
1B8
330
17
100
AcDbEntity
  8
2F_COL
100
AcDbPolyline
 90
4
 70
1
 10
7.85
 20
49.13
 10
8.15
 20
49.13
 10
8.15
 20
49.43
 10
7.85
 20
49.43
  0
LWPOLYLINE
  5
1B9
330
17
100
AcDbEntity
  8
2F_COL
100
AcDbPolyline
 90
4
 70
1
 10
15.85
 20
49.13
 10
16.15
 20
49.13
 10
16.15
 20
49.43
 10
15.85
 20
49.43
  0
LWPOLYLINE
  5
1BA
330
17
100
AcDbEntity
  8
2F_COL
100
AcDbPolyline
 90
4
 70
1
 10
-0.15
 20
57.13
 10
0.15
 20
57.13
 10
0.15
 20
57.43
 10
-0.15
 20
57.43
  0
LWPOLYLINE
  5
1BB
330
17
100
AcDbEntity
  8
2F_COL
100
AcDbPolyline
 90
4
 70
1
 10
7.85
 20
57.13
 10
8.15
 20
57.13
 10
8.15
 20
57.43
 10
7.85
 20
57.43
  0
LWPOLYLINE
  5
1BC
330
17
100
AcDbEntity
  8
2F_COL
100
AcDbPolyline
 90
4
 70
1
 10
15.85
 20
57.13
 10
16.15
 20
57.13
 10
16.15
 20
57.43
 10
15.85
 20
57.43
  0
LWPOLYLINE
  5
1BD
330
17
100
AcDbEntity
  8
2F_COL
100
AcDbPolyline
 90
4
 70
1
 10
-0.15
 20
65.13
 10
0.15
 20
65.13
 10
0.15
 20
65.43
 10
-0.15
 20
65.43
  0
LWPOLYLINE
  5
1BE
330
17
100
AcDbEntity
  8
2F_COL
100
AcDbPolyline
 90
4
 70
1
 10
7.85
 20
65.13
 10
8.15
 20
65.13
 10
8.15
 20
65.43
 10
7.85
 20
65.43
  0
LWPOLYLINE
  5
1BF
330
17
100
AcDbEntity
  8
2F_COL
100
AcDbPolyline
 90
4
 70
1
 10
15.85
 20
65.13
 10
16.15
 20
65.13
 10
16.15
 20
65.43
 10
15.85
 20
65.43
  0
DIMENSION
  5
1C0
330
17
100
AcDbEntity
  8
2F_DIM
100
AcDbDimension
280
0
  2
*D13
  3
STRUCT_DIM
 10
0.0
 20
47.080000000000005
 30
0.0
 11
4.0
 21
47.080000000000005
 31
0.0
 70
32
 71
5
  1
<>
100
AcDbAlignedDimension
 13
0.0
 23
49.28
 33
0.0
 14
8.0
 24
49.28
 34
0.0
 50
0.0
100
AcDbRotatedDimension
  0
DIMENSION
  5
1D0
330
17
100
AcDbEntity
  8
2F_DIM
100
AcDbDimension
280
0
  2
*D14
  3
STRUCT_DIM
 10
8.0
 20
47.080000000000005
 30
0.0
 11
12.0
 21
47.080000000000005
 31
0.0
 70
32
 71
5
  1
<>
100
AcDbAlignedDimension
 13
8.0
 23
49.28
 33
0.0
 14
16.0
 24
49.28
 34
0.0
 50
0.0
100
AcDbRotatedDimension
  0
DIMENSION
  5
1E0
330
17
100
AcDbEntity
  8
2F_DIM
100
AcDbDimension
280
0
  2
*D15
  3
STRUCT_DIM
 10
0.0
 20
46.080000000000005
 30
0.0
 11
8.0
 21
46.080000000000005
 31
0.0
 70
32
 71
5
  1
<>
100
AcDbAlignedDimension
 13
0.0
 23
49.28
 33
0.0
 14
16.0
 24
49.28
 34
0.0
 50
0.0
100
AcDbRotatedDimension
  0
DIMENSION
  5
1F0
330
17
100
AcDbEntity
  8
2F_DIM
100
AcDbDimension
280
0
  2
*D16
  3
STRUCT_DIM
 10
-2.2
 20
49.28
 30
0.0
 11
-2.2
 21
53.28
 31
0.0
 70
32
 71
5
  1
<>
100
AcDbAlignedDimension
 13
0.0
 23
49.28
 33
0.0
 14
0.0
 24
57.28
 34
0.0
 50
90.0
100
AcDbRotatedDimension
  0
DIMENSION
  5
200
330
17
100
AcDbEntity
  8
2F_DIM
100
AcDbDimension
280
0
  2
*D17
  3
STRUCT_DIM
 10
-2.2
 20
57.28
 30
0.0
 11
-2.2
 21
61.28
 31
0.0
 70
32
 71
5
  1
<>
100
AcDbAlignedDimension
 13
0.0
 23
57.28
 33
0.0
 14
0.0
 24
65.28
 34
0.0
 50
90.0
100
AcDbRotatedDimension
  0
DIMENSION
  5
210
330
17
100
AcDbEntity
  8
2F_DIM
100
AcDbDimension
280
0
  2
*D18
  3
STRUCT_DIM
 10
-3.2
 20
49.28
 30
0.0
 11
-3.2
 21
57.28
 31
0.0
 70
32
 71
5
  1
<>
100
AcDbAlignedDimension
 13
0.0
 23
49.28
 33
0.0
 14
0.0
 24
65.28
 34
0.0
 50
90.0
100
AcDbRotatedDimension
  0
LWPOLYLINE
  5
226
330
17
100
AcDbEntity
  8
3F_FRAME
370
50
100
AcDbPolyline
 90
4
 70
1
 10
-4.48
 20
69.76
 10
17.28
 20
69.76
 10
17.28
 20
92.8
 10
-4.48
 20
92.8
  0
LWPOLYLINE
  5
227
330
17
100
AcDbEntity
  8
3F_FRAME
370
25
100
AcDbPolyline
 90
4
 70
1
 10
-4.288
 20
69.952
 10
17.088
 20
69.952
 10
17.088
 20
92.608
 10
-4.288
 20
92.608
  0
LWPOLYLINE
  5
228
330
17
100
AcDbEntity
  8
3F_FRAME
100
AcDbPolyline
 90
4
 70
1
 10
8.486400000000001
 20
91.6224
 10
17.088
 20
91.6224
 10
17.088
 20
92.608
 10
8.486400000000001
 20
92.608
  0
TEXT
  5
229
330
17
100
AcDbEntity
  8
3F_TEXT
 62
7
100
AcDbText
 10
12.787200000000002
 20
92.1152
 30
0.0
 40
0.448
  1
3F PLAN  EL. 11.0m
 72
1
 11
12.787200000000002
 21
92.1152
 31
0.0
100
AcDbText
 73
2
  0
LINE
  5
22A
330
17
100
AcDbEntity
  8
3F_GRID
  6
CENTER
100
AcDbLine
 10
0.0
 20
73.12
 30
0.0
 11
0.0
 21
90.72
 31
0.0
  0
TEXT
  5
22B
330
17
100
AcDbEntity
  8
3F_TEXT
 62
2
100
AcDbText
 10
0.0
 20
72.52000000000001
 30
0.0
 40
0.48
  1
X1
 72
1
 11
0.0
 21
72.52000000000001
 31
0.0
100
AcDbText
  0
LINE
  5
22C
330
17
100
AcDbEntity
  8
3F_GRID
  6
CENTER
100
AcDbLine
 10
8.0
 20
73.12
 30
0.0
 11
8.0
 21
90.72
 31
0.0
  0
TEXT
  5
22D
330
17
100
AcDbEntity
  8
3F_TEXT
 62
2
100
AcDbText
 10
8.0
 20
72.52000000000001
 30
0.0
 40
0.48
  1
X2
 72
1
 11
8.0
 21
72.52000000000001
 31
0.0
100
AcDbText
  0
LINE
  5
22E
330
17
100
AcDbEntity
  8
3F_GRID
  6
CENTER
100
AcDbLine
 10
16.0
 20
73.12
 30
0.0
 11
16.0
 21
90.72
 31
0.0
  0
TEXT
  5
22F
330
17
100
AcDbEntity
  8
3F_TEXT
 62
2
100
AcDbText
 10
16.0
 20
72.52000000000001
 30
0.0
 40
0.48
  1
X3
 72
1
 11
16.0
 21
72.52000000000001
 31
0.0
100
AcDbText
  0
LINE
  5
230
330
17
100
AcDbEntity
  8
3F_GRID
  6
CENTER
100
AcDbLine
 10
-0.8
 20
73.92
 30
0.0
 11
16.8
 21
73.92
 31
0.0
  0
TEXT
  5
231
330
17
100
AcDbEntity
  8
3F_TEXT
 62
2
100
AcDbText
 10
-1.12
 20
73.92
 30
0.0
 40
0.48
  1
Y1
 72
2
 11
-1.12
 21
73.92
 31
0.0
100
AcDbText
 73
2
  0
LINE
  5
232
330
17
100
AcDbEntity
  8
3F_GRID
  6
CENTER
100
AcDbLine
 10
-0.8
 20
81.92
 30
0.0
 11
16.8
 21
81.92
 31
0.0
  0
TEXT
  5
233
330
17
100
AcDbEntity
  8
3F_TEXT
 62
2
100
AcDbText
 10
-1.12
 20
81.92
 30
0.0
 40
0.48
  1
Y2
 72
2
 11
-1.12
 21
81.92
 31
0.0
100
AcDbText
 73
2
  0
LINE
  5
234
330
17
100
AcDbEntity
  8
3F_GRID
  6
CENTER
100
AcDbLine
 10
-0.8
 20
89.92
 30
0.0
 11
16.8
 21
89.92
 31
0.0
  0
TEXT
  5
235
330
17
100
AcDbEntity
  8
3F_TEXT
 62
2
100
AcDbText
 10
-1.12
 20
89.92
 30
0.0
 40
0.48
  1
Y3
 72
2
 11
-1.12
 21
89.92
 31
0.0
100
AcDbText
 73
2
  0
LINE
  5
236
330
17
100
AcDbEntity
  8
3F_BEAM
100
AcDbLine
 10
0.0
 20
73.92
 30
0.0
 11
8.0
 21
73.92
 31
0.0
  0
LINE
  5
237
330
17
100
AcDbEntity
  8
3F_BEAM
100
AcDbLine
 10
8.0
 20
73.92
 30
0.0
 11
16.0
 21
73.92
 31
0.0
  0
LINE
  5
238
330
17
100
AcDbEntity
  8
3F_BEAM
100
AcDbLine
 10
0.0
 20
81.92
 30
0.0
 11
8.0
 21
81.92
 31
0.0
  0
LINE
  5
239
330
17
100
AcDbEntity
  8
3F_BEAM
100
AcDbLine
 10
8.0
 20
81.92
 30
0.0
 11
16.0
 21
81.92
 31
0.0
  0
LINE
  5
23A
330
17
100
AcDbEntity
  8
3F_BEAM
100
AcDbLine
 10
0.0
 20
89.92
 30
0.0
 11
8.0
 21
89.92
 31
0.0
  0
LINE
  5
23B
330
17
100
AcDbEntity
  8
3F_BEAM
100
AcDbLine
 10
8.0
 20
89.92
 30
0.0
 11
16.0
 21
89.92
 31
0.0
  0
LINE
  5
23C
330
17
100
AcDbEntity
  8
3F_BEAM
100
AcDbLine
 10
0.0
 20
73.92
 30
0.0
 11
0.0
 21
81.92
 31
0.0
  0
LINE
  5
23D
330
17
100
AcDbEntity
  8
3F_BEAM
100
AcDbLine
 10
0.0
 20
81.92
 30
0.0
 11
0.0
 21
89.92
 31
0.0
  0
LINE
  5
23E
330
17
100
AcDbEntity
  8
3F_BEAM
100
AcDbLine
 10
8.0
 20
73.92
 30
0.0
 11
8.0
 21
81.92
 31
0.0
  0
LINE
  5
23F
330
17
100
AcDbEntity
  8
3F_BEAM
100
AcDbLine
 10
8.0
 20
81.92
 30
0.0
 11
8.0
 21
89.92
 31
0.0
  0
LINE
  5
240
330
17
100
AcDbEntity
  8
3F_BEAM
100
AcDbLine
 10
16.0
 20
73.92
 30
0.0
 11
16.0
 21
81.92
 31
0.0
  0
LINE
  5
241
330
17
100
AcDbEntity
  8
3F_BEAM
100
AcDbLine
 10
16.0
 20
81.92
 30
0.0
 11
16.0
 21
89.92
 31
0.0
  0
LWPOLYLINE
  5
242
330
17
100
AcDbEntity
  8
3F_COL
100
AcDbPolyline
 90
4
 70
1
 10
-0.15
 20
73.77
 10
0.15
 20
73.77
 10
0.15
 20
74.07000000000001
 10
-0.15
 20
74.07000000000001
  0
LWPOLYLINE
  5
243
330
17
100
AcDbEntity
  8
3F_COL
100
AcDbPolyline
 90
4
 70
1
 10
7.85
 20
73.77
 10
8.15
 20
73.77
 10
8.15
 20
74.07000000000001
 10
7.85
 20
74.07000000000001
  0
LWPOLYLINE
  5
244
330
17
100
AcDbEntity
  8
3F_COL
100
AcDbPolyline
 90
4
 70
1
 10
15.85
 20
73.77
 10
16.15
 20
73.77
 10
16.15
 20
74.07000000000001
 10
15.85
 20
74.07000000000001
  0
LWPOLYLINE
  5
245
330
17
100
AcDbEntity
  8
3F_COL
100
AcDbPolyline
 90
4
 70
1
 10
-0.15
 20
81.77
 10
0.15
 20
81.77
 10
0.15
 20
82.07000000000001
 10
-0.15
 20
82.07000000000001
  0
LWPOLYLINE
  5
246
330
17
100
AcDbEntity
  8
3F_COL
100
AcDbPolyline
 90
4
 70
1
 10
7.85
 20
81.77
 10
8.15
 20
81.77
 10
8.15
 20
82.07000000000001
 10
7.85
 20
82.07000000000001
  0
LWPOLYLINE
  5
247
330
17
100
AcDbEntity
  8
3F_COL
100
AcDbPolyline
 90
4
 70
1
 10
15.85
 20
81.77
 10
16.15
 20
81.77
 10
16.15
 20
82.07000000000001
 10
15.85
 20
82.07000000000001
  0
LWPOLYLINE
  5
248
330
17
100
AcDbEntity
  8
3F_COL
100
AcDbPolyline
 90
4
 70
1
 10
-0.15
 20
89.77
 10
0.15
 20
89.77
 10
0.15
 20
90.07000000000001
 10
-0.15
 20
90.07000000000001
  0
LWPOLYLINE
  5
249
330
17
100
AcDbEntity
  8
3F_COL
100
AcDbPolyline
 90
4
 70
1
 10
7.85
 20
89.77
 10
8.15
 20
89.77
 10
8.15
 20
90.07000000000001
 10
7.85
 20
90.07000000000001
  0
LWPOLYLINE
  5
24A
330
17
100
AcDbEntity
  8
3F_COL
100
AcDbPolyline
 90
4
 70
1
 10
15.85
 20
89.77
 10
16.15
 20
89.77
 10
16.15
 20
90.07000000000001
 10
15.85
 20
90.07000000000001
  0
DIMENSION
  5
24B
330
17
100
AcDbEntity
  8
3F_DIM
100
AcDbDimension
280
0
  2
*D19
  3
STRUCT_DIM
 10
0.0
 20
71.72
 30
0.0
 11
4.0
 21
71.72
 31
0.0
 70
32
 71
5
  1
<>
100
AcDbAlignedDimension
 13
0.0
 23
73.92
 33
0.0
 14
8.0
 24
73.92
 34
0.0
 50
0.0
100
AcDbRotatedDimension
  0
DIMENSION
  5
25B
330
17
100
AcDbEntity
  8
3F_DIM
100
AcDbDimension
280
0
  2
*D20
  3
STRUCT_DIM
 10
8.0
 20
71.72
 30
0.0
 11
12.0
 21
71.72
 31
0.0
 70
32
 71
5
  1
<>
100
AcDbAlignedDimension
 13
8.0
 23
73.92
 33
0.0
 14
16.0
 24
73.92
 34
0.0
 50
0.0
100
AcDbRotatedDimension
  0
DIMENSION
  5
26B
330
17
100
AcDbEntity
  8
3F_DIM
100
AcDbDimension
280
0
  2
*D21
  3
STRUCT_DIM
 10
0.0
 20
70.72
 30
0.0
 11
8.0
 21
70.72
 31
0.0
 70
32
 71
5
  1
<>
100
AcDbAlignedDimension
 13
0.0
 23
73.92
 33
0.0
 14
16.0
 24
73.92
 34
0.0
 50
0.0
100
AcDbRotatedDimension
  0
DIMENSION
  5
27B
330
17
100
AcDbEntity
  8
3F_DIM
100
AcDbDimension
280
0
  2
*D22
  3
STRUCT_DIM
 10
-2.2
 20
73.92
 30
0.0
 11
-2.2
 21
77.92
 31
0.0
 70
32
 71
5
  1
<>
100
AcDbAlignedDimension
 13
0.0
 23
73.92
 33
0.0
 14
0.0
 24
81.92
 34
0.0
 50
90.0
100
AcDbRotatedDimension
  0
DIMENSION
  5
28B
330
17
100
AcDbEntity
  8
3F_DIM
100
AcDbDimension
280
0
  2
*D23
  3
STRUCT_DIM
 10
-2.2
 20
81.92
 30
0.0
 11
-2.2
 21
85.92
 31
0.0
 70
32
 71
5
  1
<>
100
AcDbAlignedDimension
 13
0.0
 23
81.92
 33
0.0
 14
0.0
 24
89.92
 34
0.0
 50
90.0
100
AcDbRotatedDimension
  0
DIMENSION
  5
29B
330
17
100
AcDbEntity
  8
3F_DIM
100
AcDbDimension
280
0
  2
*D24
  3
STRUCT_DIM
 10
-3.2
 20
73.92
 30
0.0
 11
-3.2
 21
81.92
 31
0.0
 70
32
 71
5
  1
<>
100
AcDbAlignedDimension
 13
0.0
 23
73.92
 33
0.0
 14
0.0
 24
89.92
 34
0.0
 50
90.0
100
AcDbRotatedDimension
  0
LWPOLYLINE
  5
2B1
330
17
100
AcDbEntity
  8
ELEV_Y1_FRAME
370
50
100
AcDbPolyline
 90
4
 70
1
 10
20.48
 20
-4.16
 10
42.24
 20
-4.16
 10
42.24
 20
13.879999999999999
 10
20.48
 20
13.879999999999999
  0
LWPOLYLINE
  5
2B2
330
17
100
AcDbEntity
  8
ELEV_Y1_FRAME
370
25
100
AcDbPolyline
 90
4
 70
1
 10
20.672
 20
-3.968
 10
42.048
 20
-3.968
 10
42.048
 20
13.687999999999999
 10
20.672
 20
13.687999999999999
  0
LWPOLYLINE
  5
2B3
330
17
100
AcDbEntity
  8
ELEV_Y1_FRAME
100
AcDbPolyline
 90
4
 70
1
 10
34.048
 20
12.702399999999999
 10
42.048
 20
12.702399999999999
 10
42.048
 20
13.687999999999999
 10
34.048
 20
13.687999999999999
  0
TEXT
  5
2B4
330
17
100
AcDbEntity
  8
ELEV_Y1_TEXT
 62
7
100
AcDbText
 10
38.048
 20
13.1952
 30
0.0
 40
0.448
  1
Y1 ELEVATION
 72
1
 11
38.048
 21
13.1952
 31
0.0
100
AcDbText
 73
2
  0
LINE
  5
2B5
330
17
100
AcDbEntity
  8
ELEV_Y1_GRID
  6
CENTER
100
AcDbLine
 10
24.96
 20
-0.8
 30
0.0
 11
24.96
 21
11.8
 31
0.0
  0
TEXT
  5
2B6
330
17
100
AcDbEntity
  8
ELEV_Y1_TEXT
 62
2
100
AcDbText
 10
24.96
 20
-1.4000000000000001
 30
0.0
 40
0.48
  1
X1
 72
1
 11
24.96
 21
-1.4000000000000001
 31
0.0
100
AcDbText
  0
LINE
  5
2B7
330
17
100
AcDbEntity
  8
ELEV_Y1_GRID
  6
CENTER
100
AcDbLine
 10
32.96
 20
-0.8
 30
0.0
 11
32.96
 21
11.8
 31
0.0
  0
TEXT
  5
2B8
330
17
100
AcDbEntity
  8
ELEV_Y1_TEXT
 62
2
100
AcDbText
 10
32.96
 20
-1.4000000000000001
 30
0.0
 40
0.48
  1
X2
 72
1
 11
32.96
 21
-1.4000000000000001
 31
0.0
100
AcDbText
  0
LINE
  5
2B9
330
17
100
AcDbEntity
  8
ELEV_Y1_GRID
  6
CENTER
100
AcDbLine
 10
40.96
 20
-0.8
 30
0.0
 11
40.96
 21
11.8
 31
0.0
  0
TEXT
  5
2BA
330
17
100
AcDbEntity
  8
ELEV_Y1_TEXT
 62
2
100
AcDbText
 10
40.96
 20
-1.4000000000000001
 30
0.0
 40
0.48
  1
X3
 72
1
 11
40.96
 21
-1.4000000000000001
 31
0.0
100
AcDbText
  0
LINE
  5
2BB
330
17
100
AcDbEntity
  8
ELEV_Y1_GRID
  6
CENTER
100
AcDbLine
 10
24.16
 20
0.0
 30
0.0
 11
41.76
 21
0.0
 31
0.0
  0
TEXT
  5
2BC
330
17
100
AcDbEntity
  8
ELEV_Y1_TEXT
 62
2
100
AcDbText
 10
23.84
 20
0.0
 30
0.0
 40
0.48
  1
GL
 72
2
 11
23.84
 21
0.0
 31
0.0
100
AcDbText
 73
2
  0
LINE
  5
2BD
330
17
100
AcDbEntity
  8
ELEV_Y1_GRID
  6
CENTER
100
AcDbLine
 10
24.16
 20
4.0
 30
0.0
 11
41.76
 21
4.0
 31
0.0
  0
TEXT
  5
2BE
330
17
100
AcDbEntity
  8
ELEV_Y1_TEXT
 62
2
100
AcDbText
 10
23.84
 20
4.0
 30
0.0
 40
0.48
  1
1F
 72
2
 11
23.84
 21
4.0
 31
0.0
100
AcDbText
 73
2
  0
LINE
  5
2BF
330
17
100
AcDbEntity
  8
ELEV_Y1_GRID
  6
CENTER
100
AcDbLine
 10
24.16
 20
7.5
 30
0.0
 11
41.76
 21
7.5
 31
0.0
  0
TEXT
  5
2C0
330
17
100
AcDbEntity
  8
ELEV_Y1_TEXT
 62
2
100
AcDbText
 10
23.84
 20
7.5
 30
0.0
 40
0.48
  1
2F
 72
2
 11
23.84
 21
7.5
 31
0.0
100
AcDbText
 73
2
  0
LINE
  5
2C1
330
17
100
AcDbEntity
  8
ELEV_Y1_GRID
  6
CENTER
100
AcDbLine
 10
24.16
 20
11.0
 30
0.0
 11
41.76
 21
11.0
 31
0.0
  0
TEXT
  5
2C2
330
17
100
AcDbEntity
  8
ELEV_Y1_TEXT
 62
2
100
AcDbText
 10
23.84
 20
11.0
 30
0.0
 40
0.48
  1
3F
 72
2
 11
23.84
 21
11.0
 31
0.0
100
AcDbText
 73
2
  0
LINE
  5
2C3
330
17
100
AcDbEntity
  8
ELEV_Y1_COL
100
AcDbLine
 10
24.96
 20
0.0
 30
0.0
 11
24.96
 21
4.0
 31
0.0
  0
LINE
  5
2C4
330
17
100
AcDbEntity
  8
ELEV_Y1_COL
100
AcDbLine
 10
32.96
 20
0.0
 30
0.0
 11
32.96
 21
4.0
 31
0.0
  0
LINE
  5
2C5
330
17
100
AcDbEntity
  8
ELEV_Y1_COL
100
AcDbLine
 10
40.96
 20
0.0
 30
0.0
 11
40.96
 21
4.0
 31
0.0
  0
LINE
  5
2C6
330
17
100
AcDbEntity
  8
ELEV_Y1_COL
100
AcDbLine
 10
24.96
 20
4.0
 30
0.0
 11
24.96
 21
7.5
 31
0.0
  0
LINE
  5
2C7
330
17
100
AcDbEntity
  8
ELEV_Y1_COL
100
AcDbLine
 10
32.96
 20
4.0
 30
0.0
 11
32.96
 21
7.5
 31
0.0
  0
LINE
  5
2C8
330
17
100
AcDbEntity
  8
ELEV_Y1_COL
100
AcDbLine
 10
40.96
 20
4.0
 30
0.0
 11
40.96
 21
7.5
 31
0.0
  0
LINE
  5
2C9
330
17
100
AcDbEntity
  8
ELEV_Y1_COL
100
AcDbLine
 10
24.96
 20
7.5
 30
0.0
 11
24.96
 21
11.0
 31
0.0
  0
LINE
  5
2CA
330
17
100
AcDbEntity
  8
ELEV_Y1_COL
100
AcDbLine
 10
32.96
 20
7.5
 30
0.0
 11
32.96
 21
11.0
 31
0.0
  0
LINE
  5
2CB
330
17
100
AcDbEntity
  8
ELEV_Y1_COL
100
AcDbLine
 10
40.96
 20
7.5
 30
0.0
 11
40.96
 21
11.0
 31
0.0
  0
LINE
  5
2CC
330
17
100
AcDbEntity
  8
ELEV_Y1_BEAM
100
AcDbLine
 10
24.96
 20
4.0
 30
0.0
 11
32.96
 21
4.0
 31
0.0
  0
LINE
  5
2CD
330
17
100
AcDbEntity
  8
ELEV_Y1_BEAM
100
AcDbLine
 10
32.96
 20
4.0
 30
0.0
 11
40.96
 21
4.0
 31
0.0
  0
LINE
  5
2CE
330
17
100
AcDbEntity
  8
ELEV_Y1_BEAM
100
AcDbLine
 10
24.96
 20
7.5
 30
0.0
 11
32.96
 21
7.5
 31
0.0
  0
LINE
  5
2CF
330
17
100
AcDbEntity
  8
ELEV_Y1_BEAM
100
AcDbLine
 10
32.96
 20
7.5
 30
0.0
 11
40.96
 21
7.5
 31
0.0
  0
LINE
  5
2D0
330
17
100
AcDbEntity
  8
ELEV_Y1_BEAM
100
AcDbLine
 10
24.96
 20
11.0
 30
0.0
 11
32.96
 21
11.0
 31
0.0
  0
LINE
  5
2D1
330
17
100
AcDbEntity
  8
ELEV_Y1_BEAM
100
AcDbLine
 10
32.96
 20
11.0
 30
0.0
 11
40.96
 21
11.0
 31
0.0
  0
DIMENSION
  5
2D2
330
17
100
AcDbEntity
  8
ELEV_Y1_DIM
100
AcDbDimension
280
0
  2
*D25
  3
STRUCT_DIM
 10
24.96
 20
-2.2
 30
0.0
 11
28.96
 21
-2.2
 31
0.0
 70
32
 71
5
  1
<>
100
AcDbAlignedDimension
 13
24.96
 23
0.0
 33
0.0
 14
32.96
 24
0.0
 34
0.0
 50
0.0
100
AcDbRotatedDimension
  0
DIMENSION
  5
2E2
330
17
100
AcDbEntity
  8
ELEV_Y1_DIM
100
AcDbDimension
280
0
  2
*D26
  3
STRUCT_DIM
 10
32.96
 20
-2.2
 30
0.0
 11
36.96
 21
-2.2
 31
0.0
 70
32
 71
5
  1
<>
100
AcDbAlignedDimension
 13
32.96
 23
0.0
 33
0.0
 14
40.96
 24
0.0
 34
0.0
 50
0.0
100
AcDbRotatedDimension
  0
DIMENSION
  5
2F2
330
17
100
AcDbEntity
  8
ELEV_Y1_DIM
100
AcDbDimension
280
0
  2
*D27
  3
STRUCT_DIM
 10
24.96
 20
-3.2
 30
0.0
 11
32.96
 21
-3.2
 31
0.0
 70
32
 71
5
  1
<>
100
AcDbAlignedDimension
 13
24.96
 23
0.0
 33
0.0
 14
40.96
 24
0.0
 34
0.0
 50
0.0
100
AcDbRotatedDimension
  0
DIMENSION
  5
302
330
17
100
AcDbEntity
  8
ELEV_Y1_DIM
100
AcDbDimension
280
0
  2
*D28
  3
STRUCT_DIM
 10
22.76
 20
0.0
 30
0.0
 11
22.76
 21
2.0
 31
0.0
 70
32
 71
5
  1
<>
100
AcDbAlignedDimension
 13
24.96
 23
0.0
 33
0.0
 14
24.96
 24
4.0
 34
0.0
 50
90.0
100
AcDbRotatedDimension
  0
DIMENSION
  5
312
330
17
100
AcDbEntity
  8
ELEV_Y1_DIM
100
AcDbDimension
280
0
  2
*D29
  3
STRUCT_DIM
 10
22.76
 20
4.0
 30
0.0
 11
22.76
 21
5.75
 31
0.0
 70
32
 71
5
  1
<>
100
AcDbAlignedDimension
 13
24.96
 23
4.0
 33
0.0
 14
24.96
 24
7.5
 34
0.0
 50
90.0
100
AcDbRotatedDimension
  0
DIMENSION
  5
322
330
17
100
AcDbEntity
  8
ELEV_Y1_DIM
100
AcDbDimension
280
0
  2
*D30
  3
STRUCT_DIM
 10
22.76
 20
7.5
 30
0.0
 11
22.76
 21
9.25
 31
0.0
 70
32
 71
5
  1
<>
100
AcDbAlignedDimension
 13
24.96
 23
7.5
 33
0.0
 14
24.96
 24
11.0
 34
0.0
 50
90.0
100
AcDbRotatedDimension
  0
DIMENSION
  5
332
330
17
100
AcDbEntity
  8
ELEV_Y1_DIM
100
AcDbDimension
280
0
  2
*D31
  3
STRUCT_DIM
 10
21.76
 20
0.0
 30
0.0
 11
21.76
 21
5.5
 31
0.0
 70
32
 71
5
  1
<>
100
AcDbAlignedDimension
 13
24.96
 23
0.0
 33
0.0
 14
24.96
 24
11.0
 34
0.0
 50
90.0
100
AcDbRotatedDimension
  0
LWPOLYLINE
  5
348
330
17
100
AcDbEntity
  8
ELEV_Y2_FRAME
370
50
100
AcDbPolyline
 90
4
 70
1
 10
20.48
 20
15.48
 10
42.24
 20
15.48
 10
42.24
 20
33.52
 10
20.48
 20
33.52
  0
LWPOLYLINE
  5
349
330
17
100
AcDbEntity
  8
ELEV_Y2_FRAME
370
25
100
AcDbPolyline
 90
4
 70
1
 10
20.672
 20
15.672
 10
42.048
 20
15.672
 10
42.048
 20
33.328
 10
20.672
 20
33.328
  0
LWPOLYLINE
  5
34A
330
17
100
AcDbEntity
  8
ELEV_Y2_FRAME
100
AcDbPolyline
 90
4
 70
1
 10
34.048
 20
32.342400000000005
 10
42.048
 20
32.342400000000005
 10
42.048
 20
33.328
 10
34.048
 20
33.328
  0
TEXT
  5
34B
330
17
100
AcDbEntity
  8
ELEV_Y2_TEXT
 62
7
100
AcDbText
 10
38.048
 20
32.8352
 30
0.0
 40
0.448
  1
Y2 ELEVATION
 72
1
 11
38.048
 21
32.8352
 31
0.0
100
AcDbText
 73
2
  0
LINE
  5
34C
330
17
100
AcDbEntity
  8
ELEV_Y2_GRID
  6
CENTER
100
AcDbLine
 10
24.96
 20
18.84
 30
0.0
 11
24.96
 21
31.44
 31
0.0
  0
TEXT
  5
34D
330
17
100
AcDbEntity
  8
ELEV_Y2_TEXT
 62
2
100
AcDbText
 10
24.96
 20
18.24
 30
0.0
 40
0.48
  1
X1
 72
1
 11
24.96
 21
18.24
 31
0.0
100
AcDbText
  0
LINE
  5
34E
330
17
100
AcDbEntity
  8
ELEV_Y2_GRID
  6
CENTER
100
AcDbLine
 10
32.96
 20
18.84
 30
0.0
 11
32.96
 21
31.44
 31
0.0
  0
TEXT
  5
34F
330
17
100
AcDbEntity
  8
ELEV_Y2_TEXT
 62
2
100
AcDbText
 10
32.96
 20
18.24
 30
0.0
 40
0.48
  1
X2
 72
1
 11
32.96
 21
18.24
 31
0.0
100
AcDbText
  0
LINE
  5
350
330
17
100
AcDbEntity
  8
ELEV_Y2_GRID
  6
CENTER
100
AcDbLine
 10
40.96
 20
18.84
 30
0.0
 11
40.96
 21
31.44
 31
0.0
  0
TEXT
  5
351
330
17
100
AcDbEntity
  8
ELEV_Y2_TEXT
 62
2
100
AcDbText
 10
40.96
 20
18.24
 30
0.0
 40
0.48
  1
X3
 72
1
 11
40.96
 21
18.24
 31
0.0
100
AcDbText
  0
LINE
  5
352
330
17
100
AcDbEntity
  8
ELEV_Y2_GRID
  6
CENTER
100
AcDbLine
 10
24.16
 20
19.64
 30
0.0
 11
41.76
 21
19.64
 31
0.0
  0
TEXT
  5
353
330
17
100
AcDbEntity
  8
ELEV_Y2_TEXT
 62
2
100
AcDbText
 10
23.84
 20
19.64
 30
0.0
 40
0.48
  1
GL
 72
2
 11
23.84
 21
19.64
 31
0.0
100
AcDbText
 73
2
  0
LINE
  5
354
330
17
100
AcDbEntity
  8
ELEV_Y2_GRID
  6
CENTER
100
AcDbLine
 10
24.16
 20
23.64
 30
0.0
 11
41.76
 21
23.64
 31
0.0
  0
TEXT
  5
355
330
17
100
AcDbEntity
  8
ELEV_Y2_TEXT
 62
2
100
AcDbText
 10
23.84
 20
23.64
 30
0.0
 40
0.48
  1
1F
 72
2
 11
23.84
 21
23.64
 31
0.0
100
AcDbText
 73
2
  0
LINE
  5
356
330
17
100
AcDbEntity
  8
ELEV_Y2_GRID
  6
CENTER
100
AcDbLine
 10
24.16
 20
27.14
 30
0.0
 11
41.76
 21
27.14
 31
0.0
  0
TEXT
  5
357
330
17
100
AcDbEntity
  8
ELEV_Y2_TEXT
 62
2
100
AcDbText
 10
23.84
 20
27.14
 30
0.0
 40
0.48
  1
2F
 72
2
 11
23.84
 21
27.14
 31
0.0
100
AcDbText
 73
2
  0
LINE
  5
358
330
17
100
AcDbEntity
  8
ELEV_Y2_GRID
  6
CENTER
100
AcDbLine
 10
24.16
 20
30.64
 30
0.0
 11
41.76
 21
30.64
 31
0.0
  0
TEXT
  5
359
330
17
100
AcDbEntity
  8
ELEV_Y2_TEXT
 62
2
100
AcDbText
 10
23.84
 20
30.64
 30
0.0
 40
0.48
  1
3F
 72
2
 11
23.84
 21
30.64
 31
0.0
100
AcDbText
 73
2
  0
LINE
  5
35A
330
17
100
AcDbEntity
  8
ELEV_Y2_COL
100
AcDbLine
 10
24.96
 20
19.64
 30
0.0
 11
24.96
 21
23.64
 31
0.0
  0
LINE
  5
35B
330
17
100
AcDbEntity
  8
ELEV_Y2_COL
100
AcDbLine
 10
32.96
 20
19.64
 30
0.0
 11
32.96
 21
23.64
 31
0.0
  0
LINE
  5
35C
330
17
100
AcDbEntity
  8
ELEV_Y2_COL
100
AcDbLine
 10
40.96
 20
19.64
 30
0.0
 11
40.96
 21
23.64
 31
0.0
  0
LINE
  5
35D
330
17
100
AcDbEntity
  8
ELEV_Y2_COL
100
AcDbLine
 10
24.96
 20
23.64
 30
0.0
 11
24.96
 21
27.14
 31
0.0
  0
LINE
  5
35E
330
17
100
AcDbEntity
  8
ELEV_Y2_COL
100
AcDbLine
 10
32.96
 20
23.64
 30
0.0
 11
32.96
 21
27.14
 31
0.0
  0
LINE
  5
35F
330
17
100
AcDbEntity
  8
ELEV_Y2_COL
100
AcDbLine
 10
40.96
 20
23.64
 30
0.0
 11
40.96
 21
27.14
 31
0.0
  0
LINE
  5
360
330
17
100
AcDbEntity
  8
ELEV_Y2_COL
100
AcDbLine
 10
24.96
 20
27.14
 30
0.0
 11
24.96
 21
30.64
 31
0.0
  0
LINE
  5
361
330
17
100
AcDbEntity
  8
ELEV_Y2_COL
100
AcDbLine
 10
32.96
 20
27.14
 30
0.0
 11
32.96
 21
30.64
 31
0.0
  0
LINE
  5
362
330
17
100
AcDbEntity
  8
ELEV_Y2_COL
100
AcDbLine
 10
40.96
 20
27.14
 30
0.0
 11
40.96
 21
30.64
 31
0.0
  0
LINE
  5
363
330
17
100
AcDbEntity
  8
ELEV_Y2_BEAM
100
AcDbLine
 10
24.96
 20
23.64
 30
0.0
 11
32.96
 21
23.64
 31
0.0
  0
LINE
  5
364
330
17
100
AcDbEntity
  8
ELEV_Y2_BEAM
100
AcDbLine
 10
32.96
 20
23.64
 30
0.0
 11
40.96
 21
23.64
 31
0.0
  0
LINE
  5
365
330
17
100
AcDbEntity
  8
ELEV_Y2_BEAM
100
AcDbLine
 10
24.96
 20
27.14
 30
0.0
 11
32.96
 21
27.14
 31
0.0
  0
LINE
  5
366
330
17
100
AcDbEntity
  8
ELEV_Y2_BEAM
100
AcDbLine
 10
32.96
 20
27.14
 30
0.0
 11
40.96
 21
27.14
 31
0.0
  0
LINE
  5
367
330
17
100
AcDbEntity
  8
ELEV_Y2_BEAM
100
AcDbLine
 10
24.96
 20
30.64
 30
0.0
 11
32.96
 21
30.64
 31
0.0
  0
LINE
  5
368
330
17
100
AcDbEntity
  8
ELEV_Y2_BEAM
100
AcDbLine
 10
32.96
 20
30.64
 30
0.0
 11
40.96
 21
30.64
 31
0.0
  0
DIMENSION
  5
369
330
17
100
AcDbEntity
  8
ELEV_Y2_DIM
100
AcDbDimension
280
0
  2
*D32
  3
STRUCT_DIM
 10
24.96
 20
17.44
 30
0.0
 11
28.96
 21
17.44
 31
0.0
 70
32
 71
5
  1
<>
100
AcDbAlignedDimension
 13
24.96
 23
19.64
 33
0.0
 14
32.96
 24
19.64
 34
0.0
 50
0.0
100
AcDbRotatedDimension
  0
DIMENSION
  5
379
330
17
100
AcDbEntity
  8
ELEV_Y2_DIM
100
AcDbDimension
280
0
  2
*D33
  3
STRUCT_DIM
 10
32.96
 20
17.44
 30
0.0
 11
36.96
 21
17.44
 31
0.0
 70
32
 71
5
  1
<>
100
AcDbAlignedDimension
 13
32.96
 23
19.64
 33
0.0
 14
40.96
 24
19.64
 34
0.0
 50
0.0
100
AcDbRotatedDimension
  0
DIMENSION
  5
389
330
17
100
AcDbEntity
  8
ELEV_Y2_DIM
100
AcDbDimension
280
0
  2
*D34
  3
STRUCT_DIM
 10
24.96
 20
16.44
 30
0.0
 11
32.96
 21
16.44
 31
0.0
 70
32
 71
5
  1
<>
100
AcDbAlignedDimension
 13
24.96
 23
19.64
 33
0.0
 14
40.96
 24
19.64
 34
0.0
 50
0.0
100
AcDbRotatedDimension
  0
DIMENSION
  5
399
330
17
100
AcDbEntity
  8
ELEV_Y2_DIM
100
AcDbDimension
280
0
  2
*D35
  3
STRUCT_DIM
 10
22.76
 20
19.64
 30
0.0
 11
22.76
 21
21.64
 31
0.0
 70
32
 71
5
  1
<>
100
AcDbAlignedDimension
 13
24.96
 23
19.64
 33
0.0
 14
24.96
 24
23.64
 34
0.0
 50
90.0
100
AcDbRotatedDimension
  0
DIMENSION
  5
3A9
330
17
100
AcDbEntity
  8
ELEV_Y2_DIM
100
AcDbDimension
280
0
  2
*D36
  3
STRUCT_DIM
 10
22.76
 20
23.64
 30
0.0
 11
22.76
 21
25.39
 31
0.0
 70
32
 71
5
  1
<>
100
AcDbAlignedDimension
 13
24.96
 23
23.64
 33
0.0
 14
24.96
 24
27.14
 34
0.0
 50
90.0
100
AcDbRotatedDimension
  0
DIMENSION
  5
3B9
330
17
100
AcDbEntity
  8
ELEV_Y2_DIM
100
AcDbDimension
280
0
  2
*D37
  3
STRUCT_DIM
 10
22.76
 20
27.14
 30
0.0
 11
22.76
 21
28.89
 31
0.0
 70
32
 71
5
  1
<>
100
AcDbAlignedDimension
 13
24.96
 23
27.14
 33
0.0
 14
24.96
 24
30.64
 34
0.0
 50
90.0
100
AcDbRotatedDimension
  0
DIMENSION
  5
3C9
330
17
100
AcDbEntity
  8
ELEV_Y2_DIM
100
AcDbDimension
280
0
  2
*D38
  3
STRUCT_DIM
 10
21.76
 20
19.64
 30
0.0
 11
21.76
 21
25.14
 31
0.0
 70
32
 71
5
  1
<>
100
AcDbAlignedDimension
 13
24.96
 23
19.64
 33
0.0
 14
24.96
 24
30.64
 34
0.0
 50
90.0
100
AcDbRotatedDimension
  0
LWPOLYLINE
  5
3DF
330
17
100
AcDbEntity
  8
ELEV_Y3_FRAME
370
50
100
AcDbPolyline
 90
4
 70
1
 10
20.48
 20
35.120000000000005
 10
42.24
 20
35.120000000000005
 10
42.24
 20
53.160000000000004
 10
20.48
 20
53.160000000000004
  0
LWPOLYLINE
  5
3E0
330
17
100
AcDbEntity
  8
ELEV_Y3_FRAME
370
25
100
AcDbPolyline
 90
4
 70
1
 10
20.672
 20
35.312000000000005
 10
42.048
 20
35.312000000000005
 10
42.048
 20
52.968
 10
20.672
 20
52.968
  0
LWPOLYLINE
  5
3E1
330
17
100
AcDbEntity
  8
ELEV_Y3_FRAME
100
AcDbPolyline
 90
4
 70
1
 10
34.048
 20
51.982400000000005
 10
42.048
 20
51.982400000000005
 10
42.048
 20
52.968
 10
34.048
 20
52.968
  0
TEXT
  5
3E2
330
17
100
AcDbEntity
  8
ELEV_Y3_TEXT
 62
7
100
AcDbText
 10
38.048
 20
52.4752
 30
0.0
 40
0.448
  1
Y3 ELEVATION
 72
1
 11
38.048
 21
52.4752
 31
0.0
100
AcDbText
 73
2
  0
LINE
  5
3E3
330
17
100
AcDbEntity
  8
ELEV_Y3_GRID
  6
CENTER
100
AcDbLine
 10
24.96
 20
38.480000000000004
 30
0.0
 11
24.96
 21
51.08
 31
0.0
  0
TEXT
  5
3E4
330
17
100
AcDbEntity
  8
ELEV_Y3_TEXT
 62
2
100
AcDbText
 10
24.96
 20
37.88
 30
0.0
 40
0.48
  1
X1
 72
1
 11
24.96
 21
37.88
 31
0.0
100
AcDbText
  0
LINE
  5
3E5
330
17
100
AcDbEntity
  8
ELEV_Y3_GRID
  6
CENTER
100
AcDbLine
 10
32.96
 20
38.480000000000004
 30
0.0
 11
32.96
 21
51.08
 31
0.0
  0
TEXT
  5
3E6
330
17
100
AcDbEntity
  8
ELEV_Y3_TEXT
 62
2
100
AcDbText
 10
32.96
 20
37.88
 30
0.0
 40
0.48
  1
X2
 72
1
 11
32.96
 21
37.88
 31
0.0
100
AcDbText
  0
LINE
  5
3E7
330
17
100
AcDbEntity
  8
ELEV_Y3_GRID
  6
CENTER
100
AcDbLine
 10
40.96
 20
38.480000000000004
 30
0.0
 11
40.96
 21
51.08
 31
0.0
  0
TEXT
  5
3E8
330
17
100
AcDbEntity
  8
ELEV_Y3_TEXT
 62
2
100
AcDbText
 10
40.96
 20
37.88
 30
0.0
 40
0.48
  1
X3
 72
1
 11
40.96
 21
37.88
 31
0.0
100
AcDbText
  0
LINE
  5
3E9
330
17
100
AcDbEntity
  8
ELEV_Y3_GRID
  6
CENTER
100
AcDbLine
 10
24.16
 20
39.28
 30
0.0
 11
41.76
 21
39.28
 31
0.0
  0
TEXT
  5
3EA
330
17
100
AcDbEntity
  8
ELEV_Y3_TEXT
 62
2
100
AcDbText
 10
23.84
 20
39.28
 30
0.0
 40
0.48
  1
GL
 72
2
 11
23.84
 21
39.28
 31
0.0
100
AcDbText
 73
2
  0
LINE
  5
3EB
330
17
100
AcDbEntity
  8
ELEV_Y3_GRID
  6
CENTER
100
AcDbLine
 10
24.16
 20
43.28
 30
0.0
 11
41.76
 21
43.28
 31
0.0
  0
TEXT
  5
3EC
330
17
100
AcDbEntity
  8
ELEV_Y3_TEXT
 62
2
100
AcDbText
 10
23.84
 20
43.28
 30
0.0
 40
0.48
  1
1F
 72
2
 11
23.84
 21
43.28
 31
0.0
100
AcDbText
 73
2
  0
LINE
  5
3ED
330
17
100
AcDbEntity
  8
ELEV_Y3_GRID
  6
CENTER
100
AcDbLine
 10
24.16
 20
46.78
 30
0.0
 11
41.76
 21
46.78
 31
0.0
  0
TEXT
  5
3EE
330
17
100
AcDbEntity
  8
ELEV_Y3_TEXT
 62
2
100
AcDbText
 10
23.84
 20
46.78
 30
0.0
 40
0.48
  1
2F
 72
2
 11
23.84
 21
46.78
 31
0.0
100
AcDbText
 73
2
  0
LINE
  5
3EF
330
17
100
AcDbEntity
  8
ELEV_Y3_GRID
  6
CENTER
100
AcDbLine
 10
24.16
 20
50.28
 30
0.0
 11
41.76
 21
50.28
 31
0.0
  0
TEXT
  5
3F0
330
17
100
AcDbEntity
  8
ELEV_Y3_TEXT
 62
2
100
AcDbText
 10
23.84
 20
50.28
 30
0.0
 40
0.48
  1
3F
 72
2
 11
23.84
 21
50.28
 31
0.0
100
AcDbText
 73
2
  0
LINE
  5
3F1
330
17
100
AcDbEntity
  8
ELEV_Y3_COL
100
AcDbLine
 10
24.96
 20
39.28
 30
0.0
 11
24.96
 21
43.28
 31
0.0
  0
LINE
  5
3F2
330
17
100
AcDbEntity
  8
ELEV_Y3_COL
100
AcDbLine
 10
32.96
 20
39.28
 30
0.0
 11
32.96
 21
43.28
 31
0.0
  0
LINE
  5
3F3
330
17
100
AcDbEntity
  8
ELEV_Y3_COL
100
AcDbLine
 10
40.96
 20
39.28
 30
0.0
 11
40.96
 21
43.28
 31
0.0
  0
LINE
  5
3F4
330
17
100
AcDbEntity
  8
ELEV_Y3_COL
100
AcDbLine
 10
24.96
 20
43.28
 30
0.0
 11
24.96
 21
46.78
 31
0.0
  0
LINE
  5
3F5
330
17
100
AcDbEntity
  8
ELEV_Y3_COL
100
AcDbLine
 10
32.96
 20
43.28
 30
0.0
 11
32.96
 21
46.78
 31
0.0
  0
LINE
  5
3F6
330
17
100
AcDbEntity
  8
ELEV_Y3_COL
100
AcDbLine
 10
40.96
 20
43.28
 30
0.0
 11
40.96
 21
46.78
 31
0.0
  0
LINE
  5
3F7
330
17
100
AcDbEntity
  8
ELEV_Y3_COL
100
AcDbLine
 10
24.96
 20
46.78
 30
0.0
 11
24.96
 21
50.28
 31
0.0
  0
LINE
  5
3F8
330
17
100
AcDbEntity
  8
ELEV_Y3_COL
100
AcDbLine
 10
32.96
 20
46.78
 30
0.0
 11
32.96
 21
50.28
 31
0.0
  0
LINE
  5
3F9
330
17
100
AcDbEntity
  8
ELEV_Y3_COL
100
AcDbLine
 10
40.96
 20
46.78
 30
0.0
 11
40.96
 21
50.28
 31
0.0
  0
LINE
  5
3FA
330
17
100
AcDbEntity
  8
ELEV_Y3_BEAM
100
AcDbLine
 10
24.96
 20
43.28
 30
0.0
 11
32.96
 21
43.28
 31
0.0
  0
LINE
  5
3FB
330
17
100
AcDbEntity
  8
ELEV_Y3_BEAM
100
AcDbLine
 10
32.96
 20
43.28
 30
0.0
 11
40.96
 21
43.28
 31
0.0
  0
LINE
  5
3FC
330
17
100
AcDbEntity
  8
ELEV_Y3_BEAM
100
AcDbLine
 10
24.96
 20
46.78
 30
0.0
 11
32.96
 21
46.78
 31
0.0
  0
LINE
  5
3FD
330
17
100
AcDbEntity
  8
ELEV_Y3_BEAM
100
AcDbLine
 10
32.96
 20
46.78
 30
0.0
 11
40.96
 21
46.78
 31
0.0
  0
LINE
  5
3FE
330
17
100
AcDbEntity
  8
ELEV_Y3_BEAM
100
AcDbLine
 10
24.96
 20
50.28
 30
0.0
 11
32.96
 21
50.28
 31
0.0
  0
LINE
  5
3FF
330
17
100
AcDbEntity
  8
ELEV_Y3_BEAM
100
AcDbLine
 10
32.96
 20
50.28
 30
0.0
 11
40.96
 21
50.28
 31
0.0
  0
DIMENSION
  5
400
330
17
100
AcDbEntity
  8
ELEV_Y3_DIM
100
AcDbDimension
280
0
  2
*D39
  3
STRUCT_DIM
 10
24.96
 20
37.080000000000005
 30
0.0
 11
28.96
 21
37.080000000000005
 31
0.0
 70
32
 71
5
  1
<>
100
AcDbAlignedDimension
 13
24.96
 23
39.28
 33
0.0
 14
32.96
 24
39.28
 34
0.0
 50
0.0
100
AcDbRotatedDimension
  0
DIMENSION
  5
410
330
17
100
AcDbEntity
  8
ELEV_Y3_DIM
100
AcDbDimension
280
0
  2
*D40
  3
STRUCT_DIM
 10
32.96
 20
37.080000000000005
 30
0.0
 11
36.96
 21
37.080000000000005
 31
0.0
 70
32
 71
5
  1
<>
100
AcDbAlignedDimension
 13
32.96
 23
39.28
 33
0.0
 14
40.96
 24
39.28
 34
0.0
 50
0.0
100
AcDbRotatedDimension
  0
DIMENSION
  5
420
330
17
100
AcDbEntity
  8
ELEV_Y3_DIM
100
AcDbDimension
280
0
  2
*D41
  3
STRUCT_DIM
 10
24.96
 20
36.080000000000005
 30
0.0
 11
32.96
 21
36.080000000000005
 31
0.0
 70
32
 71
5
  1
<>
100
AcDbAlignedDimension
 13
24.96
 23
39.28
 33
0.0
 14
40.96
 24
39.28
 34
0.0
 50
0.0
100
AcDbRotatedDimension
  0
DIMENSION
  5
430
330
17
100
AcDbEntity
  8
ELEV_Y3_DIM
100
AcDbDimension
280
0
  2
*D42
  3
STRUCT_DIM
 10
22.76
 20
39.28
 30
0.0
 11
22.76
 21
41.28
 31
0.0
 70
32
 71
5
  1
<>
100
AcDbAlignedDimension
 13
24.96
 23
39.28
 33
0.0
 14
24.96
 24
43.28
 34
0.0
 50
90.0
100
AcDbRotatedDimension
  0
DIMENSION
  5
440
330
17
100
AcDbEntity
  8
ELEV_Y3_DIM
100
AcDbDimension
280
0
  2
*D43
  3
STRUCT_DIM
 10
22.76
 20
43.28
 30
0.0
 11
22.76
 21
45.03
 31
0.0
 70
32
 71
5
  1
<>
100
AcDbAlignedDimension
 13
24.96
 23
43.28
 33
0.0
 14
24.96
 24
46.78
 34
0.0
 50
90.0
100
AcDbRotatedDimension
  0
DIMENSION
  5
450
330
17
100
AcDbEntity
  8
ELEV_Y3_DIM
100
AcDbDimension
280
0
  2
*D44
  3
STRUCT_DIM
 10
22.76
 20
46.78
 30
0.0
 11
22.76
 21
48.53
 31
0.0
 70
32
 71
5
  1
<>
100
AcDbAlignedDimension
 13
24.96
 23
46.78
 33
0.0
 14
24.96
 24
50.28
 34
0.0
 50
90.0
100
AcDbRotatedDimension
  0
DIMENSION
  5
460
330
17
100
AcDbEntity
  8
ELEV_Y3_DIM
100
AcDbDimension
280
0
  2
*D45
  3
STRUCT_DIM
 10
21.76
 20
39.28
 30
0.0
 11
21.76
 21
44.78
 31
0.0
 70
32
 71
5
  1
<>
100
AcDbAlignedDimension
 13
24.96
 23
39.28
 33
0.0
 14
24.96
 24
50.28
 34
0.0
 50
90.0
100
AcDbRotatedDimension
  0
LWPOLYLINE
  5
476
330
17
100
AcDbEntity
  8
ELEV_X1_FRAME
370
50
100
AcDbPolyline
 90
4
 70
1
 10
45.44
 20
-4.16
 10
67.2
 20
-4.16
 10
67.2
 20
13.879999999999999
 10
45.44
 20
13.879999999999999
  0
LWPOLYLINE
  5
477
330
17
100
AcDbEntity
  8
ELEV_X1_FRAME
370
25
100
AcDbPolyline
 90
4
 70
1
 10
45.632
 20
-3.968
 10
67.00800000000001
 20
-3.968
 10
67.00800000000001
 20
13.687999999999999
 10
45.632
 20
13.687999999999999
  0
LWPOLYLINE
  5
478
330
17
100
AcDbEntity
  8
ELEV_X1_FRAME
100
AcDbPolyline
 90
4
 70
1
 10
59.00800000000001
 20
12.702399999999999
 10
67.00800000000001
 20
12.702399999999999
 10
67.00800000000001
 20
13.687999999999999
 10
59.00800000000001
 20
13.687999999999999
  0
TEXT
  5
479
330
17
100
AcDbEntity
  8
ELEV_X1_TEXT
 62
7
100
AcDbText
 10
63.00800000000001
 20
13.1952
 30
0.0
 40
0.448
  1
X1 ELEVATION
 72
1
 11
63.00800000000001
 21
13.1952
 31
0.0
100
AcDbText
 73
2
  0
LINE
  5
47A
330
17
100
AcDbEntity
  8
ELEV_X1_GRID
  6
CENTER
100
AcDbLine
 10
49.92
 20
-0.8
 30
0.0
 11
49.92
 21
11.8
 31
0.0
  0
TEXT
  5
47B
330
17
100
AcDbEntity
  8
ELEV_X1_TEXT
 62
2
100
AcDbText
 10
49.92
 20
-1.4000000000000001
 30
0.0
 40
0.48
  1
Y1
 72
1
 11
49.92
 21
-1.4000000000000001
 31
0.0
100
AcDbText
  0
LINE
  5
47C
330
17
100
AcDbEntity
  8
ELEV_X1_GRID
  6
CENTER
100
AcDbLine
 10
57.92
 20
-0.8
 30
0.0
 11
57.92
 21
11.8
 31
0.0
  0
TEXT
  5
47D
330
17
100
AcDbEntity
  8
ELEV_X1_TEXT
 62
2
100
AcDbText
 10
57.92
 20
-1.4000000000000001
 30
0.0
 40
0.48
  1
Y2
 72
1
 11
57.92
 21
-1.4000000000000001
 31
0.0
100
AcDbText
  0
LINE
  5
47E
330
17
100
AcDbEntity
  8
ELEV_X1_GRID
  6
CENTER
100
AcDbLine
 10
65.92
 20
-0.8
 30
0.0
 11
65.92
 21
11.8
 31
0.0
  0
TEXT
  5
47F
330
17
100
AcDbEntity
  8
ELEV_X1_TEXT
 62
2
100
AcDbText
 10
65.92
 20
-1.4000000000000001
 30
0.0
 40
0.48
  1
Y3
 72
1
 11
65.92
 21
-1.4000000000000001
 31
0.0
100
AcDbText
  0
LINE
  5
480
330
17
100
AcDbEntity
  8
ELEV_X1_GRID
  6
CENTER
100
AcDbLine
 10
49.120000000000005
 20
0.0
 30
0.0
 11
66.72
 21
0.0
 31
0.0
  0
TEXT
  5
481
330
17
100
AcDbEntity
  8
ELEV_X1_TEXT
 62
2
100
AcDbText
 10
48.800000000000004
 20
0.0
 30
0.0
 40
0.48
  1
GL
 72
2
 11
48.800000000000004
 21
0.0
 31
0.0
100
AcDbText
 73
2
  0
LINE
  5
482
330
17
100
AcDbEntity
  8
ELEV_X1_GRID
  6
CENTER
100
AcDbLine
 10
49.120000000000005
 20
4.0
 30
0.0
 11
66.72
 21
4.0
 31
0.0
  0
TEXT
  5
483
330
17
100
AcDbEntity
  8
ELEV_X1_TEXT
 62
2
100
AcDbText
 10
48.800000000000004
 20
4.0
 30
0.0
 40
0.48
  1
1F
 72
2
 11
48.800000000000004
 21
4.0
 31
0.0
100
AcDbText
 73
2
  0
LINE
  5
484
330
17
100
AcDbEntity
  8
ELEV_X1_GRID
  6
CENTER
100
AcDbLine
 10
49.120000000000005
 20
7.5
 30
0.0
 11
66.72
 21
7.5
 31
0.0
  0
TEXT
  5
485
330
17
100
AcDbEntity
  8
ELEV_X1_TEXT
 62
2
100
AcDbText
 10
48.800000000000004
 20
7.5
 30
0.0
 40
0.48
  1
2F
 72
2
 11
48.800000000000004
 21
7.5
 31
0.0
100
AcDbText
 73
2
  0
LINE
  5
486
330
17
100
AcDbEntity
  8
ELEV_X1_GRID
  6
CENTER
100
AcDbLine
 10
49.120000000000005
 20
11.0
 30
0.0
 11
66.72
 21
11.0
 31
0.0
  0
TEXT
  5
487
330
17
100
AcDbEntity
  8
ELEV_X1_TEXT
 62
2
100
AcDbText
 10
48.800000000000004
 20
11.0
 30
0.0
 40
0.48
  1
3F
 72
2
 11
48.800000000000004
 21
11.0
 31
0.0
100
AcDbText
 73
2
  0
LINE
  5
488
330
17
100
AcDbEntity
  8
ELEV_X1_COL
100
AcDbLine
 10
49.92
 20
0.0
 30
0.0
 11
49.92
 21
4.0
 31
0.0
  0
LINE
  5
489
330
17
100
AcDbEntity
  8
ELEV_X1_COL
100
AcDbLine
 10
57.92
 20
0.0
 30
0.0
 11
57.92
 21
4.0
 31
0.0
  0
LINE
  5
48A
330
17
100
AcDbEntity
  8
ELEV_X1_COL
100
AcDbLine
 10
65.92
 20
0.0
 30
0.0
 11
65.92
 21
4.0
 31
0.0
  0
LINE
  5
48B
330
17
100
AcDbEntity
  8
ELEV_X1_COL
100
AcDbLine
 10
49.92
 20
4.0
 30
0.0
 11
49.92
 21
7.5
 31
0.0
  0
LINE
  5
48C
330
17
100
AcDbEntity
  8
ELEV_X1_COL
100
AcDbLine
 10
57.92
 20
4.0
 30
0.0
 11
57.92
 21
7.5
 31
0.0
  0
LINE
  5
48D
330
17
100
AcDbEntity
  8
ELEV_X1_COL
100
AcDbLine
 10
65.92
 20
4.0
 30
0.0
 11
65.92
 21
7.5
 31
0.0
  0
LINE
  5
48E
330
17
100
AcDbEntity
  8
ELEV_X1_COL
100
AcDbLine
 10
49.92
 20
7.5
 30
0.0
 11
49.92
 21
11.0
 31
0.0
  0
LINE
  5
48F
330
17
100
AcDbEntity
  8
ELEV_X1_COL
100
AcDbLine
 10
57.92
 20
7.5
 30
0.0
 11
57.92
 21
11.0
 31
0.0
  0
LINE
  5
490
330
17
100
AcDbEntity
  8
ELEV_X1_COL
100
AcDbLine
 10
65.92
 20
7.5
 30
0.0
 11
65.92
 21
11.0
 31
0.0
  0
LINE
  5
491
330
17
100
AcDbEntity
  8
ELEV_X1_BEAM
100
AcDbLine
 10
49.92
 20
4.0
 30
0.0
 11
57.92
 21
4.0
 31
0.0
  0
LINE
  5
492
330
17
100
AcDbEntity
  8
ELEV_X1_BEAM
100
AcDbLine
 10
57.92
 20
4.0
 30
0.0
 11
65.92
 21
4.0
 31
0.0
  0
LINE
  5
493
330
17
100
AcDbEntity
  8
ELEV_X1_BEAM
100
AcDbLine
 10
49.92
 20
7.5
 30
0.0
 11
57.92
 21
7.5
 31
0.0
  0
LINE
  5
494
330
17
100
AcDbEntity
  8
ELEV_X1_BEAM
100
AcDbLine
 10
57.92
 20
7.5
 30
0.0
 11
65.92
 21
7.5
 31
0.0
  0
LINE
  5
495
330
17
100
AcDbEntity
  8
ELEV_X1_BEAM
100
AcDbLine
 10
49.92
 20
11.0
 30
0.0
 11
57.92
 21
11.0
 31
0.0
  0
LINE
  5
496
330
17
100
AcDbEntity
  8
ELEV_X1_BEAM
100
AcDbLine
 10
57.92
 20
11.0
 30
0.0
 11
65.92
 21
11.0
 31
0.0
  0
DIMENSION
  5
497
330
17
100
AcDbEntity
  8
ELEV_X1_DIM
100
AcDbDimension
280
0
  2
*D46
  3
STRUCT_DIM
 10
49.92
 20
-2.2
 30
0.0
 11
53.92
 21
-2.2
 31
0.0
 70
32
 71
5
  1
<>
100
AcDbAlignedDimension
 13
49.92
 23
0.0
 33
0.0
 14
57.92
 24
0.0
 34
0.0
 50
0.0
100
AcDbRotatedDimension
  0
DIMENSION
  5
4A7
330
17
100
AcDbEntity
  8
ELEV_X1_DIM
100
AcDbDimension
280
0
  2
*D47
  3
STRUCT_DIM
 10
57.92
 20
-2.2
 30
0.0
 11
61.92
 21
-2.2
 31
0.0
 70
32
 71
5
  1
<>
100
AcDbAlignedDimension
 13
57.92
 23
0.0
 33
0.0
 14
65.92
 24
0.0
 34
0.0
 50
0.0
100
AcDbRotatedDimension
  0
DIMENSION
  5
4B7
330
17
100
AcDbEntity
  8
ELEV_X1_DIM
100
AcDbDimension
280
0
  2
*D48
  3
STRUCT_DIM
 10
49.92
 20
-3.2
 30
0.0
 11
57.92
 21
-3.2
 31
0.0
 70
32
 71
5
  1
<>
100
AcDbAlignedDimension
 13
49.92
 23
0.0
 33
0.0
 14
65.92
 24
0.0
 34
0.0
 50
0.0
100
AcDbRotatedDimension
  0
DIMENSION
  5
4C7
330
17
100
AcDbEntity
  8
ELEV_X1_DIM
100
AcDbDimension
280
0
  2
*D49
  3
STRUCT_DIM
 10
47.720000000000006
 20
0.0
 30
0.0
 11
47.720000000000006
 21
2.0
 31
0.0
 70
32
 71
5
  1
<>
100
AcDbAlignedDimension
 13
49.92
 23
0.0
 33
0.0
 14
49.92
 24
4.0
 34
0.0
 50
90.0
100
AcDbRotatedDimension
  0
DIMENSION
  5
4D7
330
17
100
AcDbEntity
  8
ELEV_X1_DIM
100
AcDbDimension
280
0
  2
*D50
  3
STRUCT_DIM
 10
47.720000000000006
 20
4.0
 30
0.0
 11
47.720000000000006
 21
5.75
 31
0.0
 70
32
 71
5
  1
<>
100
AcDbAlignedDimension
 13
49.92
 23
4.0
 33
0.0
 14
49.92
 24
7.5
 34
0.0
 50
90.0
100
AcDbRotatedDimension
  0
DIMENSION
  5
4E7
330
17
100
AcDbEntity
  8
ELEV_X1_DIM
100
AcDbDimension
280
0
  2
*D51
  3
STRUCT_DIM
 10
47.720000000000006
 20
7.5
 30
0.0
 11
47.720000000000006
 21
9.25
 31
0.0
 70
32
 71
5
  1
<>
100
AcDbAlignedDimension
 13
49.92
 23
7.5
 33
0.0
 14
49.92
 24
11.0
 34
0.0
 50
90.0
100
AcDbRotatedDimension
  0
DIMENSION
  5
4F7
330
17
100
AcDbEntity
  8
ELEV_X1_DIM
100
AcDbDimension
280
0
  2
*D52
  3
STRUCT_DIM
 10
46.720000000000006
 20
0.0
 30
0.0
 11
46.720000000000006
 21
5.5
 31
0.0
 70
32
 71
5
  1
<>
100
AcDbAlignedDimension
 13
49.92
 23
0.0
 33
0.0
 14
49.92
 24
11.0
 34
0.0
 50
90.0
100
AcDbRotatedDimension
  0
LWPOLYLINE
  5
50D
330
17
100
AcDbEntity
  8
ELEV_X2_FRAME
370
50
100
AcDbPolyline
 90
4
 70
1
 10
45.44
 20
15.48
 10
67.2
 20
15.48
 10
67.2
 20
33.52
 10
45.44
 20
33.52
  0
LWPOLYLINE
  5
50E
330
17
100
AcDbEntity
  8
ELEV_X2_FRAME
370
25
100
AcDbPolyline
 90
4
 70
1
 10
45.632
 20
15.672
 10
67.00800000000001
 20
15.672
 10
67.00800000000001
 20
33.328
 10
45.632
 20
33.328
  0
LWPOLYLINE
  5
50F
330
17
100
AcDbEntity
  8
ELEV_X2_FRAME
100
AcDbPolyline
 90
4
 70
1
 10
59.00800000000001
 20
32.342400000000005
 10
67.00800000000001
 20
32.342400000000005
 10
67.00800000000001
 20
33.328
 10
59.00800000000001
 20
33.328
  0
TEXT
  5
510
330
17
100
AcDbEntity
  8
ELEV_X2_TEXT
 62
7
100
AcDbText
 10
63.00800000000001
 20
32.8352
 30
0.0
 40
0.448
  1
X2 ELEVATION
 72
1
 11
63.00800000000001
 21
32.8352
 31
0.0
100
AcDbText
 73
2
  0
LINE
  5
511
330
17
100
AcDbEntity
  8
ELEV_X2_GRID
  6
CENTER
100
AcDbLine
 10
49.92
 20
18.84
 30
0.0
 11
49.92
 21
31.44
 31
0.0
  0
TEXT
  5
512
330
17
100
AcDbEntity
  8
ELEV_X2_TEXT
 62
2
100
AcDbText
 10
49.92
 20
18.24
 30
0.0
 40
0.48
  1
Y1
 72
1
 11
49.92
 21
18.24
 31
0.0
100
AcDbText
  0
LINE
  5
513
330
17
100
AcDbEntity
  8
ELEV_X2_GRID
  6
CENTER
100
AcDbLine
 10
57.92
 20
18.84
 30
0.0
 11
57.92
 21
31.44
 31
0.0
  0
TEXT
  5
514
330
17
100
AcDbEntity
  8
ELEV_X2_TEXT
 62
2
100
AcDbText
 10
57.92
 20
18.24
 30
0.0
 40
0.48
  1
Y2
 72
1
 11
57.92
 21
18.24
 31
0.0
100
AcDbText
  0
LINE
  5
515
330
17
100
AcDbEntity
  8
ELEV_X2_GRID
  6
CENTER
100
AcDbLine
 10
65.92
 20
18.84
 30
0.0
 11
65.92
 21
31.44
 31
0.0
  0
TEXT
  5
516
330
17
100
AcDbEntity
  8
ELEV_X2_TEXT
 62
2
100
AcDbText
 10
65.92
 20
18.24
 30
0.0
 40
0.48
  1
Y3
 72
1
 11
65.92
 21
18.24
 31
0.0
100
AcDbText
  0
LINE
  5
517
330
17
100
AcDbEntity
  8
ELEV_X2_GRID
  6
CENTER
100
AcDbLine
 10
49.120000000000005
 20
19.64
 30
0.0
 11
66.72
 21
19.64
 31
0.0
  0
TEXT
  5
518
330
17
100
AcDbEntity
  8
ELEV_X2_TEXT
 62
2
100
AcDbText
 10
48.800000000000004
 20
19.64
 30
0.0
 40
0.48
  1
GL
 72
2
 11
48.800000000000004
 21
19.64
 31
0.0
100
AcDbText
 73
2
  0
LINE
  5
519
330
17
100
AcDbEntity
  8
ELEV_X2_GRID
  6
CENTER
100
AcDbLine
 10
49.120000000000005
 20
23.64
 30
0.0
 11
66.72
 21
23.64
 31
0.0
  0
TEXT
  5
51A
330
17
100
AcDbEntity
  8
ELEV_X2_TEXT
 62
2
100
AcDbText
 10
48.800000000000004
 20
23.64
 30
0.0
 40
0.48
  1
1F
 72
2
 11
48.800000000000004
 21
23.64
 31
0.0
100
AcDbText
 73
2
  0
LINE
  5
51B
330
17
100
AcDbEntity
  8
ELEV_X2_GRID
  6
CENTER
100
AcDbLine
 10
49.120000000000005
 20
27.14
 30
0.0
 11
66.72
 21
27.14
 31
0.0
  0
TEXT
  5
51C
330
17
100
AcDbEntity
  8
ELEV_X2_TEXT
 62
2
100
AcDbText
 10
48.800000000000004
 20
27.14
 30
0.0
 40
0.48
  1
2F
 72
2
 11
48.800000000000004
 21
27.14
 31
0.0
100
AcDbText
 73
2
  0
LINE
  5
51D
330
17
100
AcDbEntity
  8
ELEV_X2_GRID
  6
CENTER
100
AcDbLine
 10
49.120000000000005
 20
30.64
 30
0.0
 11
66.72
 21
30.64
 31
0.0
  0
TEXT
  5
51E
330
17
100
AcDbEntity
  8
ELEV_X2_TEXT
 62
2
100
AcDbText
 10
48.800000000000004
 20
30.64
 30
0.0
 40
0.48
  1
3F
 72
2
 11
48.800000000000004
 21
30.64
 31
0.0
100
AcDbText
 73
2
  0
LINE
  5
51F
330
17
100
AcDbEntity
  8
ELEV_X2_COL
100
AcDbLine
 10
49.92
 20
19.64
 30
0.0
 11
49.92
 21
23.64
 31
0.0
  0
LINE
  5
520
330
17
100
AcDbEntity
  8
ELEV_X2_COL
100
AcDbLine
 10
57.92
 20
19.64
 30
0.0
 11
57.92
 21
23.64
 31
0.0
  0
LINE
  5
521
330
17
100
AcDbEntity
  8
ELEV_X2_COL
100
AcDbLine
 10
65.92
 20
19.64
 30
0.0
 11
65.92
 21
23.64
 31
0.0
  0
LINE
  5
522
330
17
100
AcDbEntity
  8
ELEV_X2_COL
100
AcDbLine
 10
49.92
 20
23.64
 30
0.0
 11
49.92
 21
27.14
 31
0.0
  0
LINE
  5
523
330
17
100
AcDbEntity
  8
ELEV_X2_COL
100
AcDbLine
 10
57.92
 20
23.64
 30
0.0
 11
57.92
 21
27.14
 31
0.0
  0
LINE
  5
524
330
17
100
AcDbEntity
  8
ELEV_X2_COL
100
AcDbLine
 10
65.92
 20
23.64
 30
0.0
 11
65.92
 21
27.14
 31
0.0
  0
LINE
  5
525
330
17
100
AcDbEntity
  8
ELEV_X2_COL
100
AcDbLine
 10
49.92
 20
27.14
 30
0.0
 11
49.92
 21
30.64
 31
0.0
  0
LINE
  5
526
330
17
100
AcDbEntity
  8
ELEV_X2_COL
100
AcDbLine
 10
57.92
 20
27.14
 30
0.0
 11
57.92
 21
30.64
 31
0.0
  0
LINE
  5
527
330
17
100
AcDbEntity
  8
ELEV_X2_COL
100
AcDbLine
 10
65.92
 20
27.14
 30
0.0
 11
65.92
 21
30.64
 31
0.0
  0
LINE
  5
528
330
17
100
AcDbEntity
  8
ELEV_X2_BEAM
100
AcDbLine
 10
49.92
 20
23.64
 30
0.0
 11
57.92
 21
23.64
 31
0.0
  0
LINE
  5
529
330
17
100
AcDbEntity
  8
ELEV_X2_BEAM
100
AcDbLine
 10
57.92
 20
23.64
 30
0.0
 11
65.92
 21
23.64
 31
0.0
  0
LINE
  5
52A
330
17
100
AcDbEntity
  8
ELEV_X2_BEAM
100
AcDbLine
 10
49.92
 20
27.14
 30
0.0
 11
57.92
 21
27.14
 31
0.0
  0
LINE
  5
52B
330
17
100
AcDbEntity
  8
ELEV_X2_BEAM
100
AcDbLine
 10
57.92
 20
27.14
 30
0.0
 11
65.92
 21
27.14
 31
0.0
  0
LINE
  5
52C
330
17
100
AcDbEntity
  8
ELEV_X2_BEAM
100
AcDbLine
 10
49.92
 20
30.64
 30
0.0
 11
57.92
 21
30.64
 31
0.0
  0
LINE
  5
52D
330
17
100
AcDbEntity
  8
ELEV_X2_BEAM
100
AcDbLine
 10
57.92
 20
30.64
 30
0.0
 11
65.92
 21
30.64
 31
0.0
  0
DIMENSION
  5
52E
330
17
100
AcDbEntity
  8
ELEV_X2_DIM
100
AcDbDimension
280
0
  2
*D53
  3
STRUCT_DIM
 10
49.92
 20
17.44
 30
0.0
 11
53.92
 21
17.44
 31
0.0
 70
32
 71
5
  1
<>
100
AcDbAlignedDimension
 13
49.92
 23
19.64
 33
0.0
 14
57.92
 24
19.64
 34
0.0
 50
0.0
100
AcDbRotatedDimension
  0
DIMENSION
  5
53E
330
17
100
AcDbEntity
  8
ELEV_X2_DIM
100
AcDbDimension
280
0
  2
*D54
  3
STRUCT_DIM
 10
57.92
 20
17.44
 30
0.0
 11
61.92
 21
17.44
 31
0.0
 70
32
 71
5
  1
<>
100
AcDbAlignedDimension
 13
57.92
 23
19.64
 33
0.0
 14
65.92
 24
19.64
 34
0.0
 50
0.0
100
AcDbRotatedDimension
  0
DIMENSION
  5
54E
330
17
100
AcDbEntity
  8
ELEV_X2_DIM
100
AcDbDimension
280
0
  2
*D55
  3
STRUCT_DIM
 10
49.92
 20
16.44
 30
0.0
 11
57.92
 21
16.44
 31
0.0
 70
32
 71
5
  1
<>
100
AcDbAlignedDimension
 13
49.92
 23
19.64
 33
0.0
 14
65.92
 24
19.64
 34
0.0
 50
0.0
100
AcDbRotatedDimension
  0
DIMENSION
  5
55E
330
17
100
AcDbEntity
  8
ELEV_X2_DIM
100
AcDbDimension
280
0
  2
*D56
  3
STRUCT_DIM
 10
47.720000000000006
 20
19.64
 30
0.0
 11
47.720000000000006
 21
21.64
 31
0.0
 70
32
 71
5
  1
<>
100
AcDbAlignedDimension
 13
49.92
 23
19.64
 33
0.0
 14
49.92
 24
23.64
 34
0.0
 50
90.0
100
AcDbRotatedDimension
  0
DIMENSION
  5
56E
330
17
100
AcDbEntity
  8
ELEV_X2_DIM
100
AcDbDimension
280
0
  2
*D57
  3
STRUCT_DIM
 10
47.720000000000006
 20
23.64
 30
0.0
 11
47.720000000000006
 21
25.39
 31
0.0
 70
32
 71
5
  1
<>
100
AcDbAlignedDimension
 13
49.92
 23
23.64
 33
0.0
 14
49.92
 24
27.14
 34
0.0
 50
90.0
100
AcDbRotatedDimension
  0
DIMENSION
  5
57E
330
17
100
AcDbEntity
  8
ELEV_X2_DIM
100
AcDbDimension
280
0
  2
*D58
  3
STRUCT_DIM
 10
47.720000000000006
 20
27.14
 30
0.0
 11
47.720000000000006
 21
28.89
 31
0.0
 70
32
 71
5
  1
<>
100
AcDbAlignedDimension
 13
49.92
 23
27.14
 33
0.0
 14
49.92
 24
30.64
 34
0.0
 50
90.0
100
AcDbRotatedDimension
  0
DIMENSION
  5
58E
330
17
100
AcDbEntity
  8
ELEV_X2_DIM
100
AcDbDimension
280
0
  2
*D59
  3
STRUCT_DIM
 10
46.720000000000006
 20
19.64
 30
0.0
 11
46.720000000000006
 21
25.14
 31
0.0
 70
32
 71
5
  1
<>
100
AcDbAlignedDimension
 13
49.92
 23
19.64
 33
0.0
 14
49.92
 24
30.64
 34
0.0
 50
90.0
100
AcDbRotatedDimension
  0
LWPOLYLINE
  5
5A4
330
17
100
AcDbEntity
  8
ELEV_X3_FRAME
370
50
100
AcDbPolyline
 90
4
 70
1
 10
45.44
 20
35.120000000000005
 10
67.2
 20
35.120000000000005
 10
67.2
 20
53.160000000000004
 10
45.44
 20
53.160000000000004
  0
LWPOLYLINE
  5
5A5
330
17
100
AcDbEntity
  8
ELEV_X3_FRAME
370
25
100
AcDbPolyline
 90
4
 70
1
 10
45.632
 20
35.312000000000005
 10
67.00800000000001
 20
35.312000000000005
 10
67.00800000000001
 20
52.968
 10
45.632
 20
52.968
  0
LWPOLYLINE
  5
5A6
330
17
100
AcDbEntity
  8
ELEV_X3_FRAME
100
AcDbPolyline
 90
4
 70
1
 10
59.00800000000001
 20
51.982400000000005
 10
67.00800000000001
 20
51.982400000000005
 10
67.00800000000001
 20
52.968
 10
59.00800000000001
 20
52.968
  0
TEXT
  5
5A7
330
17
100
AcDbEntity
  8
ELEV_X3_TEXT
 62
7
100
AcDbText
 10
63.00800000000001
 20
52.4752
 30
0.0
 40
0.448
  1
X3 ELEVATION
 72
1
 11
63.00800000000001
 21
52.4752
 31
0.0
100
AcDbText
 73
2
  0
LINE
  5
5A8
330
17
100
AcDbEntity
  8
ELEV_X3_GRID
  6
CENTER
100
AcDbLine
 10
49.92
 20
38.480000000000004
 30
0.0
 11
49.92
 21
51.08
 31
0.0
  0
TEXT
  5
5A9
330
17
100
AcDbEntity
  8
ELEV_X3_TEXT
 62
2
100
AcDbText
 10
49.92
 20
37.88
 30
0.0
 40
0.48
  1
Y1
 72
1
 11
49.92
 21
37.88
 31
0.0
100
AcDbText
  0
LINE
  5
5AA
330
17
100
AcDbEntity
  8
ELEV_X3_GRID
  6
CENTER
100
AcDbLine
 10
57.92
 20
38.480000000000004
 30
0.0
 11
57.92
 21
51.08
 31
0.0
  0
TEXT
  5
5AB
330
17
100
AcDbEntity
  8
ELEV_X3_TEXT
 62
2
100
AcDbText
 10
57.92
 20
37.88
 30
0.0
 40
0.48
  1
Y2
 72
1
 11
57.92
 21
37.88
 31
0.0
100
AcDbText
  0
LINE
  5
5AC
330
17
100
AcDbEntity
  8
ELEV_X3_GRID
  6
CENTER
100
AcDbLine
 10
65.92
 20
38.480000000000004
 30
0.0
 11
65.92
 21
51.08
 31
0.0
  0
TEXT
  5
5AD
330
17
100
AcDbEntity
  8
ELEV_X3_TEXT
 62
2
100
AcDbText
 10
65.92
 20
37.88
 30
0.0
 40
0.48
  1
Y3
 72
1
 11
65.92
 21
37.88
 31
0.0
100
AcDbText
  0
LINE
  5
5AE
330
17
100
AcDbEntity
  8
ELEV_X3_GRID
  6
CENTER
100
AcDbLine
 10
49.120000000000005
 20
39.28
 30
0.0
 11
66.72
 21
39.28
 31
0.0
  0
TEXT
  5
5AF
330
17
100
AcDbEntity
  8
ELEV_X3_TEXT
 62
2
100
AcDbText
 10
48.800000000000004
 20
39.28
 30
0.0
 40
0.48
  1
GL
 72
2
 11
48.800000000000004
 21
39.28
 31
0.0
100
AcDbText
 73
2
  0
LINE
  5
5B0
330
17
100
AcDbEntity
  8
ELEV_X3_GRID
  6
CENTER
100
AcDbLine
 10
49.120000000000005
 20
43.28
 30
0.0
 11
66.72
 21
43.28
 31
0.0
  0
TEXT
  5
5B1
330
17
100
AcDbEntity
  8
ELEV_X3_TEXT
 62
2
100
AcDbText
 10
48.800000000000004
 20
43.28
 30
0.0
 40
0.48
  1
1F
 72
2
 11
48.800000000000004
 21
43.28
 31
0.0
100
AcDbText
 73
2
  0
LINE
  5
5B2
330
17
100
AcDbEntity
  8
ELEV_X3_GRID
  6
CENTER
100
AcDbLine
 10
49.120000000000005
 20
46.78
 30
0.0
 11
66.72
 21
46.78
 31
0.0
  0
TEXT
  5
5B3
330
17
100
AcDbEntity
  8
ELEV_X3_TEXT
 62
2
100
AcDbText
 10
48.800000000000004
 20
46.78
 30
0.0
 40
0.48
  1
2F
 72
2
 11
48.800000000000004
 21
46.78
 31
0.0
100
AcDbText
 73
2
  0
LINE
  5
5B4
330
17
100
AcDbEntity
  8
ELEV_X3_GRID
  6
CENTER
100
AcDbLine
 10
49.120000000000005
 20
50.28
 30
0.0
 11
66.72
 21
50.28
 31
0.0
  0
TEXT
  5
5B5
330
17
100
AcDbEntity
  8
ELEV_X3_TEXT
 62
2
100
AcDbText
 10
48.800000000000004
 20
50.28
 30
0.0
 40
0.48
  1
3F
 72
2
 11
48.800000000000004
 21
50.28
 31
0.0
100
AcDbText
 73
2
  0
LINE
  5
5B6
330
17
100
AcDbEntity
  8
ELEV_X3_COL
100
AcDbLine
 10
49.92
 20
39.28
 30
0.0
 11
49.92
 21
43.28
 31
0.0
  0
LINE
  5
5B7
330
17
100
AcDbEntity
  8
ELEV_X3_COL
100
AcDbLine
 10
57.92
 20
39.28
 30
0.0
 11
57.92
 21
43.28
 31
0.0
  0
LINE
  5
5B8
330
17
100
AcDbEntity
  8
ELEV_X3_COL
100
AcDbLine
 10
65.92
 20
39.28
 30
0.0
 11
65.92
 21
43.28
 31
0.0
  0
LINE
  5
5B9
330
17
100
AcDbEntity
  8
ELEV_X3_COL
100
AcDbLine
 10
49.92
 20
43.28
 30
0.0
 11
49.92
 21
46.78
 31
0.0
  0
LINE
  5
5BA
330
17
100
AcDbEntity
  8
ELEV_X3_COL
100
AcDbLine
 10
57.92
 20
43.28
 30
0.0
 11
57.92
 21
46.78
 31
0.0
  0
LINE
  5
5BB
330
17
100
AcDbEntity
  8
ELEV_X3_COL
100
AcDbLine
 10
65.92
 20
43.28
 30
0.0
 11
65.92
 21
46.78
 31
0.0
  0
LINE
  5
5BC
330
17
100
AcDbEntity
  8
ELEV_X3_COL
100
AcDbLine
 10
49.92
 20
46.78
 30
0.0
 11
49.92
 21
50.28
 31
0.0
  0
LINE
  5
5BD
330
17
100
AcDbEntity
  8
ELEV_X3_COL
100
AcDbLine
 10
57.92
 20
46.78
 30
0.0
 11
57.92
 21
50.28
 31
0.0
  0
LINE
  5
5BE
330
17
100
AcDbEntity
  8
ELEV_X3_COL
100
AcDbLine
 10
65.92
 20
46.78
 30
0.0
 11
65.92
 21
50.28
 31
0.0
  0
LINE
  5
5BF
330
17
100
AcDbEntity
  8
ELEV_X3_BEAM
100
AcDbLine
 10
49.92
 20
43.28
 30
0.0
 11
57.92
 21
43.28
 31
0.0
  0
LINE
  5
5C0
330
17
100
AcDbEntity
  8
ELEV_X3_BEAM
100
AcDbLine
 10
57.92
 20
43.28
 30
0.0
 11
65.92
 21
43.28
 31
0.0
  0
LINE
  5
5C1
330
17
100
AcDbEntity
  8
ELEV_X3_BEAM
100
AcDbLine
 10
49.92
 20
46.78
 30
0.0
 11
57.92
 21
46.78
 31
0.0
  0
LINE
  5
5C2
330
17
100
AcDbEntity
  8
ELEV_X3_BEAM
100
AcDbLine
 10
57.92
 20
46.78
 30
0.0
 11
65.92
 21
46.78
 31
0.0
  0
LINE
  5
5C3
330
17
100
AcDbEntity
  8
ELEV_X3_BEAM
100
AcDbLine
 10
49.92
 20
50.28
 30
0.0
 11
57.92
 21
50.28
 31
0.0
  0
LINE
  5
5C4
330
17
100
AcDbEntity
  8
ELEV_X3_BEAM
100
AcDbLine
 10
57.92
 20
50.28
 30
0.0
 11
65.92
 21
50.28
 31
0.0
  0
DIMENSION
  5
5C5
330
17
100
AcDbEntity
  8
ELEV_X3_DIM
100
AcDbDimension
280
0
  2
*D60
  3
STRUCT_DIM
 10
49.92
 20
37.080000000000005
 30
0.0
 11
53.92
 21
37.080000000000005
 31
0.0
 70
32
 71
5
  1
<>
100
AcDbAlignedDimension
 13
49.92
 23
39.28
 33
0.0
 14
57.92
 24
39.28
 34
0.0
 50
0.0
100
AcDbRotatedDimension
  0
DIMENSION
  5
5D5
330
17
100
AcDbEntity
  8
ELEV_X3_DIM
100
AcDbDimension
280
0
  2
*D61
  3
STRUCT_DIM
 10
57.92
 20
37.080000000000005
 30
0.0
 11
61.92
 21
37.080000000000005
 31
0.0
 70
32
 71
5
  1
<>
100
AcDbAlignedDimension
 13
57.92
 23
39.28
 33
0.0
 14
65.92
 24
39.28
 34
0.0
 50
0.0
100
AcDbRotatedDimension
  0
DIMENSION
  5
5E5
330
17
100
AcDbEntity
  8
ELEV_X3_DIM
100
AcDbDimension
280
0
  2
*D62
  3
STRUCT_DIM
 10
49.92
 20
36.080000000000005
 30
0.0
 11
57.92
 21
36.080000000000005
 31
0.0
 70
32
 71
5
  1
<>
100
AcDbAlignedDimension
 13
49.92
 23
39.28
 33
0.0
 14
65.92
 24
39.28
 34
0.0
 50
0.0
100
AcDbRotatedDimension
  0
DIMENSION
  5
5F5
330
17
100
AcDbEntity
  8
ELEV_X3_DIM
100
AcDbDimension
280
0
  2
*D63
  3
STRUCT_DIM
 10
47.720000000000006
 20
39.28
 30
0.0
 11
47.720000000000006
 21
41.28
 31
0.0
 70
32
 71
5
  1
<>
100
AcDbAlignedDimension
 13
49.92
 23
39.28
 33
0.0
 14
49.92
 24
43.28
 34
0.0
 50
90.0
100
AcDbRotatedDimension
  0
DIMENSION
  5
605
330
17
100
AcDbEntity
  8
ELEV_X3_DIM
100
AcDbDimension
280
0
  2
*D64
  3
STRUCT_DIM
 10
47.720000000000006
 20
43.28
 30
0.0
 11
47.720000000000006
 21
45.03
 31
0.0
 70
32
 71
5
  1
<>
100
AcDbAlignedDimension
 13
49.92
 23
43.28
 33
0.0
 14
49.92
 24
46.78
 34
0.0
 50
90.0
100
AcDbRotatedDimension
  0
DIMENSION
  5
615
330
17
100
AcDbEntity
  8
ELEV_X3_DIM
100
AcDbDimension
280
0
  2
*D65
  3
STRUCT_DIM
 10
47.720000000000006
 20
46.78
 30
0.0
 11
47.720000000000006
 21
48.53
 31
0.0
 70
32
 71
5
  1
<>
100
AcDbAlignedDimension
 13
49.92
 23
46.78
 33
0.0
 14
49.92
 24
50.28
 34
0.0
 50
90.0
100
AcDbRotatedDimension
  0
DIMENSION
  5
625
330
17
100
AcDbEntity
  8
ELEV_X3_DIM
100
AcDbDimension
280
0
  2
*D66
  3
STRUCT_DIM
 10
46.720000000000006
 20
39.28
 30
0.0
 11
46.720000000000006
 21
44.78
 31
0.0
 70
32
 71
5
  1
<>
100
AcDbAlignedDimension
 13
49.92
 23
39.28
 33
0.0
 14
49.92
 24
50.28
 34
0.0
 50
90.0
100
AcDbRotatedDimension
  0
ENDSEC
  0
SECTION
  2
OBJECTS
  0
DICTIONARY
  5
A
330
0
100
AcDbDictionary
281
1
  3
ACAD_COLOR
350
B
  3
ACAD_GROUP
350
C
  3
ACAD_LAYOUT
350
D
  3
ACAD_MATERIAL
350
E
  3
ACAD_MLEADERSTYLE
350
F
  3
ACAD_MLINESTYLE
350
10
  3
ACAD_PLOTSETTINGS
350
11
  3
ACAD_PLOTSTYLENAME
350
12
  3
ACAD_SCALELIST
350
14
  3
ACAD_TABLESTYLE
350
15
  3
ACAD_VISUALSTYLE
350
16
  3
EZDXF_META
350
2D
  0
DICTIONARY
  5
B
330
A
100
AcDbDictionary
281
1
  0
DICTIONARY
  5
C
330
A
100
AcDbDictionary
281
1
  0
DICTIONARY
  5
D
330
A
100
AcDbDictionary
281
1
  3
Model
350
1A
  3
Layout1
350
1E
  0
DICTIONARY
  5
E
330
A
100
AcDbDictionary
281
1
  3
ByBlock
350
1F
  3
ByLayer
350
20
  3
Global
350
21
  0
DICTIONARY
  5
F
330
A
100
AcDbDictionary
281
1
  3
Standard
350
2C
  0
DICTIONARY
  5
10
330
A
100
AcDbDictionary
281
1
  3
Standard
350
22
  0
DICTIONARY
  5
11
330
A
100
AcDbDictionary
281
1
  0
ACDBDICTIONARYWDFLT
  5
12
330
A
100
AcDbDictionary
281
1
  3
Normal
350
13
100
AcDbDictionaryWithDefault
340
13
  0
ACDBPLACEHOLDER
  5
13
330
12
  0
DICTIONARY
  5
14
330
A
100
AcDbDictionary
281
1
  0
DICTIONARY
  5
15
330
A
100
AcDbDictionary
281
1
  0
DICTIONARY
  5
16
330
A
100
AcDbDictionary
281
1
  3
2dWireframe
350
5A
  3
Basic
350
5B
  3
Brighten
350
5C
  3
ColorChange
350
5D
  3
Conceptual
350
5E
  3
Dim
350
5F
  3
EdgeColorOff
350
60
  3
Facepattern
350
61
  3
Flat
350
62
  3
FlatWithEdges
350
63
  3
Gouraud
350
64
  3
GouraudWithEdges
350
65
  3
Hidden
350
66
  3
JitterOff
350
67
  3
Linepattern
350
68
  3
Modeling
350
69
  3
OverhangOff
350
6A
  3
Realistic
350
6B
  3
Shaded
350
6C
  3
Shaded with edges
350
6D
  3
Shades of Gray
350
6E
  3
Sketchy
350
6F
  3
Thicken
350
70
  3
Wireframe
350
71
  3
X-Ray
350
72
  0
LAYOUT
  5
1A
330
D
100
AcDbPlotSettings
  1

  4
A3
  6

 40
7.5
 41
20.0
 42
7.5
 43
20.0
 44
420.0
 45
297.0
 46
0.0
 47
0.0
 48
0.0
 49
0.0
140
0.0
141
0.0
142
1.0
143
1.0
 70
1024
 72
1
 73
0
 74
5
  7

 75
16
 76
0
 77
2
 78
300
147
1.0
148
0.0
149
0.0
100
AcDbLayout
  1
Model
 70
1
 71
0
 10
0.0
 20
0.0
 11
420.0
 21
297.0
 12
0.0
 22
0.0
 32
0.0
 14
1e+20
 24
1e+20
 34
1e+20
 15
-1e+20
 25
-1e+20
 35
-1e+20
146
0.0
 13
0.0
 23
0.0
 33
0.0
 16
1.0
 26
0.0
 36
0.0
 17
0.0
 27
1.0
 37
0.0
 76
1
330
17
  0
LAYOUT
  5
1E
330
D
100
AcDbPlotSettings
  1

  4
A3
  6

 40
7.5
 41
20.0
 42
7.5
 43
20.0
 44
420.0
 45
297.0
 46
0.0
 47
0.0
 48
0.0
 49
0.0
140
0.0
141
0.0
142
1.0
143
1.0
 70
0
 72
1
 73
0
 74
5
  7

 75
16
 76
0
 77
2
 78
300
147
1.0
148
0.0
149
0.0
100
AcDbLayout
  1
Layout1
 70
1
 71
1
 10
0.0
 20
0.0
 11
420.0
 21
297.0
 12
0.0
 22
0.0
 32
0.0
 14
1e+20
 24
1e+20
 34
1e+20
 15
-1e+20
 25
-1e+20
 35
-1e+20
146
0.0
 13
0.0
 23
0.0
 33
0.0
 16
1.0
 26
0.0
 36
0.0
 17
0.0
 27
1.0
 37
0.0
 76
1
330
1B
  0
MATERIAL
  5
1F
102
{ACAD_REACTORS
330
E
102
}
330
E
100
AcDbMaterial
  1
ByBlock
  2

 70
0
 40
1.0
 71
1
 41
1.0
 91
-1023410177
 42
1.0
 72
1
  3

 73
1
 74
1
 75
1
 44
0.5
 73
0
 45
1.0
 46
1.0
 77
1
  4

 78
1
 79
1
170
1
 48
1.0
171
1
  6

172
1
173
1
174
1
140
1.0
141
1.0
175
1
  7

176
1
177
1
178
1
143
1.0
179
1
  8

270
1
271
1
272
1
145
1.0
146
1.0
273
1
  9

274
1
275
1
276
1
 42
1.0
 72
1
  3

 73
1
 74
1
 75
1
 94
63
  0
MATERIAL
  5
20
102
{ACAD_REACTORS
330
E
102
}
330
E
100
AcDbMaterial
  1
ByLayer
  2

 70
0
 40
1.0
 71
1
 41
1.0
 91
-1023410177
 42
1.0
 72
1
  3

 73
1
 74
1
 75
1
 44
0.5
 73
0
 45
1.0
 46
1.0
 77
1
  4

 78
1
 79
1
170
1
 48
1.0
171
1
  6

172
1
173
1
174
1
140
1.0
141
1.0
175
1
  7

176
1
177
1
178
1
143
1.0
179
1
  8

270
1
271
1
272
1
145
1.0
146
1.0
273
1
  9

274
1
275
1
276
1
 42
1.0
 72
1
  3

 73
1
 74
1
 75
1
 94
63
  0
MATERIAL
  5
21
102
{ACAD_REACTORS
330
E
102
}
330
E
100
AcDbMaterial
  1
Global
  2

 70
0
 40
1.0
 71
1
 41
1.0
 91
-1023410177
 42
1.0
 72
1
  3

 73
1
 74
1
 75
1
 44
0.5
 73
0
 45
1.0
 46
1.0
 77
1
  4

 78
1
 79
1
170
1
 48
1.0
171
1
  6

172
1
173
1
174
1
140
1.0
141
1.0
175
1
  7

176
1
177
1
178
1
143
1.0
179
1
  8

270
1
271
1
272
1
145
1.0
146
1.0
273
1
  9

274
1
275
1
276
1
 42
1.0
 72
1
  3

 73
1
 74
1
 75
1
 94
63
  0
MLINESTYLE
  5
22
102
{ACAD_REACTORS
330
10
102
}
330
10
100
AcDbMlineStyle
  2
Standard
 70
0
  3

 62
256
 51
90.0
 52
90.0
 71
2
 49
0.5
 62
256
  6
BYLAYER
 49
-0.5
 62
256
  6
BYLAYER
  0
MLEADERSTYLE
  5
2C
102
{ACAD_REACTORS
330
F
102
}
330
F
100
AcDbMLeaderStyle
179
2
170
2
171
1
172
0
 90
2
 40
0.0
 41
0.0
173
1
 91
-1056964608
 92
-2
290
1
 42
2.0
291
1
 43
8.0
  3
Standard
 44
4.0
300

342
29
174
1
175
1
176
0
178
1
 93
-1056964608
 45
4.0
292
0
297
0
 46
4.0
 94
-1056964608
 47
1.0
 49
1.0
140
1.0
294
1
141
0.0
177
0
142
1.0
295
0
296
0
143
3.75
271
0
272
9
273
9
  0
DICTIONARY
  5
2D
330
A
100
AcDbDictionary
280
1
281
1
  3
CREATED_BY_EZDXF
350
2E
  3
WRITTEN_BY_EZDXF
350
638
  0
DICTIONARYVAR
  5
2E
330
2D
100
DictionaryVariables
280
0
  1
1.4.3 @ 2026-08-03T07:23:29.591611+00:00
  0
VISUALSTYLE
  5
5A
102
{ACAD_REACTORS
330
16
102
}
330
16
100
AcDbVisualStyle
  2
2dWireframe
 70
4
 90
0
 40
0.6
 62
7
290
0
291
0
  0
VISUALSTYLE
  5
5B
102
{ACAD_REACTORS
330
16
102
}
330
16
100
AcDbVisualStyle
  2
Basic
 70
7
 90
1
 40
0.6
 62
7
290
0
291
1
  0
VISUALSTYLE
  5
5C
102
{ACAD_REACTORS
330
16
102
}
330
16
100
AcDbVisualStyle
  2
Brighten
 70
12
 90
2
 40
0.6
 62
7
290
0
291
1
  0
VISUALSTYLE
  5
5D
102
{ACAD_REACTORS
330
16
102
}
330
16
100
AcDbVisualStyle
  2
ColorChange
 70
16
 90
2
 40
0.6
 62
8
290
0
291
1
  0
VISUALSTYLE
  5
5E
102
{ACAD_REACTORS
330
16
102
}
330
16
100
AcDbVisualStyle
  2
Conceptual
 70
9
 90
3
 40
0.6
 62
7
290
0
291
0
  0
VISUALSTYLE
  5
5F
102
{ACAD_REACTORS
330
16
102
}
330
16
100
AcDbVisualStyle
  2
Dim
 70
11
 90
2
 40
0.6
 62
7
290
0
291
1
  0
VISUALSTYLE
  5
60
102
{ACAD_REACTORS
330
16
102
}
330
16
100
AcDbVisualStyle
  2
EdgeColorOff
 70
22
 90
2
 40
0.6
 62
7
290
0
291
1
  0
VISUALSTYLE
  5
61
102
{ACAD_REACTORS
330
16
102
}
330
16
100
AcDbVisualStyle
  2
Facepattern
 70
15
 90
2
 40
0.6
 62
7
290
0
291
1
  0
VISUALSTYLE
  5
62
102
{ACAD_REACTORS
330
16
102
}
330
16
100
AcDbVisualStyle
  2
Flat
 70
0
 90
2
 40
0.6
 62
7
290
0
291
1
  0
VISUALSTYLE
  5
63
102
{ACAD_REACTORS
330
16
102
}
330
16
100
AcDbVisualStyle
  2
FlatWithEdges
 70
1
 90
2
 40
0.6
 62
7
290
0
291
1
  0
VISUALSTYLE
  5
64
102
{ACAD_REACTORS
330
16
102
}
330
16
100
AcDbVisualStyle
  2
Gouraud
 70
2
 90
2
 40
0.6
 62
7
290
0
291
1
  0
VISUALSTYLE
  5
65
102
{ACAD_REACTORS
330
16
102
}
330
16
100
AcDbVisualStyle
  2
GouraudWithEdges
 70
3
 90
2
 40
0.6
 62
7
290
0
291
1
  0
VISUALSTYLE
  5
66
102
{ACAD_REACTORS
330
16
102
}
330
16
100
AcDbVisualStyle
  2
Hidden
 70
6
 90
1
 40
0.6
 62
7
290
0
291
0
  0
VISUALSTYLE
  5
67
102
{ACAD_REACTORS
330
16
102
}
330
16
100
AcDbVisualStyle
  2
JitterOff
 70
20
 90
2
 40
0.6
 62
7
290
0
291
1
  0
VISUALSTYLE
  5
68
102
{ACAD_REACTORS
330
16
102
}
330
16
100
AcDbVisualStyle
  2
Linepattern
 70
14
 90
2
 40
0.6
 62
7
290
0
291
1
  0
VISUALSTYLE
  5
69
102
{ACAD_REACTORS
330
16
102
}
330
16
100
AcDbVisualStyle
  2
Modeling
 70
10
 90
2
 40
0.6
 62
7
290
0
291
0
  0
VISUALSTYLE
  5
6A
102
{ACAD_REACTORS
330
16
102
}
330
16
100
AcDbVisualStyle
  2
OverhangOff
 70
21
 90
2
 40
0.6
 62
7
290
0
291
1
  0
VISUALSTYLE
  5
6B
102
{ACAD_REACTORS
330
16
102
}
330
16
100
AcDbVisualStyle
  2
Realistic
 70
8
 90
2
 40
0.6
 62
7
290
0
291
0
  0
VISUALSTYLE
  5
6C
102
{ACAD_REACTORS
330
16
102
}
330
16
100
AcDbVisualStyle
  2
Shaded
 70
27
 90
2
 40
0.6
 62
7
290
0
291
0
  0
VISUALSTYLE
  5
6D
102
{ACAD_REACTORS
330
16
102
}
330
16
100
AcDbVisualStyle
  2
Shaded with edges
 70
26
 90
2
 40
0.6
 62
7
290
0
291
0
  0
VISUALSTYLE
  5
6E
102
{ACAD_REACTORS
330
16
102
}
330
16
100
AcDbVisualStyle
  2
Shades of Gray
 70
23
 90
2
 40
0.6
 62
7
290
0
291
0
  0
VISUALSTYLE
  5
6F
102
{ACAD_REACTORS
330
16
102
}
330
16
100
AcDbVisualStyle
  2
Sketchy
 70
24
 90
1
 40
0.6
 62
7
290
0
291
0
  0
VISUALSTYLE
  5
70
102
{ACAD_REACTORS
330
16
102
}
330
16
100
AcDbVisualStyle
  2
Thicken
 70
13
 90
2
 40
0.6
 62
7
290
0
291
1
  0
VISUALSTYLE
  5
71
102
{ACAD_REACTORS
330
16
102
}
330
16
100
AcDbVisualStyle
  2
Wireframe
 70
5
 90
0
 40
0.6
 62
7
290
0
291
0
  0
VISUALSTYLE
  5
72
102
{ACAD_REACTORS
330
16
102
}
330
16
100
AcDbVisualStyle
  2
X-Ray
 70
25
 90
2
 40
0.5
 62
7
290
0
291
0
  0
DICTIONARYVAR
  5
638
330
2D
100
DictionaryVariables
280
0
  1
1.4.3 @ 2026-08-03T07:23:29.800415+00:00
  0
ENDSEC
  0
EOF
