ISO-10303-21;
HEADER;
FILE_DESCRIPTION(('ViewDefinition [ReferenceView_V1.2]','RevitIdentifiers [ContentGUID: 90235695-b3c8-4716-bec7-a491c74cdb68, VersionGUID: c4e19e27-3945-4e42-b375-803082616da5, NumberOfSaves: 1]','CoordinateReference [CoordinateBase: \X2\ACF5C720\X0\ \X2\C88CD45C\X0\]','ExchangeRequirement [Structural]'),'2;1');
FILE_NAME('test1_3x3bay_2story.ifc','2026-03-05T11:31:41+09:00',(''),(''),'ODA SDAI 25.12','Autodesk - Revit 26.4.0.32 (KOR) - 26.4.0.32','');
FILE_SCHEMA(('IFC4'));
ENDSEC;

DATA;
#1=IFCORGANIZATION($,'Autodesk Revit 2026 (KOR)',$,$,$);
#2=IFCAPPLICATION(#1,'2026','Autodesk Revit 2026 (KOR)','Revit');
#3=IFCPERSON($,'','mk0010LVHXS',$,$,$,$,$);
#4=IFCORGANIZATION($,'','',$,$);
#5=IFCPERSONANDORGANIZATION(#3,#4,$);
#6=IFCOWNERHISTORY(#5,#2,$,.NOCHANGE.,$,$,$,1772677763);
#7=IFCSIUNIT(*,.LENGTHUNIT.,.MILLI.,.METRE.);
#8=IFCSIUNIT(*,.AREAUNIT.,$,.SQUARE_METRE.);
#9=IFCSIUNIT(*,.VOLUMEUNIT.,$,.CUBIC_METRE.);
#10=IFCCARTESIANPOINT((0.,0.,0.));
#11=IFCAXIS2PLACEMENT3D(#10,$,$);
#12=IFCDIRECTION((0.,1.));
#13=IFCGEOMETRICREPRESENTATIONCONTEXT($,'Model',3,0.01,#11,#12);
#14=IFCGEOMETRICREPRESENTATIONSUBCONTEXT('Axis','Model',*,*,*,*,#13,$,.GRAPH_VIEW.,$);
#15=IFCGEOMETRICREPRESENTATIONSUBCONTEXT('Body','Model',*,*,*,*,#13,$,.MODEL_VIEW.,$);
#16=IFCGEOMETRICREPRESENTATIONSUBCONTEXT('Box','Model',*,*,*,*,#13,$,.MODEL_VIEW.,$);
#17=IFCGEOMETRICREPRESENTATIONSUBCONTEXT('FootPrint','Model',*,*,*,*,#13,$,.MODEL_VIEW.,$);
#18=IFCPROJECT('2G8rQLiyX75hx7f94uioIO',#6,'\X2\D504B85CC81DD2B8\X0\ \X2\BC88D638\X0\',$,$,'\X2\D504B85CC81DD2B8\X0\ \X2\C774B984\X0\','\X2\D504B85CC81DD2B8\X0\ \X2\C0C1D0DC\X0\',(#13),#1376);
#19=IFCPOSTALADDRESS($,$,$,$,('\X2\C8FCC18CB97C\X0\ \X2\C5ECAE30C5D0\X0\ \X2\C785B825\X0\'),$,'','','','\X2\B300D55CBBFCAD6D\X0\ \X2\C11CC6B8\X0\');
#20=IFCAXIS2PLACEMENT3D(#10,$,$);
#21=IFCLOCALPLACEMENT(#35,#20);
#22=IFCBUILDING('2G8rQLiyX75hx7f94uioIP',#6,'',$,$,#21,$,'',.ELEMENT.,$,$,#19);
#23=IFCAXIS2PLACEMENT3D(#10,$,$);
#24=IFCLOCALPLACEMENT(#21,#23);
#25=IFCBUILDINGSTOREY('3Zu5Bv0LOHrPC10026FoQQ',#6,'1F',$,$,#24,$,'1F',.ELEMENT.,0.);
#26=IFCCARTESIANPOINT((0.,0.,4000.));
#27=IFCAXIS2PLACEMENT3D(#26,$,$);
#28=IFCLOCALPLACEMENT(#21,#27);
#29=IFCBUILDINGSTOREY('15Z0v90RiHrPC20026FoKR',#6,'2F',$,$,#28,$,'2F',.ELEMENT.,4000.0000000000005);
#30=IFCCARTESIANPOINT((0.,0.,8000.));
#31=IFCAXIS2PLACEMENT3D(#30,$,$);
#32=IFCLOCALPLACEMENT(#21,#31);
#33=IFCBUILDINGSTOREY('2f8iFA0df7ZPu5Sy$dxL0T',#6,'\X2\C9C0BD95\X0\',$,$,#32,$,'\X2\C9C0BD95\X0\',.ELEMENT.,8000.0000000000009);
#34=IFCAXIS2PLACEMENT3D(#10,$,$);
#35=IFCLOCALPLACEMENT($,#34);
#36=IFCSITE('2G8rQLiyX75hx7f94uioIQ',#6,'Default',$,$,#35,$,$,.ELEMENT.,(37,33,59,529418),(126,58,40,678710),0.,$,$);
#37=IFCPROPERTYSINGLEVALUE('Reference',$,IFCIDENTIFIER('\X2\D504B85CC81DD2B8\X0\ \X2\C815BCF4\X0\'),$);
#38=IFCPROPERTYSET('0HaVW0McuJUlTdi6Tm_Zu6',#6,'Pset_SiteCommon',$,(#37));
#39=IFCRELDEFINESBYPROPERTIES('2j1v6Boo04OVXmLIiuNWo$',#6,$,$,(#36),#38);
#40=IFCCARTESIANPOINTLIST2D(((-203.99999999999997,-199.99999999999994),(203.99999999999997,-199.99999999999994),(203.99999999999997,-178.99999999999994),(32.500000000000263,-178.99999999999994),(16.943650813896134,-172.55634918610417),(10.499999999999982,-156.99999999999997),(10.499999999999986,156.99999999999972),(16.943650813895729,172.55634918610383),(32.499999999999957,178.99999999999997),(203.99999999999997,178.99999999999997),(203.99999999999997,200.),(-203.99999999999997,200.),(-203.99999999999997,178.99999999999997),(-32.500000000000199,179.00000000000003),(-16.94365081389612,172.5563491861042),(-10.500000000000016,157.),(-10.500000000000016,-156.9999999999998),(-16.943650813895825,-172.55634918610383),(-32.500000000000057,-178.99999999999994),(-203.99999999999997,-178.99999999999994)));
#41=IFCINDEXEDPOLYCURVE(#40,(IFCLINEINDEX((1,2,3,4)),IFCARCINDEX((4,5,6)),IFCLINEINDEX((6,7)),IFCARCINDEX((7,8,9)),IFCLINEINDEX((9,10,11,12,13,14)),IFCARCINDEX((14,15,16)),IFCLINEINDEX((16,17)),IFCARCINDEX((17,18,19)),IFCLINEINDEX((19,20,1))),.F.);
#42=IFCARBITRARYCLOSEDPROFILEDEF(.AREA.,'H400X197',#41);
#43=IFCDIRECTION((0.,0.,1.));
#44=IFCDIRECTION((-1.,0.,0.));
#45=IFCAXIS2PLACEMENT3D(#10,#43,#44);
#46=IFCEXTRUDEDAREASOLID(#42,#45,#43,4000.0000000000005);
#47=IFCSIUNIT(*,.PLANEANGLEUNIT.,$,.RADIAN.);
#48=IFCDIMENSIONALEXPONENTS(0,0,0,0,0,0,0);
#49=IFCMEASUREWITHUNIT(IFCPLANEANGLEMEASURE(0.017453292519943278),#47);
#50=IFCCONVERSIONBASEDUNIT(#48,.PLANEANGLEUNIT.,'DEGREE',#49);
#51=IFCCOLOURRGB($,0.96862745098039216,0.96862745098039216,0.96862745098039216);
#52=IFCSURFACESTYLERENDERING(#51,0.,$,$,$,$,IFCNORMALISEDRATIOMEASURE(0.5),IFCSPECULAREXPONENT(128.),.NOTDEFINED.);
#53=IFCSURFACESTYLE('\X2\AE08C18D\X0\ - \X2\C2A4D2F8\X0\ - 345MPa',.BOTH.,(#52));
#54=IFCSTYLEDITEM(#46,(#53),$);
#55=IFCSHAPEREPRESENTATION(#15,'Body','SweptSolid',(#46));
#56=IFCAXIS2PLACEMENT3D(#10,$,$);
#57=IFCREPRESENTATIONMAP(#56,#55);
#58=IFCCOLUMNTYPE('34uPudEKLEGhDrW322PCs4',#6,'H-\X2\AE30B465\X0\:H400X197',$,$,(#85),(#57),'367602',$,.COLUMN.);
#59=IFCMATERIAL('\X2\AE08C18D\X0\ - \X2\C2A4D2F8\X0\ - 345MPa',$,'\X2\AE08C18D\X0\');
#60=IFCCARTESIANTRANSFORMATIONOPERATOR3D($,$,#10,1.,$);
#61=IFCMAPPEDITEM(#57,#60);
#62=IFCSHAPEREPRESENTATION(#15,'Body','MappedRepresentation',(#61));
#63=IFCPRODUCTDEFINITIONSHAPE($,$,(#62));
#64=IFCCARTESIANPOINT((-9823.4434603824666,8462.7808669082551,0.));
#65=IFCAXIS2PLACEMENT3D(#64,$,$);
#66=IFCLOCALPLACEMENT(#24,#65);
#67=IFCCOLUMN('34uPudEKLEGhDrW322PF8C',#6,'H-\X2\AE30B465\X0\:H400X197:368553',$,$,#66,#63,'368553',.COLUMN.);
#68=IFCQUANTITYLENGTH('Length',$,$,4000.0000000000005,$);
#69=IFCQUANTITYAREA('CrossSectionArea',$,$,0.025069806866402672,$);
#70=IFCQUANTITYAREA('OuterSurfaceArea',$,$,9.4089203070318064,$);
#71=IFCQUANTITYVOLUME('GrossVolume',$,$,0.10027922746561072,$);
#72=IFCQUANTITYVOLUME('NetVolume',$,$,0.10028195096770717,$);
#73=IFCELEMENTQUANTITY('0MoBQ6NKYJwsJKN3aDvslK',#6,'Qto_ColumnBaseQuantities',$,$,(#68,#69,#70,#71,#72));
#74=IFCRELDEFINESBYPROPERTIES('0xUcHSXIA9WkjnQ7gfACRB',#6,$,$,(#67),#73);
#75=IFCPROPERTYSINGLEVALUE('Reference',$,IFCIDENTIFIER('H400X197'),$);
#76=IFCPROPERTYSINGLEVALUE('IsExternal',$,IFCBOOLEAN(.F.),$);
#77=IFCPROPERTYSINGLEVALUE('LoadBearing',$,IFCBOOLEAN(.T.),$);
#78=IFCPROPERTYSET('1fou3vQ5fU3tfC8JSyUo1T',#6,'Pset_ColumnCommon',$,(#75,#76,#77));
#79=IFCPROPERTYSET('34jMfe6Ejg5iA2apcOK1iV',#6,'Pset_EnvironmentalImpactIndicators',$,(#75));
#80=IFCPROPERTYSINGLEVALUE('Reference',$,IFCLABEL('H400X197'),$);
#81=IFCPROPERTYSET('3YxFtLEidUYffAxFr3Ljqu',#6,'Pset_ReinforcementBarPitchOfColumn',$,(#80));
#82=IFCRELDEFINESBYPROPERTIES('17I0c7j7Z9K0FNu$q3hPq1',#6,$,$,(#67),#78);
#83=IFCRELDEFINESBYPROPERTIES('01FNsPmRqiW8RBOlZYVHKp',#6,$,$,(#67),#79);
#84=IFCRELDEFINESBYPROPERTIES('2D8z_ZRG7qyrjhDCBoo0ir',#6,$,$,(#67),#81);
#85=IFCPROPERTYSET('3ZfdTFlm7VDfNP6cb46XbC',#6,'Pset_ColumnCommon',$,(#77));
#86=IFCMAPPEDITEM(#57,#60);
#87=IFCSHAPEREPRESENTATION(#15,'Body','MappedRepresentation',(#86));
#88=IFCPRODUCTDEFINITIONSHAPE($,$,(#87));
#89=IFCCARTESIANPOINT((-9823.443460382472,3462.7808669082551,0.));
#90=IFCAXIS2PLACEMENT3D(#89,$,$);
#91=IFCLOCALPLACEMENT(#24,#90);
#92=IFCCOLUMN('34uPudEKLEGhDrW322PCsE',#6,'H-\X2\AE30B465\X0\:H400X197:368683',$,$,#91,#88,'368683',.COLUMN.);
#93=IFCQUANTITYLENGTH('Length',$,$,4000.0000000000005,$);
#94=IFCQUANTITYAREA('CrossSectionArea',$,$,0.025069806866402672,$);
#95=IFCQUANTITYAREA('OuterSurfaceArea',$,$,9.4089203070318064,$);
#96=IFCQUANTITYVOLUME('GrossVolume',$,$,0.10027922746561072,$);
#97=IFCQUANTITYVOLUME('NetVolume',$,$,0.10028195096770717,$);
#98=IFCELEMENTQUANTITY('1HGXBoMvh3UGj_Y0Y5mfoI',#6,'Qto_ColumnBaseQuantities',$,$,(#93,#94,#95,#96,#97));
#99=IFCRELDEFINESBYPROPERTIES('3O12fs2KZstjMHl7swgt3o',#6,$,$,(#92),#98);
#100=IFCPROPERTYSET('16PChAUYfWV1PDVcfwceEf',#6,'Pset_ColumnCommon',$,(#75,#76,#77));
#101=IFCPROPERTYSET('3PB5XXxlvwEKz4X9OZ4G2w',#6,'Pset_EnvironmentalImpactIndicators',$,(#75));
#102=IFCPROPERTYSINGLEVALUE('Reference',$,IFCLABEL('H400X197'),$);
#103=IFCPROPERTYSET('0k9J5KknG$W$WPTaSCCR1p',#6,'Pset_ReinforcementBarPitchOfColumn',$,(#102));
#104=IFCRELDEFINESBYPROPERTIES('2g5xlI9b1t0owEj$Pit4Ft',#6,$,$,(#92),#100);
#105=IFCRELDEFINESBYPROPERTIES('3HNaUzXqZpfJJ1mfwQJHbl',#6,$,$,(#92),#101);
#106=IFCRELDEFINESBYPROPERTIES('2t_R2PTM4Xq9JtqX_kQfC1',#6,$,$,(#92),#103);
#107=IFCMAPPEDITEM(#57,#60);
#108=IFCSHAPEREPRESENTATION(#15,'Body','MappedRepresentation',(#107));
#109=IFCPRODUCTDEFINITIONSHAPE($,$,(#108));
#110=IFCCARTESIANPOINT((-9823.443460382483,-2537.2191330917453,0.));
#111=IFCAXIS2PLACEMENT3D(#110,$,$);
#112=IFCLOCALPLACEMENT(#24,#111);
#113=IFCCOLUMN('34uPudEKLEGhDrW322PCof',#6,'H-\X2\AE30B465\X0\:H400X197:368908',$,$,#112,#109,'368908',.COLUMN.);
#114=IFCQUANTITYLENGTH('Length',$,$,4000.0000000000005,$);
#115=IFCQUANTITYAREA('CrossSectionArea',$,$,0.025069806866402672,$);
#116=IFCQUANTITYAREA('OuterSurfaceArea',$,$,9.4089203070318064,$);
#117=IFCQUANTITYVOLUME('GrossVolume',$,$,0.10027922746561072,$);
#118=IFCQUANTITYVOLUME('NetVolume',$,$,0.10028195096770717,$);
#119=IFCELEMENTQUANTITY('3SM7Myp4A8_lJ84ZM9rHuF',#6,'Qto_ColumnBaseQuantities',$,$,(#114,#115,#116,#117,#118));
#120=IFCRELDEFINESBYPROPERTIES('36Uob7DcTsh28r9b7g0LHT',#6,$,$,(#113),#119);
#121=IFCPROPERTYSET('2chuCr1skUh0bdUNUQOT3C',#6,'Pset_ColumnCommon',$,(#75,#76,#77));
#122=IFCPROPERTYSET('0NZY_crKqHxLuMQom3YDol',#6,'Pset_EnvironmentalImpactIndicators',$,(#75));
#123=IFCPROPERTYSINGLEVALUE('Reference',$,IFCLABEL('H400X197'),$);
#124=IFCPROPERTYSET('0Ic$QWsDjWLLzwnU6q7KqN',#6,'Pset_ReinforcementBarPitchOfColumn',$,(#123));
#125=IFCRELDEFINESBYPROPERTIES('26rTojTCBrZLte7AJeuPYI',#6,$,$,(#113),#121);
#126=IFCRELDEFINESBYPROPERTIES('2NteUuqAK16wDLQ7lnY9iZ',#6,$,$,(#113),#122);
#127=IFCRELDEFINESBYPROPERTIES('3Of6NV_BxETlADVepvl6i4',#6,$,$,(#113),#124);
#128=IFCMAPPEDITEM(#57,#60);
#129=IFCSHAPEREPRESENTATION(#15,'Body','MappedRepresentation',(#128));
#130=IFCPRODUCTDEFINITIONSHAPE($,$,(#129));
#131=IFCCARTESIANPOINT((-9823.4434603824902,-6537.2191330917458,0.));
#132=IFCAXIS2PLACEMENT3D(#131,$,$);
#133=IFCLOCALPLACEMENT(#24,#132);
#134=IFCCOLUMN('34uPudEKLEGhDrW322PCms',#6,'H-\X2\AE30B465\X0\:H400X197:369043',$,$,#133,#130,'369043',.COLUMN.);
#135=IFCQUANTITYLENGTH('Length',$,$,4000.0000000000005,$);
#136=IFCQUANTITYAREA('CrossSectionArea',$,$,0.025069806866402672,$);
#137=IFCQUANTITYAREA('OuterSurfaceArea',$,$,9.4089203070318064,$);
#138=IFCQUANTITYVOLUME('GrossVolume',$,$,0.10027922746561072,$);
#139=IFCQUANTITYVOLUME('NetVolume',$,$,0.10028195096770717,$);
#140=IFCELEMENTQUANTITY('1WEVCJlh1KDbykRDOiP5Rp',#6,'Qto_ColumnBaseQuantities',$,$,(#135,#136,#137,#138,#139));
#141=IFCRELDEFINESBYPROPERTIES('0x_o83kAYa08lR4zCRQdD5',#6,$,$,(#134),#140);
#142=IFCPROPERTYSET('0xw5QRUQbf1c32$_BC1BP8',#6,'Pset_ColumnCommon',$,(#75,#76,#77));
#143=IFCPROPERTYSET('0DTMC11xrPGcX2kNlOXY6e',#6,'Pset_EnvironmentalImpactIndicators',$,(#75));
#144=IFCPROPERTYSINGLEVALUE('Reference',$,IFCLABEL('H400X197'),$);
#145=IFCPROPERTYSET('0t2k1EBVwf$rKPF4O_8W63',#6,'Pset_ReinforcementBarPitchOfColumn',$,(#144));
#146=IFCRELDEFINESBYPROPERTIES('0NIjyPWYYGYnsI0aDa1ssk',#6,$,$,(#134),#142);
#147=IFCRELDEFINESBYPROPERTIES('07mO22kLwIobcVK4jHuJ3u',#6,$,$,(#134),#143);
#148=IFCRELDEFINESBYPROPERTIES('2Sh2SwiCzwNqrUpXoq4EtF',#6,$,$,(#134),#145);
#149=IFCMAPPEDITEM(#57,#60);
#150=IFCSHAPEREPRESENTATION(#15,'Body','MappedRepresentation',(#149));
#151=IFCPRODUCTDEFINITIONSHAPE($,$,(#150));
#152=IFCCARTESIANPOINT((-5323.4434603824893,-6537.2191330917594,0.));
#153=IFCAXIS2PLACEMENT3D(#152,$,$);
#154=IFCLOCALPLACEMENT(#24,#153);
#155=IFCCOLUMN('34uPudEKLEGhDrW322PC_n',#6,'H-\X2\AE30B465\X0\:H400X197:369172',$,$,#154,#151,'369172',.COLUMN.);
#156=IFCQUANTITYLENGTH('Length',$,$,4000.0000000000005,$);
#157=IFCQUANTITYAREA('CrossSectionArea',$,$,0.025069806866402672,$);
#158=IFCQUANTITYAREA('OuterSurfaceArea',$,$,9.4089203070318064,$);
#159=IFCQUANTITYVOLUME('GrossVolume',$,$,0.10027922746561072,$);
#160=IFCQUANTITYVOLUME('NetVolume',$,$,0.10028195096770717,$);
#161=IFCELEMENTQUANTITY('12sgs7EqchpqsVhY28pxco',#6,'Qto_ColumnBaseQuantities',$,$,(#156,#157,#158,#159,#160));
#162=IFCRELDEFINESBYPROPERTIES('20Vpk1VlVEknCiaXuXH6aW',#6,$,$,(#155),#161);
#163=IFCPROPERTYSET('1uHfh8xO1R_0aAacuAmDIt',#6,'Pset_ColumnCommon',$,(#75,#76,#77));
#164=IFCPROPERTYSET('2rFF_9yOQ4yjok5vVgVYwT',#6,'Pset_EnvironmentalImpactIndicators',$,(#75));
#165=IFCPROPERTYSINGLEVALUE('Reference',$,IFCLABEL('H400X197'),$);
#166=IFCPROPERTYSET('11yxdT4XdMDYpoklma8mt7',#6,'Pset_ReinforcementBarPitchOfColumn',$,(#165));
#167=IFCRELDEFINESBYPROPERTIES('1GVdEjGZOSClVA75pqu$6X',#6,$,$,(#155),#163);
#168=IFCRELDEFINESBYPROPERTIES('2AEcTY1gmOG1XxR9G9ODuj',#6,$,$,(#155),#164);
#169=IFCRELDEFINESBYPROPERTIES('0gW3D$2JctDcgd4yDiO8R8',#6,$,$,(#155),#166);
#170=IFCMAPPEDITEM(#57,#60);
#171=IFCSHAPEREPRESENTATION(#15,'Body','MappedRepresentation',(#170));
#172=IFCPRODUCTDEFINITIONSHAPE($,$,(#171));
#173=IFCCARTESIANPOINT((1176.5565396175107,-6537.2191330917813,0.));
#174=IFCAXIS2PLACEMENT3D(#173,$,$);
#175=IFCLOCALPLACEMENT(#24,#174);
#176=IFCCOLUMN('34uPudEKLEGhDrW322PC$S',#6,'H-\X2\AE30B465\X0\:H400X197:369273',$,$,#175,#172,'369273',.COLUMN.);
#177=IFCQUANTITYLENGTH('Length',$,$,4000.0000000000005,$);
#178=IFCQUANTITYAREA('CrossSectionArea',$,$,0.025069806866402672,$);
#179=IFCQUANTITYAREA('OuterSurfaceArea',$,$,9.4089203070318064,$);
#180=IFCQUANTITYVOLUME('GrossVolume',$,$,0.10027922746561072,$);
#181=IFCQUANTITYVOLUME('NetVolume',$,$,0.10028195096770717,$);
#182=IFCELEMENTQUANTITY('0U5FfdNiV8cIcS7IQyXkud',#6,'Qto_ColumnBaseQuantities',$,$,(#177,#178,#179,#180,#181));
#183=IFCRELDEFINESBYPROPERTIES('2k$_19ch4oKzg_BLW$HLlJ',#6,$,$,(#176),#182);
#184=IFCPROPERTYSET('0rGHsffvTgWpDN7F1TX4O3',#6,'Pset_ColumnCommon',$,(#75,#76,#77));
#185=IFCPROPERTYSET('23ae3zvzU3OpxPKHZYYaF_',#6,'Pset_EnvironmentalImpactIndicators',$,(#75));
#186=IFCPROPERTYSINGLEVALUE('Reference',$,IFCLABEL('H400X197'),$);
#187=IFCPROPERTYSET('3hL7nGs_fuoKqmUsfqLACX',#6,'Pset_ReinforcementBarPitchOfColumn',$,(#186));
#188=IFCRELDEFINESBYPROPERTIES('3fMCNybAkgDeVebcY696Zn',#6,$,$,(#176),#184);
#189=IFCRELDEFINESBYPROPERTIES('2aW$6Sig6wdnudl9Q3UIYu',#6,$,$,(#176),#185);
#190=IFCRELDEFINESBYPROPERTIES('2xlZs5z$wQG9wi$M6l4Myf',#6,$,$,(#176),#187);
#191=IFCMAPPEDITEM(#57,#60);
#192=IFCSHAPEREPRESENTATION(#15,'Body','MappedRepresentation',(#191));
#193=IFCPRODUCTDEFINITIONSHAPE($,$,(#192));
#194=IFCCARTESIANPOINT((7176.5565396175107,-6537.2191330918004,0.));
#195=IFCAXIS2PLACEMENT3D(#194,$,$);
#196=IFCLOCALPLACEMENT(#24,#195);
#197=IFCCOLUMN('34uPudEKLEGhDrW322PCzx',#6,'H-\X2\AE30B465\X0\:H400X197:369374',$,$,#196,#193,'369374',.COLUMN.);
#198=IFCQUANTITYLENGTH('Length',$,$,4000.0000000000005,$);
#199=IFCQUANTITYAREA('CrossSectionArea',$,$,0.025069806866402672,$);
#200=IFCQUANTITYAREA('OuterSurfaceArea',$,$,9.4089203070318064,$);
#201=IFCQUANTITYVOLUME('GrossVolume',$,$,0.10027922746561072,$);
#202=IFCQUANTITYVOLUME('NetVolume',$,$,0.10028195096770717,$);
#203=IFCELEMENTQUANTITY('1zq1DdN_PzeS$SaUMQak3o',#6,'Qto_ColumnBaseQuantities',$,$,(#198,#199,#200,#201,#202));
#204=IFCRELDEFINESBYPROPERTIES('0kduz0tzHgFpOnsVhqUE28',#6,$,$,(#197),#203);
#205=IFCPROPERTYSET('3CAaWrnbZ3pXS_91oyjl$z',#6,'Pset_ColumnCommon',$,(#75,#76,#77));
#206=IFCPROPERTYSET('0UMeAfXEklUMDIoHY4pIDw',#6,'Pset_EnvironmentalImpactIndicators',$,(#75));
#207=IFCPROPERTYSINGLEVALUE('Reference',$,IFCLABEL('H400X197'),$);
#208=IFCPROPERTYSET('22gkC$Xb667pT$soF97Pff',#6,'Pset_ReinforcementBarPitchOfColumn',$,(#207));
#209=IFCRELDEFINESBYPROPERTIES('0Gll3ANBXXYkzigmJvk8qi',#6,$,$,(#197),#205);
#210=IFCRELDEFINESBYPROPERTIES('25nlLHS0zwCJ4ERzEl9Jaf',#6,$,$,(#197),#206);
#211=IFCRELDEFINESBYPROPERTIES('2Se0FJHeL_YOEu12$gWOn7',#6,$,$,(#197),#208);
#212=IFCMAPPEDITEM(#57,#60);
#213=IFCSHAPEREPRESENTATION(#15,'Body','MappedRepresentation',(#212));
#214=IFCPRODUCTDEFINITIONSHAPE($,$,(#213));
#215=IFCCARTESIANPOINT((7176.556539617518,-2537.2191330918004,0.));
#216=IFCAXIS2PLACEMENT3D(#215,$,$);
#217=IFCLOCALPLACEMENT(#24,#216);
#218=IFCCOLUMN('34uPudEKLEGhDrW322PCxc',#6,'H-\X2\AE30B465\X0\:H400X197:369475',$,$,#217,#214,'369475',.COLUMN.);
#219=IFCQUANTITYLENGTH('Length',$,$,4000.0000000000005,$);
#220=IFCQUANTITYAREA('CrossSectionArea',$,$,0.025069806866402672,$);
#221=IFCQUANTITYAREA('OuterSurfaceArea',$,$,9.4089203070318064,$);
#222=IFCQUANTITYVOLUME('GrossVolume',$,$,0.10027922746561072,$);
#223=IFCQUANTITYVOLUME('NetVolume',$,$,0.10028195096770717,$);
#224=IFCELEMENTQUANTITY('0TiV$Kkv1JdseWnYyPNZNY',#6,'Qto_ColumnBaseQuantities',$,$,(#219,#220,#221,#222,#223));
#225=IFCRELDEFINESBYPROPERTIES('1HbttRHYCF7pxiR9fa0Nds',#6,$,$,(#218),#224);
#226=IFCPROPERTYSET('2AJMm4dTNDWZ4$qaTm4VuW',#6,'Pset_ColumnCommon',$,(#75,#76,#77));
#227=IFCPROPERTYSET('13zzgdcTj2H2V1cQsIP3Wi',#6,'Pset_EnvironmentalImpactIndicators',$,(#75));
#228=IFCPROPERTYSINGLEVALUE('Reference',$,IFCLABEL('H400X197'),$);
#229=IFCPROPERTYSET('1y7eAbPe7viiANMqj0YtY6',#6,'Pset_ReinforcementBarPitchOfColumn',$,(#228));
#230=IFCRELDEFINESBYPROPERTIES('1B8rNlJF16rSRkMkQ$c6TH',#6,$,$,(#218),#226);
#231=IFCRELDEFINESBYPROPERTIES('10$dqOYxudEUSEGqW3AkSg',#6,$,$,(#218),#227);
#232=IFCRELDEFINESBYPROPERTIES('1XKRfFaBAcv7yx1p0uZ8DO',#6,$,$,(#218),#229);
#233=IFCMAPPEDITEM(#57,#60);
#234=IFCSHAPEREPRESENTATION(#15,'Body','MappedRepresentation',(#233));
#235=IFCPRODUCTDEFINITIONSHAPE($,$,(#234));
#236=IFCCARTESIANPOINT((7176.556539617528,3462.7808669082001,0.));
#237=IFCAXIS2PLACEMENT3D(#236,$,$);
#238=IFCLOCALPLACEMENT(#24,#237);
#239=IFCCOLUMN('34uPudEKLEGhDrW322PCun',#6,'H-\X2\AE30B465\X0\:H400X197:369556',$,$,#238,#235,'369556',.COLUMN.);
#240=IFCQUANTITYLENGTH('Length',$,$,4000.0000000000005,$);
#241=IFCQUANTITYAREA('CrossSectionArea',$,$,0.025069806866402672,$);
#242=IFCQUANTITYAREA('OuterSurfaceArea',$,$,9.4089203070318064,$);
#243=IFCQUANTITYVOLUME('GrossVolume',$,$,0.10027922746561072,$);
#244=IFCQUANTITYVOLUME('NetVolume',$,$,0.10028195096770717,$);
#245=IFCELEMENTQUANTITY('2y06yDvki36DLIURvJLp7j',#6,'Qto_ColumnBaseQuantities',$,$,(#240,#241,#242,#243,#244));
#246=IFCRELDEFINESBYPROPERTIES('3QKh2EKsHyzxt$XKSMYYgk',#6,$,$,(#239),#245);
#247=IFCPROPERTYSET('3xz0ZIBxDXRa2RR0y2QRqp',#6,'Pset_ColumnCommon',$,(#75,#76,#77));
#248=IFCPROPERTYSET('2Mj05_FG8RQ7jXw490Kjk7',#6,'Pset_EnvironmentalImpactIndicators',$,(#75));
#249=IFCPROPERTYSINGLEVALUE('Reference',$,IFCLABEL('H400X197'),$);
#250=IFCPROPERTYSET('1CLMSyXrSOhLww80mbu7gf',#6,'Pset_ReinforcementBarPitchOfColumn',$,(#249));
#251=IFCRELDEFINESBYPROPERTIES('0EmYG9oFqpoo8bZOTJ3eT_',#6,$,$,(#239),#247);
#252=IFCRELDEFINESBYPROPERTIES('1dYzwAXuzg7qtHVBbcqHv6',#6,$,$,(#239),#248);
#253=IFCRELDEFINESBYPROPERTIES('3Lc3bej_Z9fgK7t54Son1r',#6,$,$,(#239),#250);
#254=IFCMAPPEDITEM(#57,#60);
#255=IFCSHAPEREPRESENTATION(#15,'Body','MappedRepresentation',(#254));
#256=IFCPRODUCTDEFINITIONSHAPE($,$,(#255));
#257=IFCCARTESIANPOINT((7176.5565396175352,8462.7808669082006,0.));
#258=IFCAXIS2PLACEMENT3D(#257,$,$);
#259=IFCLOCALPLACEMENT(#24,#258);
#260=IFCCOLUMN('34uPudEKLEGhDrW322PCca',#6,'H-\X2\AE30B465\X0\:H400X197:369665',$,$,#259,#256,'369665',.COLUMN.);
#261=IFCQUANTITYLENGTH('Length',$,$,4000.0000000000005,$);
#262=IFCQUANTITYAREA('CrossSectionArea',$,$,0.025069806866402672,$);
#263=IFCQUANTITYAREA('OuterSurfaceArea',$,$,9.4089203070318064,$);
#264=IFCQUANTITYVOLUME('GrossVolume',$,$,0.10027922746561072,$);
#265=IFCQUANTITYVOLUME('NetVolume',$,$,0.10028195096770717,$);
#266=IFCELEMENTQUANTITY('3aquKZraRVgBMPyo_n6AAj',#6,'Qto_ColumnBaseQuantities',$,$,(#261,#262,#263,#264,#265));
#267=IFCRELDEFINESBYPROPERTIES('2mgo872KLqze9Q75Qzg8jA',#6,$,$,(#260),#266);
#268=IFCPROPERTYSET('3hy40_suvUTp3QOOuI3kc$',#6,'Pset_ColumnCommon',$,(#75,#76,#77));
#269=IFCPROPERTYSET('3$TXHUk4Dha99eg33R5j25',#6,'Pset_EnvironmentalImpactIndicators',$,(#75));
#270=IFCPROPERTYSINGLEVALUE('Reference',$,IFCLABEL('H400X197'),$);
#271=IFCPROPERTYSET('3$iSSqLs7STnOoa2lpYMAG',#6,'Pset_ReinforcementBarPitchOfColumn',$,(#270));
#272=IFCRELDEFINESBYPROPERTIES('2XivwnIWhFRprV2Qg6MBtJ',#6,$,$,(#260),#268);
#273=IFCRELDEFINESBYPROPERTIES('1HYjuBt5pkhMpMpUOVnF8i',#6,$,$,(#260),#269);
#274=IFCRELDEFINESBYPROPERTIES('3go1lDevIKRqENB5cCaLTT',#6,$,$,(#260),#271);
#275=IFCMAPPEDITEM(#57,#60);
#276=IFCSHAPEREPRESENTATION(#15,'Body','MappedRepresentation',(#275));
#277=IFCPRODUCTDEFINITIONSHAPE($,$,(#276));
#278=IFCCARTESIANPOINT((1176.5565396175346,8462.7808669082206,0.));
#279=IFCAXIS2PLACEMENT3D(#278,$,$);
#280=IFCLOCALPLACEMENT(#24,#279);
#281=IFCCOLUMN('34uPudEKLEGhDrW322PCdp',#6,'H-\X2\AE30B465\X0\:H400X197:369750',$,$,#280,#277,'369750',.COLUMN.);
#282=IFCQUANTITYLENGTH('Length',$,$,4000.0000000000005,$);
#283=IFCQUANTITYAREA('CrossSectionArea',$,$,0.025069806866402672,$);
#284=IFCQUANTITYAREA('OuterSurfaceArea',$,$,9.4089203070318064,$);
#285=IFCQUANTITYVOLUME('GrossVolume',$,$,0.10027922746561072,$);
#286=IFCQUANTITYVOLUME('NetVolume',$,$,0.10028195096770717,$);
#287=IFCELEMENTQUANTITY('0dvBEhTYY8pTllL4wHJBz2',#6,'Qto_ColumnBaseQuantities',$,$,(#282,#283,#284,#285,#286));
#288=IFCRELDEFINESBYPROPERTIES('3HmIwdW0cBnRwjfVNZcgho',#6,$,$,(#281),#287);
#289=IFCPROPERTYSET('0E_X3tpaaHQe76PbtCmlko',#6,'Pset_ColumnCommon',$,(#75,#76,#77));
#290=IFCPROPERTYSET('3cYGPctzUYXpcAe7lrTQj0',#6,'Pset_EnvironmentalImpactIndicators',$,(#75));
#291=IFCPROPERTYSINGLEVALUE('Reference',$,IFCLABEL('H400X197'),$);
#292=IFCPROPERTYSET('3aGPj0RJgk6ORfnotkgMIp',#6,'Pset_ReinforcementBarPitchOfColumn',$,(#291));
#293=IFCRELDEFINESBYPROPERTIES('3OptboqENNo7MvRQhhihj0',#6,$,$,(#281),#289);
#294=IFCRELDEFINESBYPROPERTIES('3nW0ql2OFhF6hRA84JQQaB',#6,$,$,(#281),#290);
#295=IFCRELDEFINESBYPROPERTIES('20IcJZrKAk6gZmULQpLFDj',#6,$,$,(#281),#292);
#296=IFCMAPPEDITEM(#57,#60);
#297=IFCSHAPEREPRESENTATION(#15,'Body','MappedRepresentation',(#296));
#298=IFCPRODUCTDEFINITIONSHAPE($,$,(#297));
#299=IFCCARTESIANPOINT((-5323.4434603824648,8462.7808669082424,0.));
#300=IFCAXIS2PLACEMENT3D(#299,$,$);
#301=IFCLOCALPLACEMENT(#24,#300);
#302=IFCCOLUMN('34uPudEKLEGhDrW322PCbM',#6,'H-\X2\AE30B465\X0\:H400X197:369907',$,$,#301,#298,'369907',.COLUMN.);
#303=IFCQUANTITYLENGTH('Length',$,$,4000.0000000000005,$);
#304=IFCQUANTITYAREA('CrossSectionArea',$,$,0.025069806866402672,$);
#305=IFCQUANTITYAREA('OuterSurfaceArea',$,$,9.4089203070318064,$);
#306=IFCQUANTITYVOLUME('GrossVolume',$,$,0.10027922746561072,$);
#307=IFCQUANTITYVOLUME('NetVolume',$,$,0.10028195096770717,$);
#308=IFCELEMENTQUANTITY('1afIrlAn$ypInPEjNT0g5j',#6,'Qto_ColumnBaseQuantities',$,$,(#303,#304,#305,#306,#307));
#309=IFCRELDEFINESBYPROPERTIES('2Sc8NbeS7n67bZXxfiXEpp',#6,$,$,(#302),#308);
#310=IFCPROPERTYSET('0YjQLS1WYv_NnVngQvdJYJ',#6,'Pset_ColumnCommon',$,(#75,#76,#77));
#311=IFCPROPERTYSET('2j9PjlLXMQhLDaaon8rtsm',#6,'Pset_EnvironmentalImpactIndicators',$,(#75));
#312=IFCPROPERTYSINGLEVALUE('Reference',$,IFCLABEL('H400X197'),$);
#313=IFCPROPERTYSET('16QbiL8ymHbkUhrapsduTd',#6,'Pset_ReinforcementBarPitchOfColumn',$,(#312));
#314=IFCRELDEFINESBYPROPERTIES('3_petHso$KF55HajpHnNb_',#6,$,$,(#302),#310);
#315=IFCRELDEFINESBYPROPERTIES('1Of$hSICX_MtPrhh_ADBhP',#6,$,$,(#302),#311);
#316=IFCRELDEFINESBYPROPERTIES('1WCD2ZWt7q02tJ9LZEgASM',#6,$,$,(#302),#313);
#317=IFCMAPPEDITEM(#57,#60);
#318=IFCSHAPEREPRESENTATION(#15,'Body','MappedRepresentation',(#317));
#319=IFCPRODUCTDEFINITIONSHAPE($,$,(#318));
#320=IFCCARTESIANPOINT((-5323.4434603824739,3462.7808669082406,0.));
#321=IFCAXIS2PLACEMENT3D(#320,$,$);
#322=IFCLOCALPLACEMENT(#24,#321);
#323=IFCCOLUMN('34uPudEKLEGhDrW322PCWp',#6,'H-\X2\AE30B465\X0\:H400X197:370070',$,$,#322,#319,'370070',.COLUMN.);
#324=IFCQUANTITYLENGTH('Length',$,$,4000.0000000000005,$);
#325=IFCQUANTITYAREA('CrossSectionArea',$,$,0.025069806866402672,$);
#326=IFCQUANTITYAREA('OuterSurfaceArea',$,$,9.4089203070318064,$);
#327=IFCQUANTITYVOLUME('GrossVolume',$,$,0.10027922746561072,$);
#328=IFCQUANTITYVOLUME('NetVolume',$,$,0.10028195096770717,$);
#329=IFCELEMENTQUANTITY('35YzpZmG4S9AUe15XoM6UI',#6,'Qto_ColumnBaseQuantities',$,$,(#324,#325,#326,#327,#328));
#330=IFCRELDEFINESBYPROPERTIES('3th7lD7UtQBfNk0iFmZufP',#6,$,$,(#323),#329);
#331=IFCPROPERTYSET('1j_tjtpu9LjEdcg5aNzkBT',#6,'Pset_ColumnCommon',$,(#75,#76,#77));
#332=IFCPROPERTYSET('2V5lviw$L66exmDoNWaBY6',#6,'Pset_EnvironmentalImpactIndicators',$,(#75));
#333=IFCPROPERTYSINGLEVALUE('Reference',$,IFCLABEL('H400X197'),$);
#334=IFCPROPERTYSET('1uKHgWeuaXizlJfTV17iOS',#6,'Pset_ReinforcementBarPitchOfColumn',$,(#333));
#335=IFCRELDEFINESBYPROPERTIES('0XTwG1hmvMPMNpvO9x7Bfn',#6,$,$,(#323),#331);
#336=IFCRELDEFINESBYPROPERTIES('3tQDzABCavMWM0ePToQZWw',#6,$,$,(#323),#332);
#337=IFCRELDEFINESBYPROPERTIES('1hTWUI8p5RnZ1o1fTQelpo',#6,$,$,(#323),#334);
#338=IFCMAPPEDITEM(#57,#60);
#339=IFCSHAPEREPRESENTATION(#15,'Body','MappedRepresentation',(#338));
#340=IFCPRODUCTDEFINITIONSHAPE($,$,(#339));
#341=IFCCARTESIANPOINT((1176.5565396175282,3462.7808669082197,0.));
#342=IFCAXIS2PLACEMENT3D(#341,$,$);
#343=IFCLOCALPLACEMENT(#24,#342);
#344=IFCCOLUMN('34uPudEKLEGhDrW322PCkA',#6,'H-\X2\AE30B465\X0\:H400X197:370223',$,$,#343,#340,'370223',.COLUMN.);
#345=IFCQUANTITYLENGTH('Length',$,$,4000.0000000000005,$);
#346=IFCQUANTITYAREA('CrossSectionArea',$,$,0.025069806866402672,$);
#347=IFCQUANTITYAREA('OuterSurfaceArea',$,$,9.4089203070318064,$);
#348=IFCQUANTITYVOLUME('GrossVolume',$,$,0.10027922746561072,$);
#349=IFCQUANTITYVOLUME('NetVolume',$,$,0.10028195096770717,$);
#350=IFCELEMENTQUANTITY('0TFH0G4v6uCkkRWil9GqCl',#6,'Qto_ColumnBaseQuantities',$,$,(#345,#346,#347,#348,#349));
#351=IFCRELDEFINESBYPROPERTIES('1ivQnGwXfip4qu37RVa7Qc',#6,$,$,(#344),#350);
#352=IFCPROPERTYSET('10_vZ$J06EUlrYzoKlQRqH',#6,'Pset_ColumnCommon',$,(#75,#76,#77));
#353=IFCPROPERTYSET('2mgcFVU2MDR09Cu0Y0vLBW',#6,'Pset_EnvironmentalImpactIndicators',$,(#75));
#354=IFCPROPERTYSINGLEVALUE('Reference',$,IFCLABEL('H400X197'),$);
#355=IFCPROPERTYSET('1zBAMqEA_j6CZc69lOoy8a',#6,'Pset_ReinforcementBarPitchOfColumn',$,(#354));
#356=IFCRELDEFINESBYPROPERTIES('0dEt6RaN7Qk_gMI_Rq2YFq',#6,$,$,(#344),#352);
#357=IFCRELDEFINESBYPROPERTIES('2Sz4NRghuN_ymN4EBUWBQ2',#6,$,$,(#344),#353);
#358=IFCRELDEFINESBYPROPERTIES('28Mqj4gUMSxx3DP4yQNOTk',#6,$,$,(#344),#355);
#359=IFCMAPPEDITEM(#57,#60);
#360=IFCSHAPEREPRESENTATION(#15,'Body','MappedRepresentation',(#359));
#361=IFCPRODUCTDEFINITIONSHAPE($,$,(#360));
#362=IFCCARTESIANPOINT((1176.556539617517,-2537.2191330917808,0.));
#363=IFCAXIS2PLACEMENT3D(#362,$,$);
#364=IFCLOCALPLACEMENT(#24,#363);
#365=IFCCOLUMN('34uPudEKLEGhDrW322PCi7',#6,'H-\X2\AE30B465\X0\:H400X197:370338',$,$,#364,#361,'370338',.COLUMN.);
#366=IFCQUANTITYLENGTH('Length',$,$,4000.0000000000005,$);
#367=IFCQUANTITYAREA('CrossSectionArea',$,$,0.025069806866402672,$);
#368=IFCQUANTITYAREA('OuterSurfaceArea',$,$,9.4089203070318064,$);
#369=IFCQUANTITYVOLUME('GrossVolume',$,$,0.10027922746561072,$);
#370=IFCQUANTITYVOLUME('NetVolume',$,$,0.10028195096770717,$);
#371=IFCELEMENTQUANTITY('17RVjFUILOXpOd62EIFivm',#6,'Qto_ColumnBaseQuantities',$,$,(#366,#367,#368,#369,#370));
#372=IFCRELDEFINESBYPROPERTIES('3vqGiqPFXTdzAKggot5WjY',#6,$,$,(#365),#371);
#373=IFCPROPERTYSET('1nGY_9F3CubJxiZXGMYBAU',#6,'Pset_ColumnCommon',$,(#75,#76,#77));
#374=IFCPROPERTYSET('3nRxey836AAzU5LDZASyxF',#6,'Pset_EnvironmentalImpactIndicators',$,(#75));
#375=IFCPROPERTYSINGLEVALUE('Reference',$,IFCLABEL('H400X197'),$);
#376=IFCPROPERTYSET('2vHsil4iRwj2IG6$1SpYaS',#6,'Pset_ReinforcementBarPitchOfColumn',$,(#375));
#377=IFCRELDEFINESBYPROPERTIES('3Ra$sDEtsh4sqXw91$MP$u',#6,$,$,(#365),#373);
#378=IFCRELDEFINESBYPROPERTIES('3mscnv6DKF7D9nJhN8cO9n',#6,$,$,(#365),#374);
#379=IFCRELDEFINESBYPROPERTIES('2r8zQapV9kWeA2CJJezGar',#6,$,$,(#365),#376);
#380=IFCMAPPEDITEM(#57,#60);
#381=IFCSHAPEREPRESENTATION(#15,'Body','MappedRepresentation',(#380));
#382=IFCPRODUCTDEFINITIONSHAPE($,$,(#381));
#383=IFCCARTESIANPOINT((-5323.443460382483,-2537.2191330917599,0.));
#384=IFCAXIS2PLACEMENT3D(#383,$,$);
#385=IFCLOCALPLACEMENT(#24,#384);
#386=IFCCOLUMN('34uPudEKLEGhDrW322PCgI',#6,'H-\X2\AE30B465\X0\:H400X197:370487',$,$,#385,#382,'370487',.COLUMN.);
#387=IFCQUANTITYLENGTH('Length',$,$,4000.0000000000005,$);
#388=IFCQUANTITYAREA('CrossSectionArea',$,$,0.025069806866402672,$);
#389=IFCQUANTITYAREA('OuterSurfaceArea',$,$,9.4089203070318064,$);
#390=IFCQUANTITYVOLUME('GrossVolume',$,$,0.10027922746561072,$);
#391=IFCQUANTITYVOLUME('NetVolume',$,$,0.10028195096770717,$);
#392=IFCELEMENTQUANTITY('0i$buEekcGFMBopQRgGifu',#6,'Qto_ColumnBaseQuantities',$,$,(#387,#388,#389,#390,#391));
#393=IFCRELDEFINESBYPROPERTIES('1TOY_x7KQQL_GMLmb3xTHU',#6,$,$,(#386),#392);
#394=IFCPROPERTYSET('0LwDj7ZQzY6pbAI_5lV73q',#6,'Pset_ColumnCommon',$,(#75,#76,#77));
#395=IFCPROPERTYSET('3DLVoLsozyKVx4ARvSUIYC',#6,'Pset_EnvironmentalImpactIndicators',$,(#75));
#396=IFCPROPERTYSINGLEVALUE('Reference',$,IFCLABEL('H400X197'),$);
#397=IFCPROPERTYSET('1B1PYQYKoMxmqR_0B2tEH5',#6,'Pset_ReinforcementBarPitchOfColumn',$,(#396));
#398=IFCRELDEFINESBYPROPERTIES('0J4Zl7rKoLYeTS4VGyl2cL',#6,$,$,(#386),#394);
#399=IFCRELDEFINESBYPROPERTIES('1OChaIC8vn2JJGl12zyKyT',#6,$,$,(#386),#395);
#400=IFCRELDEFINESBYPROPERTIES('3WlQlXsCnZzLG_iHutWg58',#6,$,$,(#386),#397);
#401=IFCCARTESIANPOINTLIST2D(((-125.00000000000014,-110.99999999999974),(-125.00000000000014,-125.00000000000055),(125.00000000000007,-125.00000000000055),(125.00000000000007,-110.99999999999974),(20.499999999999876,-110.99999999999974),(9.1862915010151909,-106.31370849898448),(4.4999999999999627,-94.999999999999787),(4.4999999999999618,95.000000000000099),(9.1862915010151696,106.31370849898487),(20.499999999999989,111.00000000000014),(125.00000000000007,111.00000000000014),(125.00000000000007,124.9999999999994),(-124.99999999999963,124.9999999999994),(-124.99999999999963,111.00000000000014),(-20.499999999999975,111.00000000000011),(-9.1862915010152584,106.31370849898479),(-4.5000000000001199,95.000000000000128),(-4.5000000000001199,-94.999999999999787),(-9.1862915010154129,-106.31370849898455),(-20.500000000000082,-110.99999999999974)));
#402=IFCINDEXEDPOLYCURVE(#401,(IFCLINEINDEX((1,2,3,4,5)),IFCARCINDEX((5,6,7)),IFCLINEINDEX((7,8)),IFCARCINDEX((8,9,10)),IFCLINEINDEX((10,11,12,13,14,15)),IFCARCINDEX((15,16,17)),IFCLINEINDEX((17,18)),IFCARCINDEX((18,19,20)),IFCLINEINDEX((20,1))),.F.);
#403=IFCARBITRARYCLOSEDPROFILEDEF(.AREA.,'H250X72.4',#402);
#404=IFCCARTESIANPOINT((-8283.,-0.,-0.));
#405=IFCDIRECTION((0.,-1.,0.));
#406=IFCAXIS2PLACEMENT3D(#404,#44,#405);
#407=IFCDIRECTION((0.,0.,-1.));
#408=IFCEXTRUDEDAREASOLID(#403,#406,#407,16566.000000000004);
#409=IFCSTYLEDITEM(#408,(#53),$);
#410=IFCSHAPEREPRESENTATION(#15,'Body','SweptSolid',(#408));
#411=IFCCARTESIANPOINTLIST3D(((-8704.,0.,-125.00000000000352),(8704.0000000000018,0.,-125.00000000000352)));
#412=IFCINDEXEDPOLYCURVE(#411,$,.F.);
#413=IFCSHAPEREPRESENTATION(#14,'Axis','Curve3D',(#412));
#414=IFCAXIS2PLACEMENT3D(#10,$,$);
#415=IFCREPRESENTATIONMAP(#414,#410);
#416=IFCAXIS2PLACEMENT3D(#10,$,$);
#417=IFCREPRESENTATIONMAP(#416,#413);
#418=IFCBEAMTYPE('34uPudEKLEGhDrW322PC9B',#6,'H-\X2\BCF4\X0\:H250X72.4',$,$,(#448),(#415,#417),'372090',$,.BEAM.);
#419=IFCMAPPEDITEM(#415,#60);
#420=IFCSHAPEREPRESENTATION(#15,'Body','MappedRepresentation',(#419));
#421=IFCMAPPEDITEM(#417,#60);
#422=IFCSHAPEREPRESENTATION(#14,'Axis','MappedRepresentation',(#421));
#423=IFCPRODUCTDEFINITIONSHAPE($,$,(#420,#422));
#424=IFCCARTESIANPOINT((-1323.4434603824645,8462.7808669082278,125.));
#425=IFCAXIS2PLACEMENT3D(#424,$,$);
#426=IFCLOCALPLACEMENT(#28,#425);
#427=IFCBEAM('34uPudEKLEGhDrW322PC9E',#6,'H-\X2\BCF4\X0\:H250X72.4:372715',$,$,#426,#423,'372715',.BEAM.);
#428=IFCPROPERTYSINGLEVALUE('Reference',$,IFCIDENTIFIER('H250X72.4'),$);
#429=IFCPROPERTYSINGLEVALUE('Span',$,IFCPOSITIVELENGTHMEASURE(17408.),$);
#430=IFCPROPERTYSINGLEVALUE('Slope',$,IFCPLANEANGLEMEASURE(0.),$);
#431=IFCPROPERTYSINGLEVALUE('Roll',$,IFCPLANEANGLEMEASURE(0.),$);
#432=IFCPROPERTYSET('26jo5$eOdt4SrBzOcqxzaL',#6,'Pset_BeamCommon',$,(#76,#77,#428,#429,#430,#431));
#433=IFCPROPERTYSET('0lNgX09IUN8982GGzUlHZQ',#6,'Pset_EnvironmentalImpactIndicators',$,(#428));
#434=IFCPROPERTYSINGLEVALUE('Reference',$,IFCLABEL('H250X72.4'),$);
#435=IFCPROPERTYSET('3y$2n1nrYfz8sACRiggjGz',#6,'Pset_ReinforcementBarPitchOfBeam',$,(#434));
#436=IFCRELDEFINESBYPROPERTIES('2pHMIWVWV8xnWWDHbGgGHu',#6,$,$,(#427),#432);
#437=IFCRELDEFINESBYPROPERTIES('1E8B10tkRU1OX7opQ58BaU',#6,$,$,(#427),#433);
#438=IFCRELDEFINESBYPROPERTIES('2Xy8rjy63Cv1sFJ5n1mpfz',#6,$,$,(#427),#435);
#439=IFCQUANTITYLENGTH('Length','',$,16566.000000000004,$);
#440=IFCQUANTITYAREA('CrossSectionArea','',$,0.0092179206791775173,$);
#441=IFCQUANTITYAREA('OuterSurfaceArea','',$,24.095759964779788,$);
#442=IFCQUANTITYAREA('GrossSurfaceArea','',$,24.114195806138142,$);
#443=IFCQUANTITYAREA('NetSurfaceArea','',$,24.114195806138145,$);
#444=IFCQUANTITYVOLUME('GrossVolume','',$,0.15270407397125479,$);
#445=IFCQUANTITYVOLUME('NetVolume','',$,0.15270180773009109,$);
#446=IFCELEMENTQUANTITY('08SI_hiXFSNzfaD5XcEpFP',#6,'Qto_BeamBaseQuantities',$,$,(#439,#440,#441,#442,#443,#444,#445));
#447=IFCRELDEFINESBYPROPERTIES('0L2dIB4Rr5nmzZsxAOCxEN',#6,$,$,(#427),#446);
#448=IFCPROPERTYSET('0r7IXMaM7IGdD92tnZzw5M',#6,'Pset_BeamCommon',$,(#77));
#449=IFCCARTESIANPOINTLIST2D(((-125.00000000000014,-110.99999999999974),(-125.00000000000014,-125.00000000000055),(125.00000000000007,-125.00000000000055),(125.00000000000007,-110.99999999999974),(20.499999999999876,-110.99999999999974),(9.1862915010151909,-106.31370849898448),(4.4999999999999627,-94.999999999999787),(4.4999999999999618,95.000000000000099),(9.1862915010151696,106.31370849898487),(20.499999999999989,111.00000000000014),(125.00000000000007,111.00000000000014),(125.00000000000007,124.9999999999994),(-124.99999999999963,124.9999999999994),(-124.99999999999963,111.00000000000014),(-20.499999999999975,111.00000000000011),(-9.1862915010152584,106.31370849898479),(-4.5000000000001199,95.000000000000128),(-4.5000000000001199,-94.999999999999787),(-9.1862915010154129,-106.31370849898455),(-20.500000000000082,-110.99999999999974)));
#450=IFCINDEXEDPOLYCURVE(#449,(IFCLINEINDEX((1,2,3,4,5)),IFCARCINDEX((5,6,7)),IFCLINEINDEX((7,8)),IFCARCINDEX((8,9,10)),IFCLINEINDEX((10,11,12,13,14,15)),IFCARCINDEX((15,16,17)),IFCLINEINDEX((17,18)),IFCARCINDEX((18,19,20)),IFCLINEINDEX((20,1))),.F.);
#451=IFCARBITRARYCLOSEDPROFILEDEF(.AREA.,'H250X72.4',#450);
#452=IFCCARTESIANPOINT((-7287.,-0.,-0.));
#453=IFCAXIS2PLACEMENT3D(#452,#44,#405);
#454=IFCEXTRUDEDAREASOLID(#451,#453,#407,14574.);
#455=IFCSTYLEDITEM(#454,(#53),$);
#456=IFCSHAPEREPRESENTATION(#15,'Body','SweptSolid',(#454));
#457=IFCCARTESIANPOINTLIST3D(((-7700.0000000000009,-2.1540971161161164E-012,-125.00000000000352),(7700.0000000000009,-2.1540971161161164E-012,-125.00000000000352)));
#458=IFCINDEXEDPOLYCURVE(#457,$,.F.);
#459=IFCSHAPEREPRESENTATION(#14,'Axis','Curve3D',(#458));
#460=IFCAXIS2PLACEMENT3D(#10,$,$);
#461=IFCREPRESENTATIONMAP(#460,#456);
#462=IFCAXIS2PLACEMENT3D(#10,$,$);
#463=IFCREPRESENTATIONMAP(#462,#459);
#464=IFCBEAMTYPE('34uPudEKLEGhDrW322PDss',#6,'H-\X2\BCF4\X0\:H250X72.4',$,$,(#491),(#461,#463),'372090',$,.BEAM.);
#465=IFCMAPPEDITEM(#461,#60);
#466=IFCSHAPEREPRESENTATION(#15,'Body','MappedRepresentation',(#465));
#467=IFCMAPPEDITEM(#463,#60);
#468=IFCSHAPEREPRESENTATION(#14,'Axis','MappedRepresentation',(#467));
#469=IFCPRODUCTDEFINITIONSHAPE($,$,(#466,#468));
#470=IFCCARTESIANPOINT((-9823.4434603824757,962.78086690825512,125.));
#471=IFCAXIS2PLACEMENT3D(#470,#43,#405);
#472=IFCLOCALPLACEMENT(#28,#471);
#473=IFCBEAM('34uPudEKLEGhDrW322PDsr',#6,'H-\X2\BCF4\X0\:H250X72.4:372752',$,$,#472,#469,'372752',.BEAM.);
#474=IFCPROPERTYSINGLEVALUE('Span',$,IFCPOSITIVELENGTHMEASURE(15400.),$);
#475=IFCPROPERTYSET('31tp2fEK9nhoh0erusSWRS',#6,'Pset_BeamCommon',$,(#76,#77,#428,#430,#431,#474));
#476=IFCPROPERTYSET('2N7lnkJjlB2PF1WNdEXqe8',#6,'Pset_EnvironmentalImpactIndicators',$,(#428));
#477=IFCPROPERTYSINGLEVALUE('Reference',$,IFCLABEL('H250X72.4'),$);
#478=IFCPROPERTYSET('2qpe$e0mLdAV1ifvvR0TfN',#6,'Pset_ReinforcementBarPitchOfBeam',$,(#477));
#479=IFCRELDEFINESBYPROPERTIES('2Hfn2UIoYAasSj_AsW0b5m',#6,$,$,(#473),#475);
#480=IFCRELDEFINESBYPROPERTIES('18vWA45KcDSqQB6LHBkabx',#6,$,$,(#473),#476);
#481=IFCRELDEFINESBYPROPERTIES('3zztD5uTTxkdAylpLFc972',#6,$,$,(#473),#478);
#482=IFCQUANTITYLENGTH('Length','',$,14574.,$);
#483=IFCQUANTITYAREA('CrossSectionArea','',$,0.0092179206791775173,$);
#484=IFCQUANTITYAREA('OuterSurfaceArea','',$,21.198334282669357,$);
#485=IFCQUANTITYAREA('GrossSurfaceArea','',$,21.216770124027711,$);
#486=IFCQUANTITYAREA('NetSurfaceArea','',$,21.216770124027708,$);
#487=IFCQUANTITYVOLUME('GrossVolume','',$,0.13434197597833314,$);
#488=IFCQUANTITYVOLUME('NetVolume','',$,0.13433998224425633,$);
#489=IFCELEMENTQUANTITY('2d02yX1S19xdj8E9GkSDgC',#6,'Qto_BeamBaseQuantities',$,$,(#482,#483,#484,#485,#486,#487,#488));
#490=IFCRELDEFINESBYPROPERTIES('2VCtB8BX5p4zrF6BcyvHY0',#6,$,$,(#473),#489);
#491=IFCPROPERTYSET('04z9YaqBE4ehFyZtSol5XA',#6,'Pset_BeamCommon',$,(#77));
#492=IFCCARTESIANPOINTLIST2D(((-125.00000000000014,-110.99999999999974),(-125.00000000000014,-125.00000000000055),(125.00000000000007,-125.00000000000055),(125.00000000000007,-110.99999999999974),(20.499999999999876,-110.99999999999974),(9.1862915010151909,-106.31370849898448),(4.4999999999999627,-94.999999999999787),(4.4999999999999618,95.000000000000099),(9.1862915010151696,106.31370849898487),(20.499999999999989,111.00000000000014),(125.00000000000007,111.00000000000014),(125.00000000000007,124.9999999999994),(-124.99999999999963,124.9999999999994),(-124.99999999999963,111.00000000000014),(-20.499999999999975,111.00000000000011),(-9.1862915010152584,106.31370849898479),(-4.5000000000001199,95.000000000000128),(-4.5000000000001199,-94.999999999999787),(-9.1862915010154129,-106.31370849898455),(-20.500000000000082,-110.99999999999974)));
#493=IFCINDEXEDPOLYCURVE(#492,(IFCLINEINDEX((1,2,3,4,5)),IFCARCINDEX((5,6,7)),IFCLINEINDEX((7,8)),IFCARCINDEX((8,9,10)),IFCLINEINDEX((10,11,12,13,14,15)),IFCARCINDEX((15,16,17)),IFCLINEINDEX((17,18)),IFCARCINDEX((18,19,20)),IFCLINEINDEX((20,1))),.F.);
#494=IFCARBITRARYCLOSEDPROFILEDEF(.AREA.,'H250X72.4',#493);
#495=IFCCARTESIANPOINT((-8285.,-0.,-0.));
#496=IFCAXIS2PLACEMENT3D(#495,#44,#405);
#497=IFCEXTRUDEDAREASOLID(#494,#496,#407,16566.);
#498=IFCSTYLEDITEM(#497,(#53),$);
#499=IFCSHAPEREPRESENTATION(#15,'Body','SweptSolid',(#497));
#500=IFCCARTESIANPOINTLIST3D(((-8701.9999999999982,0.,-125.00000000000352),(8702.0000000000018,0.,-125.00000000000352)));
#501=IFCINDEXEDPOLYCURVE(#500,$,.F.);
#502=IFCSHAPEREPRESENTATION(#14,'Axis','Curve3D',(#501));
#503=IFCAXIS2PLACEMENT3D(#10,$,$);
#504=IFCREPRESENTATIONMAP(#503,#499);
#505=IFCAXIS2PLACEMENT3D(#10,$,$);
#506=IFCREPRESENTATIONMAP(#505,#502);
#507=IFCBEAMTYPE('34uPudEKLEGhDrW322PDsU',#6,'H-\X2\BCF4\X0\:H250X72.4',$,$,(#534),(#504,#506),'372090',$,.BEAM.);
#508=IFCMAPPEDITEM(#504,#60);
#509=IFCSHAPEREPRESENTATION(#15,'Body','MappedRepresentation',(#508));
#510=IFCMAPPEDITEM(#506,#60);
#511=IFCSHAPEREPRESENTATION(#14,'Axis','MappedRepresentation',(#510));
#512=IFCPRODUCTDEFINITIONSHAPE($,$,(#509,#511));
#513=IFCCARTESIANPOINT((-1321.4434603824877,-6537.2191330917876,125.));
#514=IFCAXIS2PLACEMENT3D(#513,$,$);
#515=IFCLOCALPLACEMENT(#28,#514);
#516=IFCBEAM('34uPudEKLEGhDrW322PDsT',#6,'H-\X2\BCF4\X0\:H250X72.4:372792',$,$,#515,#512,'372792',.BEAM.);
#517=IFCPROPERTYSINGLEVALUE('Span',$,IFCPOSITIVELENGTHMEASURE(17404.),$);
#518=IFCPROPERTYSET('0uvRGQeQOP_Kr4iRpmfncf',#6,'Pset_BeamCommon',$,(#76,#77,#428,#430,#431,#517));
#519=IFCPROPERTYSET('0q3xZlyWzzg3VoaWeocQ$_',#6,'Pset_EnvironmentalImpactIndicators',$,(#428));
#520=IFCPROPERTYSINGLEVALUE('Reference',$,IFCLABEL('H250X72.4'),$);
#521=IFCPROPERTYSET('0HAwpwBNJeBCveq58J8cs2',#6,'Pset_ReinforcementBarPitchOfBeam',$,(#520));
#522=IFCRELDEFINESBYPROPERTIES('18jlh8mNkteNafvT9e5BE0',#6,$,$,(#516),#518);
#523=IFCRELDEFINESBYPROPERTIES('2w0JK8SdkTmTyyjwnv3QjD',#6,$,$,(#516),#519);
#524=IFCRELDEFINESBYPROPERTIES('0$xMYInH$OMXbLz884rH_c',#6,$,$,(#516),#521);
#525=IFCQUANTITYLENGTH('Length','',$,16566.,$);
#526=IFCQUANTITYAREA('CrossSectionArea','',$,0.0092179206791775173,$);
#527=IFCQUANTITYAREA('OuterSurfaceArea','',$,24.095759964779784,$);
#528=IFCQUANTITYAREA('GrossSurfaceArea','',$,24.114195806138138,$);
#529=IFCQUANTITYAREA('NetSurfaceArea','',$,24.114195806138138,$);
#530=IFCQUANTITYVOLUME('GrossVolume','',$,0.15270407397125477,$);
#531=IFCQUANTITYVOLUME('NetVolume','',$,0.15270180773009109,$);
#532=IFCELEMENTQUANTITY('0KGWD6V6wJRWPxJQMF9L8f',#6,'Qto_BeamBaseQuantities',$,$,(#525,#526,#527,#528,#529,#530,#531));
#533=IFCRELDEFINESBYPROPERTIES('1$g2ggIl2w2HbtLoJ5OZTK',#6,$,$,(#516),#532);
#534=IFCPROPERTYSET('2uokboG9nmNam6K6qwcnCG',#6,'Pset_BeamCommon',$,(#77));
#535=IFCMAPPEDITEM(#461,#60);
#536=IFCSHAPEREPRESENTATION(#15,'Body','MappedRepresentation',(#535));
#537=IFCMAPPEDITEM(#463,#60);
#538=IFCSHAPEREPRESENTATION(#14,'Axis','MappedRepresentation',(#537));
#539=IFCPRODUCTDEFINITIONSHAPE($,$,(#536,#538));
#540=IFCCARTESIANPOINT((7176.5565396175198,962.78086690819987,125.));
#541=IFCDIRECTION((0.,1.,0.));
#542=IFCAXIS2PLACEMENT3D(#540,#43,#541);
#543=IFCLOCALPLACEMENT(#28,#542);
#544=IFCBEAM('34uPudEKLEGhDrW322PDtZ',#6,'H-\X2\BCF4\X0\:H250X72.4:372806',$,$,#543,#539,'372806',.BEAM.);
#545=IFCPROPERTYSET('1xVAjPOTkGIN_FkP5InmK$',#6,'Pset_BeamCommon',$,(#76,#77,#428,#430,#431,#474));
#546=IFCPROPERTYSET('0TBMjQOape5pQXIbI3UkQy',#6,'Pset_EnvironmentalImpactIndicators',$,(#428));
#547=IFCPROPERTYSINGLEVALUE('Reference',$,IFCLABEL('H250X72.4'),$);
#548=IFCPROPERTYSET('0BBxgHEAml95WWcaXq0ZGq',#6,'Pset_ReinforcementBarPitchOfBeam',$,(#547));
#549=IFCRELDEFINESBYPROPERTIES('1TRSq0cRcq7J7B78cIIKgB',#6,$,$,(#544),#545);
#550=IFCRELDEFINESBYPROPERTIES('0aMfchcmaXBm6jacHyV$uB',#6,$,$,(#544),#546);
#551=IFCRELDEFINESBYPROPERTIES('2oEcazMUPMHMrnQmCBT2AU',#6,$,$,(#544),#548);
#552=IFCQUANTITYLENGTH('Length','',$,14574.,$);
#553=IFCQUANTITYAREA('CrossSectionArea','',$,0.0092179206791775173,$);
#554=IFCQUANTITYAREA('OuterSurfaceArea','',$,21.198334282669357,$);
#555=IFCQUANTITYAREA('GrossSurfaceArea','',$,21.216770124027711,$);
#556=IFCQUANTITYAREA('NetSurfaceArea','',$,21.216770124027708,$);
#557=IFCQUANTITYVOLUME('GrossVolume','',$,0.13434197597833314,$);
#558=IFCQUANTITYVOLUME('NetVolume','',$,0.13433998224425617,$);
#559=IFCELEMENTQUANTITY('0bxlV6aQFdKeHaxzx83glG',#6,'Qto_BeamBaseQuantities',$,$,(#552,#553,#554,#555,#556,#557,#558));
#560=IFCRELDEFINESBYPROPERTIES('0iCoRnPSeodbg$cBF$pIOB',#6,$,$,(#544),#559);
#561=IFCMAPPEDITEM(#415,#60);
#562=IFCSHAPEREPRESENTATION(#15,'Body','MappedRepresentation',(#561));
#563=IFCMAPPEDITEM(#417,#60);
#564=IFCSHAPEREPRESENTATION(#14,'Axis','MappedRepresentation',(#563));
#565=IFCPRODUCTDEFINITIONSHAPE($,$,(#562,#564));
#566=IFCCARTESIANPOINT((-1323.4434603824711,3462.7808669082269,125.));
#567=IFCAXIS2PLACEMENT3D(#566,$,$);
#568=IFCLOCALPLACEMENT(#28,#567);
#569=IFCBEAM('34uPudEKLEGhDrW322PDqM',#6,'H-\X2\BCF4\X0\:H250X72.4:372915',$,$,#568,#565,'372915',.BEAM.);
#570=IFCPROPERTYSINGLEVALUE('Span',$,IFCPOSITIVELENGTHMEASURE(17408.),$);
#571=IFCPROPERTYSET('1i5cL5iEg$jrJ7JMaLPhGp',#6,'Pset_BeamCommon',$,(#76,#77,#428,#430,#431,#570));
#572=IFCPROPERTYSET('0y58RWlArDep0f7VmoNYaY',#6,'Pset_EnvironmentalImpactIndicators',$,(#428));
#573=IFCPROPERTYSINGLEVALUE('Reference',$,IFCLABEL('H250X72.4'),$);
#574=IFCPROPERTYSET('2f6q4bROPE_rfU2$KPww1n',#6,'Pset_ReinforcementBarPitchOfBeam',$,(#573));
#575=IFCRELDEFINESBYPROPERTIES('2nSWdGfeF62W_1iVMEpodk',#6,$,$,(#569),#571);
#576=IFCRELDEFINESBYPROPERTIES('1M$4senGlOjJrwVcY6Pgub',#6,$,$,(#569),#572);
#577=IFCRELDEFINESBYPROPERTIES('0T2BRRucPU1NKQoD1V7N82',#6,$,$,(#569),#574);
#578=IFCQUANTITYLENGTH('Length','',$,16566.000000000004,$);
#579=IFCQUANTITYAREA('CrossSectionArea','',$,0.0092179206791775173,$);
#580=IFCQUANTITYAREA('OuterSurfaceArea','',$,24.095759964779788,$);
#581=IFCQUANTITYAREA('GrossSurfaceArea','',$,24.114195806138142,$);
#582=IFCQUANTITYAREA('NetSurfaceArea','',$,24.114195806138145,$);
#583=IFCQUANTITYVOLUME('GrossVolume','',$,0.15270407397125479,$);
#584=IFCQUANTITYVOLUME('NetVolume','',$,0.15270180773009032,$);
#585=IFCELEMENTQUANTITY('1SoCoiJKv6NLerzFa1m7ZC',#6,'Qto_BeamBaseQuantities',$,$,(#578,#579,#580,#581,#582,#583,#584));
#586=IFCRELDEFINESBYPROPERTIES('3RK$sE9gNlB4u8x4ujUnwX',#6,$,$,(#569),#585);
#587=IFCMAPPEDITEM(#415,#60);
#588=IFCSHAPEREPRESENTATION(#15,'Body','MappedRepresentation',(#587));
#589=IFCMAPPEDITEM(#417,#60);
#590=IFCSHAPEREPRESENTATION(#14,'Axis','MappedRepresentation',(#589));
#591=IFCPRODUCTDEFINITIONSHAPE($,$,(#588,#590));
#592=IFCCARTESIANPOINT((-1323.4434603824818,-2537.2191330917731,125.));
#593=IFCAXIS2PLACEMENT3D(#592,$,$);
#594=IFCLOCALPLACEMENT(#28,#593);
#595=IFCBEAM('34uPudEKLEGhDrW322PDr$',#6,'H-\X2\BCF4\X0\:H250X72.4:372954',$,$,#594,#591,'372954',.BEAM.);
#596=IFCPROPERTYSINGLEVALUE('Span',$,IFCPOSITIVELENGTHMEASURE(17408.),$);
#597=IFCPROPERTYSET('3lKw6fMRKpZxT09A1w35Vw',#6,'Pset_BeamCommon',$,(#76,#77,#428,#430,#431,#596));
#598=IFCPROPERTYSET('2adHCHiJybNPMJONewafse',#6,'Pset_EnvironmentalImpactIndicators',$,(#428));
#599=IFCPROPERTYSINGLEVALUE('Reference',$,IFCLABEL('H250X72.4'),$);
#600=IFCPROPERTYSET('2TYgOP5DK4cHsoGUTUC1sl',#6,'Pset_ReinforcementBarPitchOfBeam',$,(#599));
#601=IFCRELDEFINESBYPROPERTIES('2TzPmvQYYYtvhKvVRCLQC1',#6,$,$,(#595),#597);
#602=IFCRELDEFINESBYPROPERTIES('0luP$KIQt3UjKI4dvZZof2',#6,$,$,(#595),#598);
#603=IFCRELDEFINESBYPROPERTIES('0HdkO9UEn7VqCbxpWVxup4',#6,$,$,(#595),#600);
#604=IFCQUANTITYLENGTH('Length','',$,16566.000000000004,$);
#605=IFCQUANTITYAREA('CrossSectionArea','',$,0.0092179206791775173,$);
#606=IFCQUANTITYAREA('OuterSurfaceArea','',$,24.095759964779788,$);
#607=IFCQUANTITYAREA('GrossSurfaceArea','',$,24.114195806138142,$);
#608=IFCQUANTITYAREA('NetSurfaceArea','',$,24.114195806138145,$);
#609=IFCQUANTITYVOLUME('GrossVolume','',$,0.15270407397125479,$);
#610=IFCQUANTITYVOLUME('NetVolume','',$,0.15270180773009032,$);
#611=IFCELEMENTQUANTITY('22mHb7BFPmZrtkeUudDPKU',#6,'Qto_BeamBaseQuantities',$,$,(#604,#605,#606,#607,#608,#609,#610));
#612=IFCRELDEFINESBYPROPERTIES('0v90gXveDGOu3bIa_8t8BS',#6,$,$,(#595),#611);
#613=IFCMAPPEDITEM(#415,#60);
#614=IFCSHAPEREPRESENTATION(#15,'Body','MappedRepresentation',(#613));
#615=IFCMAPPEDITEM(#417,#60);
#616=IFCSHAPEREPRESENTATION(#14,'Axis','MappedRepresentation',(#615));
#617=IFCPRODUCTDEFINITIONSHAPE($,$,(#614,#616));
#618=IFCCARTESIANPOINT((-1323.4434603824884,-6537.219133091774,125.));
#619=IFCAXIS2PLACEMENT3D(#618,$,$);
#620=IFCLOCALPLACEMENT(#28,#619);
#621=IFCBEAM('34uPudEKLEGhDrW322PDoZ',#6,'H-\X2\BCF4\X0\:H250X72.4:372998',$,$,#620,#617,'372998',.BEAM.);
#622=IFCPROPERTYSINGLEVALUE('Span',$,IFCPOSITIVELENGTHMEASURE(17408.),$);
#623=IFCPROPERTYSET('2U3de95HUxQqwCrD7JKyUk',#6,'Pset_BeamCommon',$,(#76,#77,#428,#430,#431,#622));
#624=IFCPROPERTYSET('27QnyUyaEAT74B7_xOn4jL',#6,'Pset_EnvironmentalImpactIndicators',$,(#428));
#625=IFCPROPERTYSINGLEVALUE('Reference',$,IFCLABEL('H250X72.4'),$);
#626=IFCPROPERTYSET('3Rcloh3C4ORBpNwWo_dPb8',#6,'Pset_ReinforcementBarPitchOfBeam',$,(#625));
#627=IFCRELDEFINESBYPROPERTIES('2Xh1FrUJ30D_eKgen0iWAQ',#6,$,$,(#621),#623);
#628=IFCRELDEFINESBYPROPERTIES('2OzEZPZ1VjoKfusmZ1Y2vE',#6,$,$,(#621),#624);
#629=IFCRELDEFINESBYPROPERTIES('2o5SPw$B1AvkVCLnwr4tHP',#6,$,$,(#621),#626);
#630=IFCQUANTITYLENGTH('Length','',$,16566.000000000004,$);
#631=IFCQUANTITYAREA('CrossSectionArea','',$,0.0092179206791775173,$);
#632=IFCQUANTITYAREA('OuterSurfaceArea','',$,24.095759964779788,$);
#633=IFCQUANTITYAREA('GrossSurfaceArea','',$,24.114195806138142,$);
#634=IFCQUANTITYAREA('NetSurfaceArea','',$,24.114195806138145,$);
#635=IFCQUANTITYVOLUME('GrossVolume','',$,0.15270407397125479,$);
#636=IFCQUANTITYVOLUME('NetVolume','',$,0.15270180773009109,$);
#637=IFCELEMENTQUANTITY('3ACvFrQmr4uxPYMYPUvpKX',#6,'Qto_BeamBaseQuantities',$,$,(#630,#631,#632,#633,#634,#635,#636));
#638=IFCRELDEFINESBYPROPERTIES('3jnjesjPvCkoZvj$WxKsck',#6,$,$,(#621),#637);
#639=IFCMAPPEDITEM(#461,#60);
#640=IFCSHAPEREPRESENTATION(#15,'Body','MappedRepresentation',(#639));
#641=IFCMAPPEDITEM(#463,#60);
#642=IFCSHAPEREPRESENTATION(#14,'Axis','MappedRepresentation',(#641));
#643=IFCPRODUCTDEFINITIONSHAPE($,$,(#640,#642));
#644=IFCCARTESIANPOINT((-5323.4434603824775,962.78086690824102,125.));
#645=IFCAXIS2PLACEMENT3D(#644,#43,#541);
#646=IFCLOCALPLACEMENT(#28,#645);
#647=IFCBEAM('34uPudEKLEGhDrW322PDoT',#6,'H-\X2\BCF4\X0\:H250X72.4:373048',$,$,#646,#643,'373048',.BEAM.);
#648=IFCPROPERTYSET('3QK6cY49O_uIT3zQwcJkfo',#6,'Pset_BeamCommon',$,(#76,#77,#428,#430,#431,#474));
#649=IFCPROPERTYSET('11FFwDh8xfHJgBaTl8rTC4',#6,'Pset_EnvironmentalImpactIndicators',$,(#428));
#650=IFCPROPERTYSINGLEVALUE('Reference',$,IFCLABEL('H250X72.4'),$);
#651=IFCPROPERTYSET('2mBb6ciZXrt$hvpHiqbZOB',#6,'Pset_ReinforcementBarPitchOfBeam',$,(#650));
#652=IFCRELDEFINESBYPROPERTIES('2q23Yg7DJnCfJY7HieT8lN',#6,$,$,(#647),#648);
#653=IFCRELDEFINESBYPROPERTIES('0CuTVxWrpqfHZzOZcQpUKf',#6,$,$,(#647),#649);
#654=IFCRELDEFINESBYPROPERTIES('3v5vjrTStxAZeLvhqWn7U6',#6,$,$,(#647),#651);
#655=IFCQUANTITYLENGTH('Length','',$,14574.,$);
#656=IFCQUANTITYAREA('CrossSectionArea','',$,0.0092179206791775173,$);
#657=IFCQUANTITYAREA('OuterSurfaceArea','',$,21.198334282669357,$);
#658=IFCQUANTITYAREA('GrossSurfaceArea','',$,21.216770124027711,$);
#659=IFCQUANTITYAREA('NetSurfaceArea','',$,21.216770124027708,$);
#660=IFCQUANTITYVOLUME('GrossVolume','',$,0.13434197597833314,$);
#661=IFCQUANTITYVOLUME('NetVolume','',$,0.13433998224425617,$);
#662=IFCELEMENTQUANTITY('0IbZX6euzs2wUefoymgTSJ',#6,'Qto_BeamBaseQuantities',$,$,(#655,#656,#657,#658,#659,#660,#661));
#663=IFCRELDEFINESBYPROPERTIES('11E2yOAP6IQqI0lwvxkF$L',#6,$,$,(#647),#662);
#664=IFCMAPPEDITEM(#461,#60);
#665=IFCSHAPEREPRESENTATION(#15,'Body','MappedRepresentation',(#664));
#666=IFCMAPPEDITEM(#463,#60);
#667=IFCSHAPEREPRESENTATION(#14,'Axis','MappedRepresentation',(#666));
#668=IFCPRODUCTDEFINITIONSHAPE($,$,(#665,#667));
#669=IFCCARTESIANPOINT((1176.5565396175218,962.78086690821931,125.));
#670=IFCAXIS2PLACEMENT3D(#669,#43,#405);
#671=IFCLOCALPLACEMENT(#28,#670);
#672=IFCBEAM('34uPudEKLEGhDrW322PDpf',#6,'H-\X2\BCF4\X0\:H250X72.4:373068',$,$,#671,#668,'373068',.BEAM.);
#673=IFCPROPERTYSET('3JYTgGXUKSq9A07LIIv8Ss',#6,'Pset_BeamCommon',$,(#76,#77,#428,#430,#431,#474));
#674=IFCPROPERTYSET('1mfL5OwL0515Gwo65Q0R$m',#6,'Pset_EnvironmentalImpactIndicators',$,(#428));
#675=IFCPROPERTYSINGLEVALUE('Reference',$,IFCLABEL('H250X72.4'),$);
#676=IFCPROPERTYSET('38KIYQoCFEirmx6uGc32Wg',#6,'Pset_ReinforcementBarPitchOfBeam',$,(#675));
#677=IFCRELDEFINESBYPROPERTIES('2fDsa0ncVmLzgG8_$xFyHl',#6,$,$,(#672),#673);
#678=IFCRELDEFINESBYPROPERTIES('1yzywjizKCw6utWdxofhzt',#6,$,$,(#672),#674);
#679=IFCRELDEFINESBYPROPERTIES('01TgsLAqa6NemHhbb9HHfx',#6,$,$,(#672),#676);
#680=IFCQUANTITYLENGTH('Length','',$,14574.,$);
#681=IFCQUANTITYAREA('CrossSectionArea','',$,0.0092179206791775173,$);
#682=IFCQUANTITYAREA('OuterSurfaceArea','',$,21.198334282669357,$);
#683=IFCQUANTITYAREA('GrossSurfaceArea','',$,21.216770124027711,$);
#684=IFCQUANTITYAREA('NetSurfaceArea','',$,21.216770124027708,$);
#685=IFCQUANTITYVOLUME('GrossVolume','',$,0.13434197597833314,$);
#686=IFCQUANTITYVOLUME('NetVolume','',$,0.13433998224425603,$);
#687=IFCELEMENTQUANTITY('3hXDXuc4Qe$09zHGXLkQEB',#6,'Qto_BeamBaseQuantities',$,$,(#680,#681,#682,#683,#684,#685,#686));
#688=IFCRELDEFINESBYPROPERTIES('1HqleR8ZyUBIlndVHaTJeb',#6,$,$,(#672),#687);
#689=IFCCARTESIANPOINTLIST2D(((-203.99999999999997,-199.99999999999994),(203.99999999999997,-199.99999999999994),(203.99999999999997,-178.99999999999994),(32.500000000000263,-178.99999999999994),(16.943650813896134,-172.55634918610417),(10.499999999999982,-156.99999999999997),(10.499999999999986,156.99999999999972),(16.943650813895729,172.55634918610383),(32.499999999999957,178.99999999999997),(203.99999999999997,178.99999999999997),(203.99999999999997,200.),(-203.99999999999997,200.),(-203.99999999999997,178.99999999999997),(-32.500000000000199,179.00000000000003),(-16.94365081389612,172.5563491861042),(-10.500000000000016,157.),(-10.500000000000016,-156.9999999999998),(-16.943650813895825,-172.55634918610383),(-32.500000000000057,-178.99999999999994),(-203.99999999999997,-178.99999999999994)));
#690=IFCINDEXEDPOLYCURVE(#689,(IFCLINEINDEX((1,2,3,4)),IFCARCINDEX((4,5,6)),IFCLINEINDEX((6,7)),IFCARCINDEX((7,8,9)),IFCLINEINDEX((9,10,11,12,13,14)),IFCARCINDEX((14,15,16)),IFCLINEINDEX((16,17)),IFCARCINDEX((17,18,19)),IFCLINEINDEX((19,20,1))),.F.);
#691=IFCARBITRARYCLOSEDPROFILEDEF(.AREA.,'H400X197',#690);
#692=IFCCARTESIANPOINT((-0.,0.,4000.));
#693=IFCAXIS2PLACEMENT3D(#692,#43,#44);
#694=IFCEXTRUDEDAREASOLID(#691,#693,#43,4000.0000000000005);
#695=IFCSTYLEDITEM(#694,(#53),$);
#696=IFCSHAPEREPRESENTATION(#15,'Body','SweptSolid',(#694));
#697=IFCAXIS2PLACEMENT3D(#10,$,$);
#698=IFCREPRESENTATIONMAP(#697,#696);
#699=IFCCOLUMNTYPE('34uPudEKLEGhDrW322PDyE',#6,'H-\X2\AE30B465\X0\:H400X197',$,$,(#721),(#698),'367602',$,.COLUMN.);
#700=IFCMAPPEDITEM(#698,#60);
#701=IFCSHAPEREPRESENTATION(#15,'Body','MappedRepresentation',(#700));
#702=IFCPRODUCTDEFINITIONSHAPE($,$,(#701));
#703=IFCCARTESIANPOINT((-9823.4434603824666,8462.7808669082551,-4000.));
#704=IFCAXIS2PLACEMENT3D(#703,$,$);
#705=IFCLOCALPLACEMENT(#28,#704);
#706=IFCCOLUMN('34uPudEKLEGhDrW322PDmy',#6,'H-\X2\AE30B465\X0\:H400X197:373145',$,$,#705,#702,'373145',.COLUMN.);
#707=IFCQUANTITYLENGTH('Length',$,$,4000.0000000000005,$);
#708=IFCQUANTITYAREA('CrossSectionArea',$,$,0.025069806866402672,$);
#709=IFCQUANTITYAREA('OuterSurfaceArea',$,$,9.4089203070318064,$);
#710=IFCQUANTITYVOLUME('GrossVolume',$,$,0.10027922746561072,$);
#711=IFCQUANTITYVOLUME('NetVolume',$,$,0.10028195096770717,$);
#712=IFCELEMENTQUANTITY('33FbX0D8_YP2BaPhxnfn_q',#6,'Qto_ColumnBaseQuantities',$,$,(#707,#708,#709,#710,#711));
#713=IFCRELDEFINESBYPROPERTIES('2Ymk0LCQoHCWG$RcwEzBRX',#6,$,$,(#706),#712);
#714=IFCPROPERTYSET('1tNrge1Czuskqp_Ii2$ol0',#6,'Pset_ColumnCommon',$,(#75,#76,#77));
#715=IFCPROPERTYSET('3q$e2KlnjItKfLKcwdyyqu',#6,'Pset_EnvironmentalImpactIndicators',$,(#75));
#716=IFCPROPERTYSINGLEVALUE('Reference',$,IFCLABEL('H400X197'),$);
#717=IFCPROPERTYSET('1piW8a9NNVNUF2tPgaGLob',#6,'Pset_ReinforcementBarPitchOfColumn',$,(#716));
#718=IFCRELDEFINESBYPROPERTIES('1uyFTcsV3oJkzajHRFLQxx',#6,$,$,(#706),#714);
#719=IFCRELDEFINESBYPROPERTIES('3dDKas_jvP5Lnqhje$3E22',#6,$,$,(#706),#715);
#720=IFCRELDEFINESBYPROPERTIES('2gb1SVwUjxDsMp1szoa8i_',#6,$,$,(#706),#717);
#721=IFCPROPERTYSET('2KvRizqcrH7FULK56O2tsJ',#6,'Pset_ColumnCommon',$,(#77));
#722=IFCMAPPEDITEM(#698,#60);
#723=IFCSHAPEREPRESENTATION(#15,'Body','MappedRepresentation',(#722));
#724=IFCPRODUCTDEFINITIONSHAPE($,$,(#723));
#725=IFCCARTESIANPOINT((-5323.4434603824648,8462.7808669082424,-4000.));
#726=IFCAXIS2PLACEMENT3D(#725,$,$);
#727=IFCLOCALPLACEMENT(#28,#726);
#728=IFCCOLUMN('34uPudEKLEGhDrW322PDyG',#6,'H-\X2\AE30B465\X0\:H400X197:373429',$,$,#727,#724,'373429',.COLUMN.);
#729=IFCQUANTITYLENGTH('Length',$,$,4000.0000000000005,$);
#730=IFCQUANTITYAREA('CrossSectionArea',$,$,0.025069806866402672,$);
#731=IFCQUANTITYAREA('OuterSurfaceArea',$,$,9.4089203070318064,$);
#732=IFCQUANTITYVOLUME('GrossVolume',$,$,0.10027922746561072,$);
#733=IFCQUANTITYVOLUME('NetVolume',$,$,0.10028195096770717,$);
#734=IFCELEMENTQUANTITY('3_AvpDS0$wL2mnh0BucBlb',#6,'Qto_ColumnBaseQuantities',$,$,(#729,#730,#731,#732,#733));
#735=IFCRELDEFINESBYPROPERTIES('2YK4nrtc4s3LkzQM7mjYS7',#6,$,$,(#728),#734);
#736=IFCPROPERTYSET('1KEik2VVOuUej9t7HbhWST',#6,'Pset_ColumnCommon',$,(#75,#76,#77));
#737=IFCPROPERTYSET('1BWiQtw5P6HOvvBeOjlddu',#6,'Pset_EnvironmentalImpactIndicators',$,(#75));
#738=IFCPROPERTYSINGLEVALUE('Reference',$,IFCLABEL('H400X197'),$);
#739=IFCPROPERTYSET('1KpBhLBwFUh78fyMwnEUBJ',#6,'Pset_ReinforcementBarPitchOfColumn',$,(#738));
#740=IFCRELDEFINESBYPROPERTIES('3vizc4jNKog_M33HFLb58z',#6,$,$,(#728),#736);
#741=IFCRELDEFINESBYPROPERTIES('3AvhLmyMlRH$Xf_UtBK6VR',#6,$,$,(#728),#737);
#742=IFCRELDEFINESBYPROPERTIES('2arJPHMzr8dwEGRnfZFb_6',#6,$,$,(#728),#739);
#743=IFCMAPPEDITEM(#698,#60);
#744=IFCSHAPEREPRESENTATION(#15,'Body','MappedRepresentation',(#743));
#745=IFCPRODUCTDEFINITIONSHAPE($,$,(#744));
#746=IFCCARTESIANPOINT((1176.5565396175346,8462.7808669082206,-4000.));
#747=IFCAXIS2PLACEMENT3D(#746,$,$);
#748=IFCLOCALPLACEMENT(#28,#747);
#749=IFCCOLUMN('34uPudEKLEGhDrW322PDaj',#6,'H-\X2\AE30B465\X0\:H400X197:373896',$,$,#748,#745,'373896',.COLUMN.);
#750=IFCQUANTITYLENGTH('Length',$,$,4000.0000000000005,$);
#751=IFCQUANTITYAREA('CrossSectionArea',$,$,0.025069806866402672,$);
#752=IFCQUANTITYAREA('OuterSurfaceArea',$,$,9.4089203070318064,$);
#753=IFCQUANTITYVOLUME('GrossVolume',$,$,0.10027922746561072,$);
#754=IFCQUANTITYVOLUME('NetVolume',$,$,0.10028195096770717,$);
#755=IFCELEMENTQUANTITY('2QQYUd_B4iEje1SMmTms2L',#6,'Qto_ColumnBaseQuantities',$,$,(#750,#751,#752,#753,#754));
#756=IFCRELDEFINESBYPROPERTIES('2jj_vfm4yzwdfst5HQ3mFf',#6,$,$,(#749),#755);
#757=IFCPROPERTYSET('0k8bI9iVR0yixxxwwyljjS',#6,'Pset_ColumnCommon',$,(#75,#76,#77));
#758=IFCPROPERTYSET('2jQqfvZR$TpsDsHEFxEVyY',#6,'Pset_EnvironmentalImpactIndicators',$,(#75));
#759=IFCPROPERTYSINGLEVALUE('Reference',$,IFCLABEL('H400X197'),$);
#760=IFCPROPERTYSET('3mjUjWF721lIRnk1mwY_M0',#6,'Pset_ReinforcementBarPitchOfColumn',$,(#759));
#761=IFCRELDEFINESBYPROPERTIES('0DZOr0Vnig6Bh3VsgJ7WWL',#6,$,$,(#749),#757);
#762=IFCRELDEFINESBYPROPERTIES('35mfVN9FpiK__DmARrkSGU',#6,$,$,(#749),#758);
#763=IFCRELDEFINESBYPROPERTIES('20$CErqdh2ByQ34HSof8df',#6,$,$,(#749),#760);
#764=IFCMAPPEDITEM(#698,#60);
#765=IFCSHAPEREPRESENTATION(#15,'Body','MappedRepresentation',(#764));
#766=IFCPRODUCTDEFINITIONSHAPE($,$,(#765));
#767=IFCCARTESIANPOINT((7176.5565396175352,8462.7808669082006,-4000.));
#768=IFCAXIS2PLACEMENT3D(#767,$,$);
#769=IFCLOCALPLACEMENT(#28,#768);
#770=IFCCOLUMN('34uPudEKLEGhDrW322PDYo',#6,'H-\X2\AE30B465\X0\:H400X197:374039',$,$,#769,#766,'374039',.COLUMN.);
#771=IFCQUANTITYLENGTH('Length',$,$,4000.0000000000005,$);
#772=IFCQUANTITYAREA('CrossSectionArea',$,$,0.025069806866402672,$);
#773=IFCQUANTITYAREA('OuterSurfaceArea',$,$,9.4089203070318064,$);
#774=IFCQUANTITYVOLUME('GrossVolume',$,$,0.10027922746561072,$);
#775=IFCQUANTITYVOLUME('NetVolume',$,$,0.10028195096770717,$);
#776=IFCELEMENTQUANTITY('1JNCh9Cy1bmLkwjKFWXFrm',#6,'Qto_ColumnBaseQuantities',$,$,(#771,#772,#773,#774,#775));
#777=IFCRELDEFINESBYPROPERTIES('3ka8mWs5uOT2jWnGV7WAX$',#6,$,$,(#770),#776);
#778=IFCPROPERTYSET('0kksbJwHQdmCnBibUadD1V',#6,'Pset_ColumnCommon',$,(#75,#76,#77));
#779=IFCPROPERTYSET('2wr2PzfEmvUG32aK1CGrmi',#6,'Pset_EnvironmentalImpactIndicators',$,(#75));
#780=IFCPROPERTYSINGLEVALUE('Reference',$,IFCLABEL('H400X197'),$);
#781=IFCPROPERTYSET('1DllrsG1ajNj0j9BW3zf_Z',#6,'Pset_ReinforcementBarPitchOfColumn',$,(#780));
#782=IFCRELDEFINESBYPROPERTIES('35oTX4glZ6n8m8s7z90qkK',#6,$,$,(#770),#778);
#783=IFCRELDEFINESBYPROPERTIES('0JauxrQhzNLaaOUlLs6ksn',#6,$,$,(#770),#779);
#784=IFCRELDEFINESBYPROPERTIES('0OSsKllcgBR0JcvCNx$Sfy',#6,$,$,(#770),#781);
#785=IFCMAPPEDITEM(#698,#60);
#786=IFCSHAPEREPRESENTATION(#15,'Body','MappedRepresentation',(#785));
#787=IFCPRODUCTDEFINITIONSHAPE($,$,(#786));
#788=IFCCARTESIANPOINT((-9823.443460382472,3462.7808669082551,-4000.));
#789=IFCAXIS2PLACEMENT3D(#788,$,$);
#790=IFCLOCALPLACEMENT(#28,#789);
#791=IFCCOLUMN('34uPudEKLEGhDrW322PDZT',#6,'H-\X2\AE30B465\X0\:H400X197:374136',$,$,#790,#787,'374136',.COLUMN.);
#792=IFCQUANTITYLENGTH('Length',$,$,4000.0000000000005,$);
#793=IFCQUANTITYAREA('CrossSectionArea',$,$,0.025069806866402672,$);
#794=IFCQUANTITYAREA('OuterSurfaceArea',$,$,9.4089203070318064,$);
#795=IFCQUANTITYVOLUME('GrossVolume',$,$,0.10027922746561072,$);
#796=IFCQUANTITYVOLUME('NetVolume',$,$,0.10028195096770717,$);
#797=IFCELEMENTQUANTITY('2Dy$ybWYzuH251TGV8XLGK',#6,'Qto_ColumnBaseQuantities',$,$,(#792,#793,#794,#795,#796));
#798=IFCRELDEFINESBYPROPERTIES('1Trs1ULJPgp4wzjTNMQb6d',#6,$,$,(#791),#797);
#799=IFCPROPERTYSET('3Pezz7ryBvLIAm5hdVhmVU',#6,'Pset_ColumnCommon',$,(#75,#76,#77));
#800=IFCPROPERTYSET('2Gk3NisNSJ4lhnXi7sqnIq',#6,'Pset_EnvironmentalImpactIndicators',$,(#75));
#801=IFCPROPERTYSINGLEVALUE('Reference',$,IFCLABEL('H400X197'),$);
#802=IFCPROPERTYSET('0M72sBrbBVaqf1_mntkvB5',#6,'Pset_ReinforcementBarPitchOfColumn',$,(#801));
#803=IFCRELDEFINESBYPROPERTIES('27Tl5JdTQExpYXiUCJDZmc',#6,$,$,(#791),#799);
#804=IFCRELDEFINESBYPROPERTIES('33KZab9EeVjG$YED4oQvYY',#6,$,$,(#791),#800);
#805=IFCRELDEFINESBYPROPERTIES('18uiKlufZhfpy42bEh9ZJ2',#6,$,$,(#791),#802);
#806=IFCMAPPEDITEM(#698,#60);
#807=IFCSHAPEREPRESENTATION(#15,'Body','MappedRepresentation',(#806));
#808=IFCPRODUCTDEFINITIONSHAPE($,$,(#807));
#809=IFCCARTESIANPOINT((-5323.4434603824739,3462.7808669082406,-4000.));
#810=IFCAXIS2PLACEMENT3D(#809,$,$);
#811=IFCLOCALPLACEMENT(#28,#810);
#812=IFCCOLUMN('34uPudEKLEGhDrW322PDki',#6,'H-\X2\AE30B465\X0\:H400X197:374281',$,$,#811,#808,'374281',.COLUMN.);
#813=IFCQUANTITYLENGTH('Length',$,$,4000.0000000000005,$);
#814=IFCQUANTITYAREA('CrossSectionArea',$,$,0.025069806866402672,$);
#815=IFCQUANTITYAREA('OuterSurfaceArea',$,$,9.4089203070318064,$);
#816=IFCQUANTITYVOLUME('GrossVolume',$,$,0.10027922746561072,$);
#817=IFCQUANTITYVOLUME('NetVolume',$,$,0.10028195096770717,$);
#818=IFCELEMENTQUANTITY('3K0I3$KRjyWMfxuj7cKXFc',#6,'Qto_ColumnBaseQuantities',$,$,(#813,#814,#815,#816,#817));
#819=IFCRELDEFINESBYPROPERTIES('18DrUs3ajZR$6rQJmmGDr8',#6,$,$,(#812),#818);
#820=IFCPROPERTYSET('2GsCViQSoJfw6qhFtqWdE$',#6,'Pset_ColumnCommon',$,(#75,#76,#77));
#821=IFCPROPERTYSET('3KbBNpE1WbAyczdjP5R$Lp',#6,'Pset_EnvironmentalImpactIndicators',$,(#75));
#822=IFCPROPERTYSINGLEVALUE('Reference',$,IFCLABEL('H400X197'),$);
#823=IFCPROPERTYSET('1BNdOpaOh8mULsSCfRNE6U',#6,'Pset_ReinforcementBarPitchOfColumn',$,(#822));
#824=IFCRELDEFINESBYPROPERTIES('3sHKH1pW5PPu5BXPWo9yTX',#6,$,$,(#812),#820);
#825=IFCRELDEFINESBYPROPERTIES('00yO9czJJejcrvVLbBNSlk',#6,$,$,(#812),#821);
#826=IFCRELDEFINESBYPROPERTIES('3UJdj0kAQw4$JWtwMmu7Gg',#6,$,$,(#812),#823);
#827=IFCMAPPEDITEM(#698,#60);
#828=IFCSHAPEREPRESENTATION(#15,'Body','MappedRepresentation',(#827));
#829=IFCPRODUCTDEFINITIONSHAPE($,$,(#828));
#830=IFCCARTESIANPOINT((1176.5565396175282,3462.7808669082197,-4000.));
#831=IFCAXIS2PLACEMENT3D(#830,$,$);
#832=IFCLOCALPLACEMENT(#28,#831);
#833=IFCCOLUMN('34uPudEKLEGhDrW322PDlL',#6,'H-\X2\AE30B465\X0\:H400X197:374384',$,$,#832,#829,'374384',.COLUMN.);
#834=IFCQUANTITYLENGTH('Length',$,$,4000.0000000000005,$);
#835=IFCQUANTITYAREA('CrossSectionArea',$,$,0.025069806866402672,$);
#836=IFCQUANTITYAREA('OuterSurfaceArea',$,$,9.4089203070318064,$);
#837=IFCQUANTITYVOLUME('GrossVolume',$,$,0.10027922746561072,$);
#838=IFCQUANTITYVOLUME('NetVolume',$,$,0.10028195096770717,$);
#839=IFCELEMENTQUANTITY('0GjXTSfiPkHUTPWQiJXmcr',#6,'Qto_ColumnBaseQuantities',$,$,(#834,#835,#836,#837,#838));
#840=IFCRELDEFINESBYPROPERTIES('0k4yXFCKjR4HzjJHVplXUO',#6,$,$,(#833),#839);
#841=IFCPROPERTYSET('1FysUrKiEtbSApy6438cJj',#6,'Pset_ColumnCommon',$,(#75,#76,#77));
#842=IFCPROPERTYSET('0lp2osEG1Kjo6ztCzhQo95',#6,'Pset_EnvironmentalImpactIndicators',$,(#75));
#843=IFCPROPERTYSINGLEVALUE('Reference',$,IFCLABEL('H400X197'),$);
#844=IFCPROPERTYSET('2LhBlPOZhDGgEe_9hU2ebA',#6,'Pset_ReinforcementBarPitchOfColumn',$,(#843));
#845=IFCRELDEFINESBYPROPERTIES('2umE38caCLRwgR7CHuRPJM',#6,$,$,(#833),#841);
#846=IFCRELDEFINESBYPROPERTIES('2khs1E_M$zziF9M5tMVgLZ',#6,$,$,(#833),#842);
#847=IFCRELDEFINESBYPROPERTIES('0wVZS74WYxy8WmY3B7rPnL',#6,$,$,(#833),#844);
#848=IFCMAPPEDITEM(#698,#60);
#849=IFCSHAPEREPRESENTATION(#15,'Body','MappedRepresentation',(#848));
#850=IFCPRODUCTDEFINITIONSHAPE($,$,(#849));
#851=IFCCARTESIANPOINT((7176.556539617528,3462.7808669082001,-4000.));
#852=IFCAXIS2PLACEMENT3D(#851,$,$);
#853=IFCLOCALPLACEMENT(#28,#852);
#854=IFCCOLUMN('34uPudEKLEGhDrW322PDiI',#6,'H-\X2\AE30B465\X0\:H400X197:374455',$,$,#853,#850,'374455',.COLUMN.);
#855=IFCQUANTITYLENGTH('Length',$,$,4000.0000000000005,$);
#856=IFCQUANTITYAREA('CrossSectionArea',$,$,0.025069806866402672,$);
#857=IFCQUANTITYAREA('OuterSurfaceArea',$,$,9.4089203070318064,$);
#858=IFCQUANTITYVOLUME('GrossVolume',$,$,0.10027922746561072,$);
#859=IFCQUANTITYVOLUME('NetVolume',$,$,0.10028195096770717,$);
#860=IFCELEMENTQUANTITY('1jcgyW4lE1yBarOm5EGePh',#6,'Qto_ColumnBaseQuantities',$,$,(#855,#856,#857,#858,#859));
#861=IFCRELDEFINESBYPROPERTIES('2hHdc4de3yJnFTNKz8$M8t',#6,$,$,(#854),#860);
#862=IFCPROPERTYSET('3cRfznd_HGBs9_rCOfgduB',#6,'Pset_ColumnCommon',$,(#75,#76,#77));
#863=IFCPROPERTYSET('33HWqyi9GEIU9FhlfBqDMn',#6,'Pset_EnvironmentalImpactIndicators',$,(#75));
#864=IFCPROPERTYSINGLEVALUE('Reference',$,IFCLABEL('H400X197'),$);
#865=IFCPROPERTYSET('0gRYdhDuLif_ExOfCH6UAb',#6,'Pset_ReinforcementBarPitchOfColumn',$,(#864));
#866=IFCRELDEFINESBYPROPERTIES('0zgspSD6UrS1heHzpcifZF',#6,$,$,(#854),#862);
#867=IFCRELDEFINESBYPROPERTIES('1qBQUv6iZD5IZLs2gmOEOZ',#6,$,$,(#854),#863);
#868=IFCRELDEFINESBYPROPERTIES('1gZQ$ENSAt2O8WJWZ7Iq6M',#6,$,$,(#854),#865);
#869=IFCMAPPEDITEM(#698,#60);
#870=IFCSHAPEREPRESENTATION(#15,'Body','MappedRepresentation',(#869));
#871=IFCPRODUCTDEFINITIONSHAPE($,$,(#870));
#872=IFCCARTESIANPOINT((-9823.443460382483,-2537.2191330917453,-4000.));
#873=IFCAXIS2PLACEMENT3D(#872,$,$);
#874=IFCLOCALPLACEMENT(#28,#873);
#875=IFCCOLUMN('34uPudEKLEGhDrW322PDgZ',#6,'H-\X2\AE30B465\X0\:H400X197:374534',$,$,#874,#871,'374534',.COLUMN.);
#876=IFCQUANTITYLENGTH('Length',$,$,4000.0000000000005,$);
#877=IFCQUANTITYAREA('CrossSectionArea',$,$,0.025069806866402672,$);
#878=IFCQUANTITYAREA('OuterSurfaceArea',$,$,9.4089203070318064,$);
#879=IFCQUANTITYVOLUME('GrossVolume',$,$,0.10027922746561072,$);
#880=IFCQUANTITYVOLUME('NetVolume',$,$,0.10028195096770717,$);
#881=IFCELEMENTQUANTITY('1_egDACak5igZlZnzsef_c',#6,'Qto_ColumnBaseQuantities',$,$,(#876,#877,#878,#879,#880));
#882=IFCRELDEFINESBYPROPERTIES('2_AuxYaYkn9EqMaiYiLsi_',#6,$,$,(#875),#881);
#883=IFCPROPERTYSET('27XqnhnXuZx7tUDhPmjyzq',#6,'Pset_ColumnCommon',$,(#75,#76,#77));
#884=IFCPROPERTYSET('1m0c7zYMqhQ6IhB5PDxmm4',#6,'Pset_EnvironmentalImpactIndicators',$,(#75));
#885=IFCPROPERTYSINGLEVALUE('Reference',$,IFCLABEL('H400X197'),$);
#886=IFCPROPERTYSET('1TeHF5e48Q__ydKv4KIsDF',#6,'Pset_ReinforcementBarPitchOfColumn',$,(#885));
#887=IFCRELDEFINESBYPROPERTIES('1Rd6gD71QBvNft_5R0YHO8',#6,$,$,(#875),#883);
#888=IFCRELDEFINESBYPROPERTIES('2mVKoMIATr6DX$SahnGks_',#6,$,$,(#875),#884);
#889=IFCRELDEFINESBYPROPERTIES('2ybQVXEbi4o2yNNqu4bhCY',#6,$,$,(#875),#886);
#890=IFCMAPPEDITEM(#698,#60);
#891=IFCSHAPEREPRESENTATION(#15,'Body','MappedRepresentation',(#890));
#892=IFCPRODUCTDEFINITIONSHAPE($,$,(#891));
#893=IFCCARTESIANPOINT((-5323.443460382483,-2537.2191330917599,-4000.));
#894=IFCAXIS2PLACEMENT3D(#893,$,$);
#895=IFCLOCALPLACEMENT(#28,#894);
#896=IFCCOLUMN('34uPudEKLEGhDrW322PDeE',#6,'H-\X2\AE30B465\X0\:H400X197:374699',$,$,#895,#892,'374699',.COLUMN.);
#897=IFCQUANTITYLENGTH('Length',$,$,4000.0000000000005,$);
#898=IFCQUANTITYAREA('CrossSectionArea',$,$,0.025069806866402672,$);
#899=IFCQUANTITYAREA('OuterSurfaceArea',$,$,9.4089203070318064,$);
#900=IFCQUANTITYVOLUME('GrossVolume',$,$,0.10027922746561072,$);
#901=IFCQUANTITYVOLUME('NetVolume',$,$,0.10028195096770717,$);
#902=IFCELEMENTQUANTITY('3gkTgCtkGDjfGV36mVNJTP',#6,'Qto_ColumnBaseQuantities',$,$,(#897,#898,#899,#900,#901));
#903=IFCRELDEFINESBYPROPERTIES('2sz8veU4ujYs55wgp5Hvsj',#6,$,$,(#896),#902);
#904=IFCPROPERTYSET('167dT8XV23ZPKRe969EoNw',#6,'Pset_ColumnCommon',$,(#75,#76,#77));
#905=IFCPROPERTYSET('3gQ$T2Ovyb_6LYquM4Q06p',#6,'Pset_EnvironmentalImpactIndicators',$,(#75));
#906=IFCPROPERTYSINGLEVALUE('Reference',$,IFCLABEL('H400X197'),$);
#907=IFCPROPERTYSET('3cAL7kJ4SN1QNt7l3HrVZe',#6,'Pset_ReinforcementBarPitchOfColumn',$,(#906));
#908=IFCRELDEFINESBYPROPERTIES('1aYT$vpSBp810M3qOhgx8A',#6,$,$,(#896),#904);
#909=IFCRELDEFINESBYPROPERTIES('0Spc4MGTDZ0bQTCPnesrLB',#6,$,$,(#896),#905);
#910=IFCRELDEFINESBYPROPERTIES('0IrWNRnMIrtFOBa9FFB6kt',#6,$,$,(#896),#907);
#911=IFCMAPPEDITEM(#698,#60);
#912=IFCSHAPEREPRESENTATION(#15,'Body','MappedRepresentation',(#911));
#913=IFCPRODUCTDEFINITIONSHAPE($,$,(#912));
#914=IFCCARTESIANPOINT((1176.5565396175173,-2537.2191330917808,-4000.));
#915=IFCAXIS2PLACEMENT3D(#914,$,$);
#916=IFCLOCALPLACEMENT(#28,#915);
#917=IFCCOLUMN('34uPudEKLEGhDrW322PDMh',#6,'H-\X2\AE30B465\X0\:H400X197:374798',$,$,#916,#913,'374798',.COLUMN.);
#918=IFCQUANTITYLENGTH('Length',$,$,4000.0000000000005,$);
#919=IFCQUANTITYAREA('CrossSectionArea',$,$,0.025069806866402672,$);
#920=IFCQUANTITYAREA('OuterSurfaceArea',$,$,9.4089203070318064,$);
#921=IFCQUANTITYVOLUME('GrossVolume',$,$,0.10027922746561072,$);
#922=IFCQUANTITYVOLUME('NetVolume',$,$,0.10028195096770717,$);
#923=IFCELEMENTQUANTITY('0H1WESRxW35m66i9vA5MUD',#6,'Qto_ColumnBaseQuantities',$,$,(#918,#919,#920,#921,#922));
#924=IFCRELDEFINESBYPROPERTIES('3Wi7feOgfcCWcgRgncTyHe',#6,$,$,(#917),#923);
#925=IFCPROPERTYSET('2bgmaqQAs_RY5TiGFWP$Rr',#6,'Pset_ColumnCommon',$,(#75,#76,#77));
#926=IFCPROPERTYSET('3SSoIR8NmfV0BUaWO$Lk5T',#6,'Pset_EnvironmentalImpactIndicators',$,(#75));
#927=IFCPROPERTYSINGLEVALUE('Reference',$,IFCLABEL('H400X197'),$);
#928=IFCPROPERTYSET('3L9R23jftwgD0fUw$LrlcC',#6,'Pset_ReinforcementBarPitchOfColumn',$,(#927));
#929=IFCRELDEFINESBYPROPERTIES('0XV1lYOaj$ayN$BG8aY_m1',#6,$,$,(#917),#925);
#930=IFCRELDEFINESBYPROPERTIES('03wQyNx6kovTVZNa80aEDw',#6,$,$,(#917),#926);
#931=IFCRELDEFINESBYPROPERTIES('1l7$IgdK1qpGz_Ta08$vFn',#6,$,$,(#917),#928);
#932=IFCMAPPEDITEM(#698,#60);
#933=IFCSHAPEREPRESENTATION(#15,'Body','MappedRepresentation',(#932));
#934=IFCPRODUCTDEFINITIONSHAPE($,$,(#933));
#935=IFCCARTESIANPOINT((7176.556539617518,-2537.2191330918004,-4000.));
#936=IFCAXIS2PLACEMENT3D(#935,$,$);
#937=IFCLOCALPLACEMENT(#28,#936);
#938=IFCCOLUMN('34uPudEKLEGhDrW322PDKa',#6,'H-\X2\AE30B465\X0\:H400X197:374913',$,$,#937,#934,'374913',.COLUMN.);
#939=IFCQUANTITYLENGTH('Length',$,$,4000.0000000000005,$);
#940=IFCQUANTITYAREA('CrossSectionArea',$,$,0.025069806866402672,$);
#941=IFCQUANTITYAREA('OuterSurfaceArea',$,$,9.4089203070318064,$);
#942=IFCQUANTITYVOLUME('GrossVolume',$,$,0.10027922746561072,$);
#943=IFCQUANTITYVOLUME('NetVolume',$,$,0.10028195096770717,$);
#944=IFCELEMENTQUANTITY('1H0hKr0jlb35gDG4BmNWWn',#6,'Qto_ColumnBaseQuantities',$,$,(#939,#940,#941,#942,#943));
#945=IFCRELDEFINESBYPROPERTIES('3IRIvTuIFmRLmw8KfEhHTN',#6,$,$,(#938),#944);
#946=IFCPROPERTYSET('1hsOo_vOQoTPBRZeu82a$N',#6,'Pset_ColumnCommon',$,(#75,#76,#77));
#947=IFCPROPERTYSET('3TilGdKDrpBBJqarxZtDwm',#6,'Pset_EnvironmentalImpactIndicators',$,(#75));
#948=IFCPROPERTYSINGLEVALUE('Reference',$,IFCLABEL('H400X197'),$);
#949=IFCPROPERTYSET('0cz8i2gE5KzbLwoqXJOir3',#6,'Pset_ReinforcementBarPitchOfColumn',$,(#948));
#950=IFCRELDEFINESBYPROPERTIES('3oP5UWZ9O2AiWXzPxD3vIN',#6,$,$,(#938),#946);
#951=IFCRELDEFINESBYPROPERTIES('3kN3bFfyQt7rZXN1Xz77O2',#6,$,$,(#938),#947);
#952=IFCRELDEFINESBYPROPERTIES('1jPowV5E9XREzSn3FCAq$3',#6,$,$,(#938),#949);
#953=IFCMAPPEDITEM(#698,#60);
#954=IFCSHAPEREPRESENTATION(#15,'Body','MappedRepresentation',(#953));
#955=IFCPRODUCTDEFINITIONSHAPE($,$,(#954));
#956=IFCCARTESIANPOINT((-9823.4434603824902,-6537.2191330917458,-4000.));
#957=IFCAXIS2PLACEMENT3D(#956,$,$);
#958=IFCLOCALPLACEMENT(#28,#957);
#959=IFCCOLUMN('34uPudEKLEGhDrW322PDL7',#6,'H-\X2\AE30B465\X0\:H400X197:375010',$,$,#958,#955,'375010',.COLUMN.);
#960=IFCQUANTITYLENGTH('Length',$,$,4000.0000000000005,$);
#961=IFCQUANTITYAREA('CrossSectionArea',$,$,0.025069806866402672,$);
#962=IFCQUANTITYAREA('OuterSurfaceArea',$,$,9.4089203070318064,$);
#963=IFCQUANTITYVOLUME('GrossVolume',$,$,0.10027922746561072,$);
#964=IFCQUANTITYVOLUME('NetVolume',$,$,0.10028195096770717,$);
#965=IFCELEMENTQUANTITY('1UNy$BdrZtzlyhdicoR3zS',#6,'Qto_ColumnBaseQuantities',$,$,(#960,#961,#962,#963,#964));
#966=IFCRELDEFINESBYPROPERTIES('3XK200XglK6p5cVN20xZM0',#6,$,$,(#959),#965);
#967=IFCPROPERTYSET('20I1zTol8wWRSBhzgj5duT',#6,'Pset_ColumnCommon',$,(#75,#76,#77));
#968=IFCPROPERTYSET('1$_MsVlMiqYPkGksVsbh9c',#6,'Pset_EnvironmentalImpactIndicators',$,(#75));
#969=IFCPROPERTYSINGLEVALUE('Reference',$,IFCLABEL('H400X197'),$);
#970=IFCPROPERTYSET('0Ay56TtxmJAVgjXwMNKCl3',#6,'Pset_ReinforcementBarPitchOfColumn',$,(#969));
#971=IFCRELDEFINESBYPROPERTIES('1tra8f2659MZV2SqF_cNj8',#6,$,$,(#959),#967);
#972=IFCRELDEFINESBYPROPERTIES('09LvLQGHvTjYU93RD4IlPO',#6,$,$,(#959),#968);
#973=IFCRELDEFINESBYPROPERTIES('0k54_ZdKvlCTwWwwqQ_EAS',#6,$,$,(#959),#970);
#974=IFCMAPPEDITEM(#698,#60);
#975=IFCSHAPEREPRESENTATION(#15,'Body','MappedRepresentation',(#974));
#976=IFCPRODUCTDEFINITIONSHAPE($,$,(#975));
#977=IFCCARTESIANPOINT((-5323.4434603824893,-6537.2191330917594,-4000.));
#978=IFCAXIS2PLACEMENT3D(#977,$,$);
#979=IFCLOCALPLACEMENT(#28,#978);
#980=IFCCOLUMN('34uPudEKLEGhDrW322PDJ2',#6,'H-\X2\AE30B465\X0\:H400X197:375143',$,$,#979,#976,'375143',.COLUMN.);
#981=IFCQUANTITYLENGTH('Length',$,$,4000.0000000000005,$);
#982=IFCQUANTITYAREA('CrossSectionArea',$,$,0.025069806866402672,$);
#983=IFCQUANTITYAREA('OuterSurfaceArea',$,$,9.4089203070318064,$);
#984=IFCQUANTITYVOLUME('GrossVolume',$,$,0.10027922746561072,$);
#985=IFCQUANTITYVOLUME('NetVolume',$,$,0.10028195096770717,$);
#986=IFCELEMENTQUANTITY('19y3vKHWQUfSuwEMH785Z5',#6,'Qto_ColumnBaseQuantities',$,$,(#981,#982,#983,#984,#985));
#987=IFCRELDEFINESBYPROPERTIES('2lT$31TLXVg96YUE0VaHnH',#6,$,$,(#980),#986);
#988=IFCPROPERTYSET('2vGVGtrP$7DzESi8$pG6cr',#6,'Pset_ColumnCommon',$,(#75,#76,#77));
#989=IFCPROPERTYSET('0K91bDxlSSWGh210R026b0',#6,'Pset_EnvironmentalImpactIndicators',$,(#75));
#990=IFCPROPERTYSINGLEVALUE('Reference',$,IFCLABEL('H400X197'),$);
#991=IFCPROPERTYSET('3BMnYr9lNNaBdzCltiE9xV',#6,'Pset_ReinforcementBarPitchOfColumn',$,(#990));
#992=IFCRELDEFINESBYPROPERTIES('2ugqQTHOgD$7LnzHznHuS2',#6,$,$,(#980),#988);
#993=IFCRELDEFINESBYPROPERTIES('1QzkBklhw7BcPGfwKcujoR',#6,$,$,(#980),#989);
#994=IFCRELDEFINESBYPROPERTIES('1IuCiTqSW75_5YaKs41Vmv',#6,$,$,(#980),#991);
#995=IFCMAPPEDITEM(#698,#60);
#996=IFCSHAPEREPRESENTATION(#15,'Body','MappedRepresentation',(#995));
#997=IFCPRODUCTDEFINITIONSHAPE($,$,(#996));
#998=IFCCARTESIANPOINT((1176.5565396175109,-6537.2191330917813,-4000.));
#999=IFCAXIS2PLACEMENT3D(#998,$,$);
#1000=IFCLOCALPLACEMENT(#28,#999);
#1001=IFCCOLUMN('34uPudEKLEGhDrW322PDH3',#6,'H-\X2\AE30B465\X0\:H400X197:375270',$,$,#1000,#997,'375270',.COLUMN.);
#1002=IFCQUANTITYLENGTH('Length',$,$,4000.0000000000005,$);
#1003=IFCQUANTITYAREA('CrossSectionArea',$,$,0.025069806866402672,$);
#1004=IFCQUANTITYAREA('OuterSurfaceArea',$,$,9.4089203070318064,$);
#1005=IFCQUANTITYVOLUME('GrossVolume',$,$,0.10027922746561072,$);
#1006=IFCQUANTITYVOLUME('NetVolume',$,$,0.10028195096770717,$);
#1007=IFCELEMENTQUANTITY('3$Dgs9UL7zQ2oeXw9TzgNV',#6,'Qto_ColumnBaseQuantities',$,$,(#1002,#1003,#1004,#1005,#1006));
#1008=IFCRELDEFINESBYPROPERTIES('04ReowDq4fLKQdRliOgkZt',#6,$,$,(#1001),#1007);
#1009=IFCPROPERTYSET('180Ow2FBZIiM5vo2HxIg4H',#6,'Pset_ColumnCommon',$,(#75,#76,#77));
#1010=IFCPROPERTYSET('02MSMFO3uEDDnHm19bNqNC',#6,'Pset_EnvironmentalImpactIndicators',$,(#75));
#1011=IFCPROPERTYSINGLEVALUE('Reference',$,IFCLABEL('H400X197'),$);
#1012=IFCPROPERTYSET('3ACOSi9$MW5zPxexVUKu1y',#6,'Pset_ReinforcementBarPitchOfColumn',$,(#1011));
#1013=IFCRELDEFINESBYPROPERTIES('1uGIYaQsnZqi$JwpnUxtfB',#6,$,$,(#1001),#1009);
#1014=IFCRELDEFINESBYPROPERTIES('1zh_6ADe7WLhPJRTRcanE$',#6,$,$,(#1001),#1010);
#1015=IFCRELDEFINESBYPROPERTIES('2WfS6n3icxmKOlof_OEnNR',#6,$,$,(#1001),#1012);
#1016=IFCMAPPEDITEM(#698,#60);
#1017=IFCSHAPEREPRESENTATION(#15,'Body','MappedRepresentation',(#1016));
#1018=IFCPRODUCTDEFINITIONSHAPE($,$,(#1017));
#1019=IFCCARTESIANPOINT((7176.5565396175107,-6537.2191330918004,-4000.));
#1020=IFCAXIS2PLACEMENT3D(#1019,$,$);
#1021=IFCLOCALPLACEMENT(#28,#1020);
#1022=IFCCOLUMN('34uPudEKLEGhDrW322PDVA',#6,'H-\X2\AE30B465\X0\:H400X197:375407',$,$,#1021,#1018,'375407',.COLUMN.);
#1023=IFCQUANTITYLENGTH('Length',$,$,4000.0000000000005,$);
#1024=IFCQUANTITYAREA('CrossSectionArea',$,$,0.025069806866402672,$);
#1025=IFCQUANTITYAREA('OuterSurfaceArea',$,$,9.4089203070318064,$);
#1026=IFCQUANTITYVOLUME('GrossVolume',$,$,0.10027922746561072,$);
#1027=IFCQUANTITYVOLUME('NetVolume',$,$,0.10028195096770717,$);
#1028=IFCELEMENTQUANTITY('25VYw8eDzGd411yljoHxUB',#6,'Qto_ColumnBaseQuantities',$,$,(#1023,#1024,#1025,#1026,#1027));
#1029=IFCRELDEFINESBYPROPERTIES('0mNnCMmDjxtr9CLw5lnlKB',#6,$,$,(#1022),#1028);
#1030=IFCPROPERTYSET('1t_PUE88lLn6H$mTEEguIo',#6,'Pset_ColumnCommon',$,(#75,#76,#77));
#1031=IFCPROPERTYSET('01WtZnaIqUcsuN$D7cIPZc',#6,'Pset_EnvironmentalImpactIndicators',$,(#75));
#1032=IFCPROPERTYSINGLEVALUE('Reference',$,IFCLABEL('H400X197'),$);
#1033=IFCPROPERTYSET('3A$khtoGROnr6j_$sy1_sV',#6,'Pset_ReinforcementBarPitchOfColumn',$,(#1032));
#1034=IFCRELDEFINESBYPROPERTIES('3sSakD7aeEQRTXJ$2hbbI2',#6,$,$,(#1022),#1030);
#1035=IFCRELDEFINESBYPROPERTIES('2YSQx7plrxs8mK17iDEzLJ',#6,$,$,(#1022),#1031);
#1036=IFCRELDEFINESBYPROPERTIES('1mzuWo3hshvaPxNfSfjzmw',#6,$,$,(#1022),#1033);
#1037=IFCMAPPEDITEM(#415,#60);
#1038=IFCSHAPEREPRESENTATION(#15,'Body','MappedRepresentation',(#1037));
#1039=IFCMAPPEDITEM(#417,#60);
#1040=IFCSHAPEREPRESENTATION(#14,'Axis','MappedRepresentation',(#1039));
#1041=IFCPRODUCTDEFINITIONSHAPE($,$,(#1038,#1040));
#1042=IFCCARTESIANPOINT((-1323.4434603824645,8462.7808669082278,125.));
#1043=IFCAXIS2PLACEMENT3D(#1042,$,$);
#1044=IFCLOCALPLACEMENT(#32,#1043);
#1045=IFCBEAM('34uPudEKLEGhDrW322PD2Z',#6,'H-\X2\BCF4\X0\:H250X72.4:376070',$,$,#1044,#1041,'376070',.BEAM.);
#1046=IFCPROPERTYSINGLEVALUE('Span',$,IFCPOSITIVELENGTHMEASURE(17408.),$);
#1047=IFCPROPERTYSET('1jizVG_zV5HKNtgaqEXAOs',#6,'Pset_BeamCommon',$,(#76,#77,#428,#430,#431,#1046));
#1048=IFCPROPERTYSET('2GEbXdzuJw$YGMAovqi5_7',#6,'Pset_EnvironmentalImpactIndicators',$,(#428));
#1049=IFCPROPERTYSINGLEVALUE('Reference',$,IFCLABEL('H250X72.4'),$);
#1050=IFCPROPERTYSET('10if$Gp9xxH4qe9ECloxpk',#6,'Pset_ReinforcementBarPitchOfBeam',$,(#1049));
#1051=IFCRELDEFINESBYPROPERTIES('0TKgTGkegA6VH7M3Ss64px',#6,$,$,(#1045),#1047);
#1052=IFCRELDEFINESBYPROPERTIES('1Z7Bj2zvGgsB23iYBG_h$S',#6,$,$,(#1045),#1048);
#1053=IFCRELDEFINESBYPROPERTIES('1L4DpZ$6DYacoTDtNog7Zv',#6,$,$,(#1045),#1050);
#1054=IFCQUANTITYLENGTH('Length','',$,16566.000000000004,$);
#1055=IFCQUANTITYAREA('CrossSectionArea','',$,0.0092179206791775173,$);
#1056=IFCQUANTITYAREA('OuterSurfaceArea','',$,24.095759964779788,$);
#1057=IFCQUANTITYAREA('GrossSurfaceArea','',$,24.114195806138142,$);
#1058=IFCQUANTITYAREA('NetSurfaceArea','',$,24.114195806138145,$);
#1059=IFCQUANTITYVOLUME('GrossVolume','',$,0.15270407397125479,$);
#1060=IFCQUANTITYVOLUME('NetVolume','',$,0.15270180773008968,$);
#1061=IFCELEMENTQUANTITY('1ELZpf6Au2dLxsTMVj1ZBY',#6,'Qto_BeamBaseQuantities',$,$,(#1054,#1055,#1056,#1057,#1058,#1059,#1060));
#1062=IFCRELDEFINESBYPROPERTIES('0wJX$FptAsYemgSGop5weA',#6,$,$,(#1045),#1061);
#1063=IFCMAPPEDITEM(#461,#60);
#1064=IFCSHAPEREPRESENTATION(#15,'Body','MappedRepresentation',(#1063));
#1065=IFCMAPPEDITEM(#463,#60);
#1066=IFCSHAPEREPRESENTATION(#14,'Axis','MappedRepresentation',(#1065));
#1067=IFCPRODUCTDEFINITIONSHAPE($,$,(#1064,#1066));
#1068=IFCCARTESIANPOINT((-9823.4434603824757,962.78086690825512,125.));
#1069=IFCAXIS2PLACEMENT3D(#1068,#43,#405);
#1070=IFCLOCALPLACEMENT(#32,#1069);
#1071=IFCBEAM('34uPudEKLEGhDrW322PD2N',#6,'H-\X2\BCF4\X0\:H250X72.4:376114',$,$,#1070,#1067,'376114',.BEAM.);
#1072=IFCPROPERTYSET('2SBtaozw3GU8LIPgOwnM_z',#6,'Pset_BeamCommon',$,(#76,#77,#428,#430,#431,#474));
#1073=IFCPROPERTYSET('1YvbDHg5YFjqPbHnqa_kTI',#6,'Pset_EnvironmentalImpactIndicators',$,(#428));
#1074=IFCPROPERTYSINGLEVALUE('Reference',$,IFCLABEL('H250X72.4'),$);
#1075=IFCPROPERTYSET('1RIKKRwQs4NyeferZV2iiy',#6,'Pset_ReinforcementBarPitchOfBeam',$,(#1074));
#1076=IFCRELDEFINESBYPROPERTIES('0XZtzQY99G1W5lkzC1yRsk',#6,$,$,(#1071),#1072);
#1077=IFCRELDEFINESBYPROPERTIES('1$4pixPSnPCjSDEUdx2rhf',#6,$,$,(#1071),#1073);
#1078=IFCRELDEFINESBYPROPERTIES('07s$4FfdrWfYQpluOUkpR2',#6,$,$,(#1071),#1075);
#1079=IFCQUANTITYLENGTH('Length','',$,14574.,$);
#1080=IFCQUANTITYAREA('CrossSectionArea','',$,0.0092179206791775173,$);
#1081=IFCQUANTITYAREA('OuterSurfaceArea','',$,21.198334282669357,$);
#1082=IFCQUANTITYAREA('GrossSurfaceArea','',$,21.216770124027711,$);
#1083=IFCQUANTITYAREA('NetSurfaceArea','',$,21.216770124027708,$);
#1084=IFCQUANTITYVOLUME('GrossVolume','',$,0.13434197597833314,$);
#1085=IFCQUANTITYVOLUME('NetVolume','',$,0.13433998224425503,$);
#1086=IFCELEMENTQUANTITY('2u9vFVE15gNzvDUxY33TZv',#6,'Qto_BeamBaseQuantities',$,$,(#1079,#1080,#1081,#1082,#1083,#1084,#1085));
#1087=IFCRELDEFINESBYPROPERTIES('1ojCXYxjkkXlLdZzeD1jeR',#6,$,$,(#1071),#1086);
#1088=IFCMAPPEDITEM(#415,#60);
#1089=IFCSHAPEREPRESENTATION(#15,'Body','MappedRepresentation',(#1088));
#1090=IFCMAPPEDITEM(#417,#60);
#1091=IFCSHAPEREPRESENTATION(#14,'Axis','MappedRepresentation',(#1090));
#1092=IFCPRODUCTDEFINITIONSHAPE($,$,(#1089,#1091));
#1093=IFCCARTESIANPOINT((-1323.4434603824711,3462.7808669082269,125.));
#1094=IFCAXIS2PLACEMENT3D(#1093,$,$);
#1095=IFCLOCALPLACEMENT(#32,#1094);
#1096=IFCBEAM('34uPudEKLEGhDrW322PD34',#6,'H-\X2\BCF4\X0\:H250X72.4:376161',$,$,#1095,#1092,'376161',.BEAM.);
#1097=IFCPROPERTYSINGLEVALUE('Span',$,IFCPOSITIVELENGTHMEASURE(17408.),$);
#1098=IFCPROPERTYSET('0IPR2DhbIAkdBorz_jdNv4',#6,'Pset_BeamCommon',$,(#76,#77,#428,#430,#431,#1097));
#1099=IFCPROPERTYSET('1kN52Jw6D_r9$P3ugIhKWl',#6,'Pset_EnvironmentalImpactIndicators',$,(#428));
#1100=IFCPROPERTYSINGLEVALUE('Reference',$,IFCLABEL('H250X72.4'),$);
#1101=IFCPROPERTYSET('0le$mkpfqptNvo0kw9rHbs',#6,'Pset_ReinforcementBarPitchOfBeam',$,(#1100));
#1102=IFCRELDEFINESBYPROPERTIES('2h77gpijnXeO8Pmsy6gJXk',#6,$,$,(#1096),#1098);
#1103=IFCRELDEFINESBYPROPERTIES('10bvxdVNQdrlMps7wSR8Xc',#6,$,$,(#1096),#1099);
#1104=IFCRELDEFINESBYPROPERTIES('2xtWqfRYyzJlFh6Zozg49k',#6,$,$,(#1096),#1101);
#1105=IFCQUANTITYLENGTH('Length','',$,16566.000000000004,$);
#1106=IFCQUANTITYAREA('CrossSectionArea','',$,0.0092179206791775173,$);
#1107=IFCQUANTITYAREA('OuterSurfaceArea','',$,24.095759964779788,$);
#1108=IFCQUANTITYAREA('GrossSurfaceArea','',$,24.114195806138142,$);
#1109=IFCQUANTITYAREA('NetSurfaceArea','',$,24.114195806138145,$);
#1110=IFCQUANTITYVOLUME('GrossVolume','',$,0.15270407397125479,$);
#1111=IFCQUANTITYVOLUME('NetVolume','',$,0.15270180773008893,$);
#1112=IFCELEMENTQUANTITY('2XYzQVZg5d81B3XL0sXZm3',#6,'Qto_BeamBaseQuantities',$,$,(#1105,#1106,#1107,#1108,#1109,#1110,#1111));
#1113=IFCRELDEFINESBYPROPERTIES('2pvNdo_uo_rjI9qIOpff$v',#6,$,$,(#1096),#1112);
#1114=IFCMAPPEDITEM(#415,#60);
#1115=IFCSHAPEREPRESENTATION(#15,'Body','MappedRepresentation',(#1114));
#1116=IFCMAPPEDITEM(#417,#60);
#1117=IFCSHAPEREPRESENTATION(#14,'Axis','MappedRepresentation',(#1116));
#1118=IFCPRODUCTDEFINITIONSHAPE($,$,(#1115,#1117));
#1119=IFCCARTESIANPOINT((-1323.4434603824818,-2537.2191330917731,125.));
#1120=IFCAXIS2PLACEMENT3D(#1119,$,$);
#1121=IFCLOCALPLACEMENT(#32,#1120);
#1122=IFCBEAM('34uPudEKLEGhDrW322PD0Z',#6,'H-\X2\BCF4\X0\:H250X72.4:376198',$,$,#1121,#1118,'376198',.BEAM.);
#1123=IFCPROPERTYSINGLEVALUE('Span',$,IFCPOSITIVELENGTHMEASURE(17408.),$);
#1124=IFCPROPERTYSET('0ImKLqCaTyXIv_yOcbvT6u',#6,'Pset_BeamCommon',$,(#76,#77,#428,#430,#431,#1123));
#1125=IFCPROPERTYSET('0wb7$5JYCmYz_2DwkwbwzU',#6,'Pset_EnvironmentalImpactIndicators',$,(#428));
#1126=IFCPROPERTYSINGLEVALUE('Reference',$,IFCLABEL('H250X72.4'),$);
#1127=IFCPROPERTYSET('2VWbspiFWgIpqw7l_dhJZU',#6,'Pset_ReinforcementBarPitchOfBeam',$,(#1126));
#1128=IFCRELDEFINESBYPROPERTIES('07gpu9OntjKW9n3d4F74Uo',#6,$,$,(#1122),#1124);
#1129=IFCRELDEFINESBYPROPERTIES('2DJ$AcbaUbdD2taEfXA8Ta',#6,$,$,(#1122),#1125);
#1130=IFCRELDEFINESBYPROPERTIES('2ZMjmWWEbYexJ8czRJxPNo',#6,$,$,(#1122),#1127);
#1131=IFCQUANTITYLENGTH('Length','',$,16566.000000000004,$);
#1132=IFCQUANTITYAREA('CrossSectionArea','',$,0.0092179206791775173,$);
#1133=IFCQUANTITYAREA('OuterSurfaceArea','',$,24.095759964779788,$);
#1134=IFCQUANTITYAREA('GrossSurfaceArea','',$,24.114195806138142,$);
#1135=IFCQUANTITYAREA('NetSurfaceArea','',$,24.114195806138145,$);
#1136=IFCQUANTITYVOLUME('GrossVolume','',$,0.15270407397125479,$);
#1137=IFCQUANTITYVOLUME('NetVolume','',$,0.15270180773008893,$);
#1138=IFCELEMENTQUANTITY('1tkvSWBMbid76s6aA6IbUI',#6,'Qto_BeamBaseQuantities',$,$,(#1131,#1132,#1133,#1134,#1135,#1136,#1137));
#1139=IFCRELDEFINESBYPROPERTIES('2TkOMFtsxpOqZZnw3jKyw5',#6,$,$,(#1122),#1138);
#1140=IFCMAPPEDITEM(#415,#60);
#1141=IFCSHAPEREPRESENTATION(#15,'Body','MappedRepresentation',(#1140));
#1142=IFCMAPPEDITEM(#417,#60);
#1143=IFCSHAPEREPRESENTATION(#14,'Axis','MappedRepresentation',(#1142));
#1144=IFCPRODUCTDEFINITIONSHAPE($,$,(#1141,#1143));
#1145=IFCCARTESIANPOINT((-1323.4434603824884,-6537.219133091774,125.));
#1146=IFCAXIS2PLACEMENT3D(#1145,$,$);
#1147=IFCLOCALPLACEMENT(#32,#1146);
#1148=IFCBEAM('34uPudEKLEGhDrW322PD08',#6,'H-\X2\BCF4\X0\:H250X72.4:376237',$,$,#1147,#1144,'376237',.BEAM.);
#1149=IFCPROPERTYSINGLEVALUE('Span',$,IFCPOSITIVELENGTHMEASURE(17408.),$);
#1150=IFCPROPERTYSET('2U$OVF5uDhJWIJtasDgm1c',#6,'Pset_BeamCommon',$,(#76,#77,#428,#430,#431,#1149));
#1151=IFCPROPERTYSET('2MtaG8pzxDYUIVKLlvEfL8',#6,'Pset_EnvironmentalImpactIndicators',$,(#428));
#1152=IFCPROPERTYSINGLEVALUE('Reference',$,IFCLABEL('H250X72.4'),$);
#1153=IFCPROPERTYSET('3S$spKHn03wAxN0SAZvlRB',#6,'Pset_ReinforcementBarPitchOfBeam',$,(#1152));
#1154=IFCRELDEFINESBYPROPERTIES('370czDndCd8XuVDY4XbY2F',#6,$,$,(#1148),#1150);
#1155=IFCRELDEFINESBYPROPERTIES('3Yf_J5SiLGKo41n3qfKf1i',#6,$,$,(#1148),#1151);
#1156=IFCRELDEFINESBYPROPERTIES('1wX3xiN5fQkjsN4dZCHR9d',#6,$,$,(#1148),#1153);
#1157=IFCQUANTITYLENGTH('Length','',$,16566.000000000004,$);
#1158=IFCQUANTITYAREA('CrossSectionArea','',$,0.0092179206791775173,$);
#1159=IFCQUANTITYAREA('OuterSurfaceArea','',$,24.095759964779788,$);
#1160=IFCQUANTITYAREA('GrossSurfaceArea','',$,24.114195806138142,$);
#1161=IFCQUANTITYAREA('NetSurfaceArea','',$,24.114195806138145,$);
#1162=IFCQUANTITYVOLUME('GrossVolume','',$,0.15270407397125479,$);
#1163=IFCQUANTITYVOLUME('NetVolume','',$,0.15270180773008968,$);
#1164=IFCELEMENTQUANTITY('0jPJZEh0n$fdA9CF9M1dro',#6,'Qto_BeamBaseQuantities',$,$,(#1157,#1158,#1159,#1160,#1161,#1162,#1163));
#1165=IFCRELDEFINESBYPROPERTIES('3XWCTx_BvQW2dExpMFBCpw',#6,$,$,(#1148),#1164);
#1166=IFCMAPPEDITEM(#461,#60);
#1167=IFCSHAPEREPRESENTATION(#15,'Body','MappedRepresentation',(#1166));
#1168=IFCMAPPEDITEM(#463,#60);
#1169=IFCSHAPEREPRESENTATION(#14,'Axis','MappedRepresentation',(#1168));
#1170=IFCPRODUCTDEFINITIONSHAPE($,$,(#1167,#1169));
#1171=IFCCARTESIANPOINT((-5323.4434603824775,962.78086690824102,125.));
#1172=IFCAXIS2PLACEMENT3D(#1171,#43,#405);
#1173=IFCLOCALPLACEMENT(#32,#1172);
#1174=IFCBEAM('34uPudEKLEGhDrW322PD1k',#6,'H-\X2\BCF4\X0\:H250X72.4:376267',$,$,#1173,#1170,'376267',.BEAM.);
#1175=IFCPROPERTYSET('12Vyebh59GbufX9WmDyHnh',#6,'Pset_BeamCommon',$,(#76,#77,#428,#430,#431,#474));
#1176=IFCPROPERTYSET('2EVPFejzVGUv$_lunSC69j',#6,'Pset_EnvironmentalImpactIndicators',$,(#428));
#1177=IFCPROPERTYSINGLEVALUE('Reference',$,IFCLABEL('H250X72.4'),$);
#1178=IFCPROPERTYSET('2N_h8mRtWbpZm$g07P5Xw$',#6,'Pset_ReinforcementBarPitchOfBeam',$,(#1177));
#1179=IFCRELDEFINESBYPROPERTIES('2NJ7UES6jBJpDYEznRHNAO',#6,$,$,(#1174),#1175);
#1180=IFCRELDEFINESBYPROPERTIES('3qVdtRRYUVCRyi54rlr9c2',#6,$,$,(#1174),#1176);
#1181=IFCRELDEFINESBYPROPERTIES('3mBd_rqSAkJTO5S63Chuqe',#6,$,$,(#1174),#1178);
#1182=IFCQUANTITYLENGTH('Length','',$,14574.,$);
#1183=IFCQUANTITYAREA('CrossSectionArea','',$,0.0092179206791775173,$);
#1184=IFCQUANTITYAREA('OuterSurfaceArea','',$,21.198334282669357,$);
#1185=IFCQUANTITYAREA('GrossSurfaceArea','',$,21.216770124027711,$);
#1186=IFCQUANTITYAREA('NetSurfaceArea','',$,21.216770124027708,$);
#1187=IFCQUANTITYVOLUME('GrossVolume','',$,0.13434197597833314,$);
#1188=IFCQUANTITYVOLUME('NetVolume','',$,0.13433998224425486,$);
#1189=IFCELEMENTQUANTITY('3wOD62DCsb8tupbNvUP$Sy',#6,'Qto_BeamBaseQuantities',$,$,(#1182,#1183,#1184,#1185,#1186,#1187,#1188));
#1190=IFCRELDEFINESBYPROPERTIES('2stw2a23nKQmlWmblj12l5',#6,$,$,(#1174),#1189);
#1191=IFCMAPPEDITEM(#461,#60);
#1192=IFCSHAPEREPRESENTATION(#15,'Body','MappedRepresentation',(#1191));
#1193=IFCMAPPEDITEM(#463,#60);
#1194=IFCSHAPEREPRESENTATION(#14,'Axis','MappedRepresentation',(#1193));
#1195=IFCPRODUCTDEFINITIONSHAPE($,$,(#1192,#1194));
#1196=IFCCARTESIANPOINT((1176.5565396175218,962.78086690821931,125.));
#1197=IFCAXIS2PLACEMENT3D(#1196,#43,#405);
#1198=IFCLOCALPLACEMENT(#32,#1197);
#1199=IFCBEAM('34uPudEKLEGhDrW322PD1U',#6,'H-\X2\BCF4\X0\:H250X72.4:376315',$,$,#1198,#1195,'376315',.BEAM.);
#1200=IFCPROPERTYSET('226m09hoatjidkggz3ADsY',#6,'Pset_BeamCommon',$,(#76,#77,#428,#430,#431,#474));
#1201=IFCPROPERTYSET('1wiipCwT1Nkn$EdBc_J_fz',#6,'Pset_EnvironmentalImpactIndicators',$,(#428));
#1202=IFCPROPERTYSINGLEVALUE('Reference',$,IFCLABEL('H250X72.4'),$);
#1203=IFCPROPERTYSET('3ivjProii$lkQoYnCzz64I',#6,'Pset_ReinforcementBarPitchOfBeam',$,(#1202));
#1204=IFCRELDEFINESBYPROPERTIES('3ldtlNz4mhKyTzBkuDLA3v',#6,$,$,(#1199),#1200);
#1205=IFCRELDEFINESBYPROPERTIES('3Ze7fotoLKIShXzcDtHqjV',#6,$,$,(#1199),#1201);
#1206=IFCRELDEFINESBYPROPERTIES('2A_SUN2kT2K9n6TCHTWZZ2',#6,$,$,(#1199),#1203);
#1207=IFCQUANTITYLENGTH('Length','',$,14574.,$);
#1208=IFCQUANTITYAREA('CrossSectionArea','',$,0.0092179206791775173,$);
#1209=IFCQUANTITYAREA('OuterSurfaceArea','',$,21.198334282669357,$);
#1210=IFCQUANTITYAREA('GrossSurfaceArea','',$,21.216770124027711,$);
#1211=IFCQUANTITYAREA('NetSurfaceArea','',$,21.216770124027708,$);
#1212=IFCQUANTITYVOLUME('GrossVolume','',$,0.13434197597833314,$);
#1213=IFCQUANTITYVOLUME('NetVolume','',$,0.13433998224425475,$);
#1214=IFCELEMENTQUANTITY('1bkuhsH3IdePA7We31$6sM',#6,'Qto_BeamBaseQuantities',$,$,(#1207,#1208,#1209,#1210,#1211,#1212,#1213));
#1215=IFCRELDEFINESBYPROPERTIES('2OBnye2LjvqvIGdWSdjwn7',#6,$,$,(#1199),#1214);
#1216=IFCMAPPEDITEM(#461,#60);
#1217=IFCSHAPEREPRESENTATION(#15,'Body','MappedRepresentation',(#1216));
#1218=IFCMAPPEDITEM(#463,#60);
#1219=IFCSHAPEREPRESENTATION(#14,'Axis','MappedRepresentation',(#1218));
#1220=IFCPRODUCTDEFINITIONSHAPE($,$,(#1217,#1219));
#1221=IFCCARTESIANPOINT((7176.5565396175234,962.78086690819987,125.));
#1222=IFCAXIS2PLACEMENT3D(#1221,#43,#405);
#1223=IFCLOCALPLACEMENT(#32,#1222);
#1224=IFCBEAM('34uPudEKLEGhDrW322PDER',#6,'H-\X2\BCF4\X0\:H250X72.4:376382',$,$,#1223,#1220,'376382',.BEAM.);
#1225=IFCPROPERTYSET('0UeEqkpn64d1bbWNhd6_4n',#6,'Pset_BeamCommon',$,(#76,#77,#428,#430,#431,#474));
#1226=IFCPROPERTYSET('3ef8_V_mEtLJGjUXG7CjpF',#6,'Pset_EnvironmentalImpactIndicators',$,(#428));
#1227=IFCPROPERTYSINGLEVALUE('Reference',$,IFCLABEL('H250X72.4'),$);
#1228=IFCPROPERTYSET('0R48KMb4Ur0kjgg7ZMcNSh',#6,'Pset_ReinforcementBarPitchOfBeam',$,(#1227));
#1229=IFCRELDEFINESBYPROPERTIES('27hG3h4DSStH$FoobvwTZF',#6,$,$,(#1224),#1225);
#1230=IFCRELDEFINESBYPROPERTIES('0s0yK7mWQ2N3AyOTGtsRR$',#6,$,$,(#1224),#1226);
#1231=IFCRELDEFINESBYPROPERTIES('0iJfQRV0vVA3JmqSd9tWoj',#6,$,$,(#1224),#1228);
#1232=IFCQUANTITYLENGTH('Length','',$,14574.,$);
#1233=IFCQUANTITYAREA('CrossSectionArea','',$,0.0092179206791775173,$);
#1234=IFCQUANTITYAREA('OuterSurfaceArea','',$,21.198334282669357,$);
#1235=IFCQUANTITYAREA('GrossSurfaceArea','',$,21.216770124027711,$);
#1236=IFCQUANTITYAREA('NetSurfaceArea','',$,21.216770124027708,$);
#1237=IFCQUANTITYVOLUME('GrossVolume','',$,0.13434197597833314,$);
#1238=IFCQUANTITYVOLUME('NetVolume','',$,0.13433998224425486,$);
#1239=IFCELEMENTQUANTITY('12BcF_ztIaf57XIqk3mOU$',#6,'Qto_BeamBaseQuantities',$,$,(#1232,#1233,#1234,#1235,#1236,#1237,#1238));
#1240=IFCRELDEFINESBYPROPERTIES('20lxVXq_zenGW0K1Uwo4Su',#6,$,$,(#1224),#1239);
#1241=IFCCARTESIANPOINTLIST2D(((-9823.4434603824648,9397.3374084842326),(-9823.4434603824939,-9415.692102371162)));
#1242=IFCINDEXEDPOLYCURVE(#1241,$,.F.);
#1243=IFCGRIDAXIS('1',#1242,.T.);
#1244=IFCGEOMETRICCURVESET((#1242));
#1245=IFCCARTESIANPOINTLIST2D(((-5323.4434603824639,9397.3374084842271),(-5323.4434603824939,-9415.6921023711657)));
#1246=IFCINDEXEDPOLYCURVE(#1245,$,.F.);
#1247=IFCGRIDAXIS('2',#1246,.T.);
#1248=IFCGEOMETRICCURVESET((#1246));
#1249=IFCCARTESIANPOINTLIST2D(((1176.5565396175366,9397.3374084842144),(1176.5565396175061,-9415.6921023711802)));
#1250=IFCINDEXEDPOLYCURVE(#1249,$,.F.);
#1251=IFCGRIDAXIS('3',#1250,.T.);
#1252=IFCGEOMETRICCURVESET((#1250));
#1253=IFCCARTESIANPOINTLIST2D(((7176.5565396175371,9397.3374084842053),(7176.556539617507,-9415.6921023711911)));
#1254=IFCINDEXEDPOLYCURVE(#1253,$,.F.);
#1255=IFCGRIDAXIS('4',#1254,.T.);
#1256=IFCGEOMETRICCURVESET((#1254));
#1257=IFCCARTESIANPOINTLIST2D(((-11814.4552228704,8462.7808669082624),(10939.964919848861,8462.7808669081878)));
#1258=IFCINDEXEDPOLYCURVE(#1257,$,.F.);
#1259=IFCGRIDAXIS('A',#1258,.T.);
#1260=IFCGEOMETRICCURVESET((#1258));
#1261=IFCCARTESIANPOINTLIST2D(((-11814.455222870416,3462.7808669082619),(10939.964919848841,3462.7808669081883)));
#1262=IFCINDEXEDPOLYCURVE(#1261,$,.F.);
#1263=IFCGRIDAXIS('B',#1262,.T.);
#1264=IFCGEOMETRICCURVESET((#1262));
#1265=IFCCARTESIANPOINTLIST2D(((-11814.455222870436,-2537.2191330917385),(10939.96491984883,-2537.2191330918122)));
#1266=IFCINDEXEDPOLYCURVE(#1265,$,.F.);
#1267=IFCGRIDAXIS('C',#1266,.T.);
#1268=IFCGEOMETRICCURVESET((#1266));
#1269=IFCCARTESIANPOINTLIST2D(((-11814.455222870449,-6537.2191330917385),(10939.964919848808,-6537.2191330918122)));
#1270=IFCINDEXEDPOLYCURVE(#1269,$,.F.);
#1271=IFCGRIDAXIS('D',#1270,.T.);
#1272=IFCGEOMETRICCURVESET((#1270));
#1273=IFCSHAPEREPRESENTATION(#17,'FootPrint','GeometricCurveSet',(#1244,#1248,#1252,#1256,#1260,#1264,#1268,#1272));
#1274=IFCPRODUCTDEFINITIONSHAPE($,$,(#1273));
#1275=IFCLOCALPLACEMENT(#21,#23);
#1276=IFCGRID('0UJNRjoaBFjU4sLFmfcz0v',#6,'Default Grid',$,$,#1275,#1274,(#1243,#1247,#1251,#1255),(#1259,#1263,#1267,#1271),$,$);
#1277=IFCCARTESIANPOINTLIST2D(((-9823.4434603824648,9397.3374084842326),(-9823.4434603824939,-9415.692102371162)));
#1278=IFCINDEXEDPOLYCURVE(#1277,$,.F.);
#1279=IFCGRIDAXIS('1',#1278,.T.);
#1280=IFCGEOMETRICCURVESET((#1278));
#1281=IFCCARTESIANPOINTLIST2D(((-5323.4434603824639,9397.3374084842271),(-5323.4434603824939,-9415.6921023711657)));
#1282=IFCINDEXEDPOLYCURVE(#1281,$,.F.);
#1283=IFCGRIDAXIS('2',#1282,.T.);
#1284=IFCGEOMETRICCURVESET((#1282));
#1285=IFCCARTESIANPOINTLIST2D(((1176.5565396175366,9397.3374084842144),(1176.5565396175061,-9415.6921023711802)));
#1286=IFCINDEXEDPOLYCURVE(#1285,$,.F.);
#1287=IFCGRIDAXIS('3',#1286,.T.);
#1288=IFCGEOMETRICCURVESET((#1286));
#1289=IFCCARTESIANPOINTLIST2D(((7176.5565396175371,9397.3374084842053),(7176.556539617507,-9415.6921023711911)));
#1290=IFCINDEXEDPOLYCURVE(#1289,$,.F.);
#1291=IFCGRIDAXIS('4',#1290,.T.);
#1292=IFCGEOMETRICCURVESET((#1290));
#1293=IFCCARTESIANPOINTLIST2D(((-11814.4552228704,8462.7808669082624),(10939.964919848861,8462.7808669081878)));
#1294=IFCINDEXEDPOLYCURVE(#1293,$,.F.);
#1295=IFCGRIDAXIS('A',#1294,.T.);
#1296=IFCGEOMETRICCURVESET((#1294));
#1297=IFCCARTESIANPOINTLIST2D(((-11814.455222870416,3462.7808669082619),(10939.964919848841,3462.7808669081883)));
#1298=IFCINDEXEDPOLYCURVE(#1297,$,.F.);
#1299=IFCGRIDAXIS('B',#1298,.T.);
#1300=IFCGEOMETRICCURVESET((#1298));
#1301=IFCCARTESIANPOINTLIST2D(((-11814.455222870436,-2537.2191330917385),(10939.96491984883,-2537.2191330918122)));
#1302=IFCINDEXEDPOLYCURVE(#1301,$,.F.);
#1303=IFCGRIDAXIS('C',#1302,.T.);
#1304=IFCGEOMETRICCURVESET((#1302));
#1305=IFCCARTESIANPOINTLIST2D(((-11814.455222870449,-6537.2191330917385),(10939.964919848808,-6537.2191330918122)));
#1306=IFCINDEXEDPOLYCURVE(#1305,$,.F.);
#1307=IFCGRIDAXIS('D',#1306,.T.);
#1308=IFCGEOMETRICCURVESET((#1306));
#1309=IFCSHAPEREPRESENTATION(#17,'FootPrint','GeometricCurveSet',(#1280,#1284,#1288,#1292,#1296,#1300,#1304,#1308));
#1310=IFCPRODUCTDEFINITIONSHAPE($,$,(#1309));
#1311=IFCLOCALPLACEMENT(#21,#27);
#1312=IFCGRID('15OVH82jLxMf$njSwnbU4o',#6,'Default Grid',$,$,#1311,#1310,(#1279,#1283,#1287,#1291),(#1295,#1299,#1303,#1307),$,$);
#1313=IFCCARTESIANPOINTLIST2D(((-9823.4434603824648,9397.3374084842326),(-9823.4434603824939,-9415.692102371162)));
#1314=IFCINDEXEDPOLYCURVE(#1313,$,.F.);
#1315=IFCGRIDAXIS('1',#1314,.T.);
#1316=IFCGEOMETRICCURVESET((#1314));
#1317=IFCCARTESIANPOINTLIST2D(((-5323.4434603824639,9397.3374084842271),(-5323.4434603824939,-9415.6921023711657)));
#1318=IFCINDEXEDPOLYCURVE(#1317,$,.F.);
#1319=IFCGRIDAXIS('2',#1318,.T.);
#1320=IFCGEOMETRICCURVESET((#1318));
#1321=IFCCARTESIANPOINTLIST2D(((1176.5565396175366,9397.3374084842144),(1176.5565396175061,-9415.6921023711802)));
#1322=IFCINDEXEDPOLYCURVE(#1321,$,.F.);
#1323=IFCGRIDAXIS('3',#1322,.T.);
#1324=IFCGEOMETRICCURVESET((#1322));
#1325=IFCCARTESIANPOINTLIST2D(((7176.5565396175371,9397.3374084842053),(7176.556539617507,-9415.6921023711911)));
#1326=IFCINDEXEDPOLYCURVE(#1325,$,.F.);
#1327=IFCGRIDAXIS('4',#1326,.T.);
#1328=IFCGEOMETRICCURVESET((#1326));
#1329=IFCCARTESIANPOINTLIST2D(((-11814.4552228704,8462.7808669082624),(10939.964919848861,8462.7808669081878)));
#1330=IFCINDEXEDPOLYCURVE(#1329,$,.F.);
#1331=IFCGRIDAXIS('A',#1330,.T.);
#1332=IFCGEOMETRICCURVESET((#1330));
#1333=IFCCARTESIANPOINTLIST2D(((-11814.455222870416,3462.7808669082619),(10939.964919848841,3462.7808669081883)));
#1334=IFCINDEXEDPOLYCURVE(#1333,$,.F.);
#1335=IFCGRIDAXIS('B',#1334,.T.);
#1336=IFCGEOMETRICCURVESET((#1334));
#1337=IFCCARTESIANPOINTLIST2D(((-11814.455222870436,-2537.2191330917385),(10939.96491984883,-2537.2191330918122)));
#1338=IFCINDEXEDPOLYCURVE(#1337,$,.F.);
#1339=IFCGRIDAXIS('C',#1338,.T.);
#1340=IFCGEOMETRICCURVESET((#1338));
#1341=IFCCARTESIANPOINTLIST2D(((-11814.455222870449,-6537.2191330917385),(10939.964919848808,-6537.2191330918122)));
#1342=IFCINDEXEDPOLYCURVE(#1341,$,.F.);
#1343=IFCGRIDAXIS('D',#1342,.T.);
#1344=IFCGEOMETRICCURVESET((#1342));
#1345=IFCSHAPEREPRESENTATION(#17,'FootPrint','GeometricCurveSet',(#1316,#1320,#1324,#1328,#1332,#1336,#1340,#1344));
#1346=IFCPRODUCTDEFINITIONSHAPE($,$,(#1345));
#1347=IFCLOCALPLACEMENT(#21,#31);
#1348=IFCGRID('1dxmmsTzFFx9YtDQc2i54K',#6,'Default Grid',$,$,#1347,#1346,(#1315,#1319,#1323,#1327),(#1331,#1335,#1339,#1343),$,$);
#1349=IFCPROPERTYSINGLEVALUE('Reference',$,IFCIDENTIFIER('\X2\C0BCAC01D615\X0\ \X2\D5E4B4DC\X0\'),$);
#1350=IFCPROPERTYSINGLEVALUE('AboveGround',$,IFCLOGICAL(.U.),$);
#1351=IFCPROPERTYSET('2QFFSloDKLdASEirlNrsWG',#6,'Pset_BuildingStoreyCommon',$,(#1349,#1350));
#1352=IFCRELDEFINESBYPROPERTIES('24vWbHxUvnwTMhwrnGQFQP',#6,$,$,(#25),#1351);
#1353=IFCRELCONTAINEDINSPATIALSTRUCTURE('3Zu5Bv0LOHrPC10066FoQQ',#6,$,$,(#67,#92,#113,#134,#155,#176,#197,#218,#239,#260,#281,#302,#323,#344,#365,#386,#1276),#25);
#1354=IFCPROPERTYSET('2y6jqut2mGsxPM5c1zUPr2',#6,'Pset_BuildingStoreyCommon',$,(#1349,#1350));
#1355=IFCRELDEFINESBYPROPERTIES('03h9WtlPXy$ENv9AiS5UZC',#6,$,$,(#29),#1354);
#1356=IFCRELCONTAINEDINSPATIALSTRUCTURE('15Z0v90RiHrPC20066FoKR',#6,$,$,(#427,#473,#516,#544,#569,#595,#621,#647,#672,#706,#728,#749,#770,#791,#812,#833,#854,#875,#896,#917,#938,#959,#980,#1001,#1022,#1312),#29);
#1357=IFCPROPERTYSET('2anaJb_YbS6oqNAF6OV1Ef',#6,'Pset_BuildingStoreyCommon',$,(#1349,#1350));
#1358=IFCRELDEFINESBYPROPERTIES('2FY64WmkPdQm3UrzCdONiF',#6,$,$,(#33),#1357);
#1359=IFCRELCONTAINEDINSPATIALSTRUCTURE('2f8iFA0df7ZPu5SyxdxL0T',#6,$,$,(#1045,#1071,#1096,#1122,#1148,#1174,#1199,#1224,#1348),#33);
#1360=IFCRELAGGREGATES('0N5_JZ9xPJ_vtGS93LpdIQ',#6,$,$,#18,(#36));
#1361=IFCRELAGGREGATES('0j6tvtjruoI92_vu5jBiDu',#6,$,$,#36,(#22));
#1362=IFCRELAGGREGATES('27PCKGLxT4mxtV9cw6mgBW',#6,$,$,#22,(#25,#29,#33));
#1363=IFCPROPERTYSINGLEVALUE('NumberOfStoreys',$,IFCINTEGER(3),$);
#1364=IFCPROPERTYSINGLEVALUE('IsLandmarked',$,IFCLOGICAL(.U.),$);
#1365=IFCPROPERTYSET('1gfAUNbdzfnphNnnHSi62D',#6,'Pset_BuildingCommon',$,(#37,#1363,#1364));
#1366=IFCRELDEFINESBYPROPERTIES('1ijQogTXb4o8YxlsIotO6y',#6,$,$,(#22),#1365);
#1367=IFCRELASSOCIATESMATERIAL('23p1AZIgxnbTjduqjthAfZ',#6,$,$,(#58,#67,#92,#113,#134,#155,#176,#197,#218,#239,#260,#281,#302,#323,#344,#365,#386,#418,#427,#464,#473,#507,#516,#544,#569,#595,#621,#647,#672,#699,#706,#728,#749,#770,#791,#812,#833,#854,#875,#896,#917,#938,#959,#980,#1001,#1022,#1045,#1071,#1096,#1122,#1148,#1174,#1199,#1224),#59);
#1368=IFCRELDEFINESBYTYPE('2XpuxeUE1m1ifftjidZXLZ',#6,$,$,(#67,#92,#113,#134,#155,#176,#197,#218,#239,#260,#281,#302,#323,#344,#365,#386),#58);
#1369=IFCRELDEFINESBYTYPE('1I1iAfCUIRwQvbjj0WDeCu',#6,$,$,(#427,#569,#595,#621,#1045,#1096,#1122,#1148),#418);
#1370=IFCRELDEFINESBYTYPE('3xO55KBY3HtjIn0mRIi0OQ',#6,$,$,(#473,#544,#647,#672,#1071,#1174,#1199,#1224),#464);
#1371=IFCRELDEFINESBYTYPE('1m_oF32aNLiXI_LE1hQD9w',#6,$,$,(#516),#507);
#1372=IFCRELDEFINESBYTYPE('2Md6wkG7rjatBhf$DuyroY',#6,$,$,(#706,#728,#749,#770,#791,#812,#833,#854,#875,#896,#917,#938,#959,#980,#1001,#1022),#699);
#1373=IFCPRESENTATIONLAYERASSIGNMENT('S-COLS-____-OTLN',$,(#55,#62,#87,#108,#129,#150,#171,#192,#213,#234,#255,#276,#297,#318,#339,#360,#381,#696,#701,#723,#744,#765,#786,#807,#828,#849,#870,#891,#912,#933,#954,#975,#996,#1017),$);
#1374=IFCPRESENTATIONLAYERASSIGNMENT('S-BEAM-____-OTLN',$,(#410,#413,#420,#422,#456,#459,#466,#468,#499,#502,#509,#511,#536,#538,#562,#564,#588,#590,#614,#616,#640,#642,#665,#667,#1038,#1040,#1064,#1066,#1089,#1091,#1115,#1117,#1141,#1143,#1167,#1169,#1192,#1194,#1217,#1219),$);
#1375=IFCPRESENTATIONLAYERASSIGNMENT('S-GRID-____-OTLN',$,(#1273,#1309,#1345),$);
#1376=IFCUNITASSIGNMENT((#7,#8,#9,#50));
ENDSEC;

END-ISO-10303-21;